name ts   x y z   roll pitch yaw  err delay
HR_6 1787064779.762432000 1.000000   5.81965e-13 0.225171 -2.67567e-12   2.54954e-08 -2.98406e-17 0.0001   3e-06
QR_4 1787064779.762432000 -1.000000   2.22045e-16 0.0299999 7.82843e-18   5.12991e-10 1.80046e-18 0.0001   3e-06
HR_6 1787064779.772426000 1.000000   5.82326e-13 0.225181 -2.67744e-12   2.55122e-08 -2.98389e-17 0.0001   2e-06
QR_4 1787064779.772426000 -1.000000   2.22045e-16 0.0299999 7.82843e-18   5.12991e-10 1.80046e-18 0.0001   2e-06
HR_6 1787064779.782426000 1.000000   5.82853e-13 0.225193 -2.67955e-12   2.55323e-08 -2.98364e-17 0.0001   7e-06
QR_4 1787064779.782426000 -1.000000   2.22045e-16 0.0299999 7.82843e-18   5.12991e-10 1.80046e-18 0.0001   7e-06
HR_6 1787064779.792426000 1.000000   5.83117e-13 0.225201 -2.68096e-12   2.55458e-08 -2.9847e-17 0.0001   1.9e-05
QR_4 1787064779.792426000 -1.000000   2.22045e-16 0.0299999 7.82843e-18   5.12991e-10 1.80046e-18 0.0001   1.9e-05
HR_6 1787064779.802408000 1.000000   5.83408e-13 0.225207 -2.68202e-12   2.55559e-08 -2.98361e-17 0.0001   3e-06
QR_4 1787064779.802408000 -1.000000   2.22045e-16 0.0299999 7.82843e-18   5.12991e-10 1.80046e-18 0.0001   3e-06
HR_6 1787064779.812409000 1.000000   5.83728e-13 0.225215 -2.68343e-12   2.55693e-08 -2.98483e-17 0.0001   0.000155
QR_4 1787064779.812409000 -1.000000   2.22045e-16 0.0299999 7.82843e-18   5.12991e-10 1.80046e-18 0.0001   0.000155
HR_6 1787064779.822409000 1.000000   5.84088e-13 0.225225 -2.6852e-12   2.55861e-08 -2.98662e-17 0.0001   2.5e-05
QR_4 1787064779.822409000 -1.000000   2.22045e-16 0.0299999 7.82843e-18   5.12991e-10 1.80046e-18 0.0001   2.5e-05
HR_6 1787064779.832409000 1.000000   5.84519e-13 0.225235 -2.68696e-12   2.56029e-08 -2.98013e-17 0.0001   9.9e-05
QR_4 1787064779.832409000 -1.000000   2.22045e-16 0.0299999 7.82843e-18   5.12991e-10 1.80046e-18 0.0001   9.9e-05
HR_6 1787064779.842409000 1.000000   5.84838e-13 0.225243 -2.68837e-12   2.56164e-08 -2.97987e-17 0.0001   0.000184
QR_4 1787064779.842409000 -1.000000   2.22045e-16 0.0299999 7.82843e-18   5.12991e-10 1.80046e-18 0.0001   0.000184
HR_6 1787064779.852409000 1.000000   5.85115e-13 0.225251 -2.68978e-12   2.56298e-08 -2.97979e-17 0.0001   4.2e-05
QR_4 1787064779.852409000 -1.000000   2.22045e-16 0.0299999 7.82843e-18   5.12991e-10 1.80046e-18 0.0001   4.2e-05
HR_6 1787064779.862409000 1.000000   5.85393e-13 0.225257 -2.69084e-12   2.56399e-08 -2.982e-17 0.0001   0.000234
QR_4 1787064779.862409000 -1.000000   2.22045e-16 0.0299999 7.82843e-18   5.12991e-10 1.80046e-18 0.0001   0.000234
HR_6 1787064779.872409000 1.000000   5.8567e-13 0.225265 -2.69225e-12   2.56533e-08 -2.97655e-17 0.0001   0.000454
QR_4 1787064779.872409000 -1.000000   2.22045e-16 0.0299999 7.82843e-18   5.12991e-10 1.80046e-18 0.0001   0.000454
HR_6 1787064779.882409000 1.000000   5.86087e-13 0.225275 -2.69401e-12   2.56701e-08 -2.97212e-17 0.0001   4.6e-05
QR_4 1787064779.882409000 -1.000000   2.22045e-16 0.0299999 7.82843e-18   5.12991e-10 1.80046e-18 0.0001   4.6e-05
HR_6 1787064779.892409000 1.000000   5.86503e-13 0.225285 -2.69578e-12   2.56869e-08 -2.97065e-17 0.0001   4.4e-05
QR_4 1787064779.892409000 -1.000000   2.22045e-16 0.0299999 7.82843e-18   5.12991e-10 1.80046e-18 0.0001   4.4e-05
HR_6 1787064779.902409000 1.000000   5.86781e-13 0.225293 -2.69719e-12   2.57004e-08 -2.97105e-17 0.0001   2.5e-05
QR_4 1787064779.902409000 -1.000000   2.22045e-16 0.0299999 7.82843e-18   5.12991e-10 1.80046e-18 0.0001   2.5e-05
HR_6 1787064779.912410000 1.000000   5.87197e-13 0.225303 -2.69895e-12   2.57172e-08 -2.97024e-17 0.0001   3.4e-05
QR_4 1787064779.912410000 -1.000000   2.22045e-16 0.0299999 7.82843e-18   5.12991e-10 1.80046e-18 0.0001   3.4e-05
HR_6 1787064779.922410000 1.000000   5.87516e-13 0.225311 -2.70036e-12   2.57306e-08 -2.97579e-17 0.0001   4.2e-05
QR_4 1787064779.922410000 -1.000000   2.22045e-16 0.0299999 7.82843e-18   5.12991e-10 1.80046e-18 0.0001   4.2e-05
HR_6 1787064779.932410000 1.000000   5.87752e-13 0.225317 -2.70142e-12   2.57407e-08 -2.97285e-17 0.0001   5.7e-05
QR_4 1787064779.932410000 -1.000000   2.22045e-16 0.0299999 7.82843e-18   5.12991e-10 1.80046e-18 0.0001   5.7e-05
HR_6 1787064779.942410000 1.000000   5.88168e-13 0.225327 -2.70318e-12   2.57575e-08 -2.97296e-17 0.0001   5.4e-05
QR_4 1787064779.942410000 -1.000000   2.22045e-16 0.0299999 7.82843e-18   5.12991e-10 1.80046e-18 0.0001   5.4e-05
HR_6 1787064779.952410000 1.000000   5.88543e-13 0.225337 -2.70494e-12   2.57743e-08 -2.97226e-17 0.0001   2.8e-05
QR_4 1787064779.952410000 -1.000000   2.22045e-16 0.0299999 7.82843e-18   5.12991e-10 1.80046e-18 0.0001   2.8e-05
HR_6 1787064779.962410000 1.000000   5.88862e-13 0.225345 -2.70636e-12   2.57877e-08 -2.96976e-17 0.0001   6.4e-05
QR_4 1787064779.962410000 -1.000000   2.22045e-16 0.0299999 7.82843e-18   5.12991e-10 1.80046e-18 0.0001   6.4e-05
HR_6 1787064779.972410000 1.000000   5.89279e-13 0.225355 -2.70812e-12   2.58045e-08 -2.97201e-17 0.0001   2.7e-05
QR_4 1787064779.972410000 -1.000000   2.22045e-16 0.0299999 7.82843e-18   5.12991e-10 1.80046e-18 0.0001   2.7e-05
HR_6 1787064779.982410000 1.000000   5.89653e-13 0.225365 -2.70988e-12   2.58213e-08 -2.97113e-17 0.0001   3.1e-05
QR_4 1787064779.982410000 -1.000000   2.22045e-16 0.0299999 7.82843e-18   5.12991e-10 1.80046e-18 0.0001   3.1e-05
HR_6 1787064779.992410000 1.000000   5.9007e-13 0.225375 -2.71165e-12   2.58381e-08 -2.97616e-17 0.0001   1.7e-05
QR_4 1787064779.992410000 -1.000000   2.22045e-16 0.0299999 7.82843e-18   5.12991e-10 1.80046e-18 0.0001   1.7e-05
HR_6 1787064780.002410000 1.000000   5.9043e-13 0.225385 -2.71341e-12   2.58549e-08 -2.97832e-17 0.0001   1.8e-05
QR_4 1787064780.002410000 -1.000000   2.22045e-16 0.0299999 7.82843e-18   5.12991e-10 1.80046e-18 0.0001   1.8e-05
HR_6 1787064780.012411000 1.000000   5.90861e-13 0.225395 -2.71517e-12   2.58717e-08 -2.9812e-17 0.0001   3.5e-05
QR_4 1787064780.012411000 -1.000000   2.22045e-16 0.0299999 7.82843e-18   5.12991e-10 1.80046e-18 0.0001   3.5e-05
HR_6 1787064780.022411000 1.000000   5.91083e-13 0.225401 -2.71623e-12   2.58818e-08 -2.98342e-17 0.0001   4.1e-05
QR_4 1787064780.022411000 -1.000000   2.22045e-16 0.0299999 7.82843e-18   5.12991e-10 1.80046e-18 0.0001   4.1e-05
HR_6 1787064780.032411000 1.000000   5.91513e-13 0.225411 -2.71799e-12   2.58986e-08 -2.98188e-17 0.0001   2.9e-05
QR_4 1787064780.032411000 -1.000000   2.22045e-16 0.0299999 7.82843e-18   5.12991e-10 1.80046e-18 0.0001   2.9e-05
HR_6 1787064780.042411000 1.000000   5.91874e-13 0.225421 -2.71976e-12   2.59154e-08 -2.97624e-17 0.0001   1.7e-05
QR_4 1787064780.042411000 -1.000000   2.22045e-16 0.0299999 7.82843e-18   5.12991e-10 1.80046e-18 0.0001   1.7e-05
HR_6 1787064780.052411000 1.000000   5.9229e-13 0.225431 -2.72152e-12   2.59322e-08 -2.96605e-17 0.0001   1.5e-05
QR_4 1787064780.052411000 -1.000000   2.22045e-16 0.0299999 7.82843e-18   5.12991e-10 1.80046e-18 0.0001   1.5e-05
HR_6 1787064780.062411000 1.000000   5.92665e-13 0.225441 -2.72328e-12   2.5949e-08 -2.96554e-17 0.0001   1.4e-05
QR_4 1787064780.062411000 -1.000000   2.22045e-16 0.0299999 7.82843e-18   5.12991e-10 1.80046e-18 0.0001   1.4e-05
HR_6 1787064780.072411000 1.000000   5.93081e-13 0.225451 -2.72505e-12   2.59658e-08 -2.96331e-17 0.0001   5.3e-05
QR_4 1787064780.072411000 -1.000000   2.22045e-16 0.0299999 7.82843e-18   5.12991e-10 1.80046e-18 0.0001   5.3e-05
HR_6 1787064780.082411000 1.000000   5.93497e-13 0.225461 -2.72681e-12   2.59826e-08 -2.96595e-17 0.0001   0.000268
QR_4 1787064780.082411000 -1.000000   2.22045e-16 0.0299999 7.82843e-18   5.12991e-10 1.80046e-18 0.0001   0.000268
HR_6 1787064780.092411000 1.000000   5.93872e-13 0.225471 -2.72857e-12   2.59994e-08 -2.96064e-17 0.0001   4.4e-05
QR_4 1787064780.092411000 -1.000000   2.22045e-16 0.0299999 7.82843e-18   5.12991e-10 1.80046e-18 0.0001   4.4e-05
HR_6 1787064780.102411000 1.000000   5.94053e-13 0.225475 -2.72928e-12   2.60062e-08 -2.96208e-17 0.0001   0.000991
QR_4 1787064780.102411000 -1.000000   2.22045e-16 0.0299999 7.82843e-18   5.12991e-10 1.80046e-18 0.0001   0.000991
HR_6 1787064780.112412000 1.000000   5.94427e-13 0.225485 -2.73104e-12   2.6023e-08 -2.95921e-17 0.0001   4.8e-05
QR_4 1787064780.112412000 -1.000000   2.22045e-16 0.0299999 7.82843e-18   5.12991e-10 1.80046e-18 0.0001   4.8e-05
HR_6 1787064780.122412000 1.000000   5.94844e-13 0.225495 -2.73281e-12   2.60398e-08 -2.96187e-17 0.0001   0.00138
QR_4 1787064780.122412000 -1.000000   2.22045e-16 0.0299999 7.82843e-18   5.12991e-10 1.80046e-18 0.0001   0.00138
HR_6 1787064780.132412000 1.000000   5.94982e-13 0.225499 -2.73351e-12   2.60465e-08 -2.9627e-17 0.0001   1.1e-05
QR_4 1787064780.132412000 -1.000000   2.22045e-16 0.0299999 7.82843e-18   5.12991e-10 1.80046e-18 0.0001   1.1e-05
HR_6 1787064780.142412000 1.000000   5.95399e-13 0.225509 -2.73527e-12   2.60633e-08 -2.96803e-17 0.0001   4.1e-05
QR_4 1787064780.142412000 -1.000000   2.22045e-16 0.0299999 7.82843e-18   5.12991e-10 1.80046e-18 0.0001   4.1e-05
HR_6 1787064780.152412000 1.000000   5.9576e-13 0.225519 -2.73704e-12   2.60801e-08 -2.9719e-17 0.0001   6e-06
QR_4 1787064780.152412000 -1.000000   2.22045e-16 0.0299999 7.82843e-18   5.12991e-10 1.80046e-18 0.0001   6e-06
HR_6 1787064780.162412000 1.000000   5.96093e-13 0.225527 -2.73845e-12   2.60935e-08 -2.97514e-17 0.0001   0.000713
QR_4 1787064780.162412000 -1.000000   2.22045e-16 0.0299999 7.82843e-18   5.12991e-10 1.80046e-18 0.0001   0.000713
HR_6 1787064780.172412000 1.000000   5.96412e-13 0.225535 -2.73986e-12   2.6107e-08 -2.97164e-17 0.0001   8e-06
QR_4 1787064780.172412000 -1.000000   2.22045e-16 0.0299999 7.82843e-18   5.12991e-10 1.80046e-18 0.0001   8e-06
HR_6 1787064780.182412000 1.000000   5.96745e-13 0.225543 -2.74127e-12   2.61204e-08 -2.97588e-17 0.0001   2.4e-05
QR_4 1787064780.182412000 -1.000000   2.22045e-16 0.0299999 7.82843e-18   5.12991e-10 1.80046e-18 0.0001   2.4e-05
HR_6 1787064780.192412000 1.000000   5.97064e-13 0.225551 -2.74268e-12   2.61339e-08 -2.97904e-17 0.0001   1.9e-05
QR_4 1787064780.192412000 -1.000000   2.22045e-16 0.0299999 7.82843e-18   5.12991e-10 1.80046e-18 0.0001   1.9e-05
HR_6 1787064780.202412000 1.000000   5.97425e-13 0.225561 -2.74444e-12   2.61507e-08 -2.97797e-17 0.0001   2.9e-05
QR_4 1787064780.202412000 -1.000000   2.22045e-16 0.0299999 7.82843e-18   5.12991e-10 1.80046e-18 0.0001   2.9e-05
HR_6 1787064780.212413000 1.000000   5.97758e-13 0.225569 -2.74585e-12   2.61641e-08 -2.97816e-17 0.0001   2.3e-05
QR_4 1787064780.212413000 -1.000000   2.22045e-16 0.0299999 7.82843e-18   5.12991e-10 1.80046e-18 0.0001   2.3e-05
HR_6 1787064780.222413000 1.000000   5.98077e-13 0.225577 -2.74726e-12   2.61775e-08 -2.97334e-17 0.0001   0.000141
QR_4 1787064780.222413000 -1.000000   2.22045e-16 0.0299999 7.82843e-18   5.12991e-10 1.80046e-18 0.0001   0.000141
HR_6 1787064780.232413000 1.000000   5.9841e-13 0.225585 -2.74868e-12   2.6191e-08 -2.96703e-17 0.0001   2.3e-05
QR_4 1787064780.232413000 -1.000000   2.22045e-16 0.0299999 7.82843e-18   5.12991e-10 1.80046e-18 0.0001   2.3e-05
HR_6 1787064780.242413000 1.000000   5.98868e-13 0.225597 -2.75079e-12   2.62112e-08 -2.96656e-17 0.0001   7.7e-05
QR_4 1787064780.242413000 -1.000000   2.22045e-16 0.0299999 7.82843e-18   5.12991e-10 1.80046e-18 0.0001   7.7e-05
HR_6 1787064780.252413000 1.000000   5.99201e-13 0.225605 -2.7522e-12   2.62246e-08 -2.97033e-17 0.0001   0.001149
QR_4 1787064780.252413000 -1.000000   2.22045e-16 0.0299999 7.82843e-18   5.12991e-10 1.80046e-18 0.0001   0.001149
HR_6 1787064780.262413000 1.000000   5.99618e-13 0.225615 -2.75397e-12   2.62414e-08 -2.96812e-17 0.0001   3.5e-05
QR_4 1787064780.262413000 -1.000000   2.22045e-16 0.0299999 7.82843e-18   5.12991e-10 1.80046e-18 0.0001   3.5e-05
HR_6 1787064780.272413000 1.000000   5.99978e-13 0.225625 -2.75573e-12   2.62582e-08 -2.96743e-17 0.0001   1.7e-05
QR_4 1787064780.272413000 -1.000000   2.22045e-16 0.0299999 7.82843e-18   5.12991e-10 1.80046e-18 0.0001   1.7e-05
HR_6 1787064780.282413000 1.000000   6.00214e-13 0.225631 -2.75679e-12   2.62683e-08 -2.96652e-17 0.0001   3.5e-05
QR_4 1787064780.282413000 -1.000000   2.22045e-16 0.0299999 7.82843e-18   5.12991e-10 1.80046e-18 0.0001   3.5e-05
HR_6 1787064780.292413000 1.000000   6.00534e-13 0.225639 -2.7582e-12   2.62817e-08 -2.96247e-17 0.0001   1.5e-05
QR_4 1787064780.292413000 -1.000000   2.22045e-16 0.0299999 7.82843e-18   5.12991e-10 1.80046e-18 0.0001   1.5e-05
HR_6 1787064780.302413000 1.000000   6.01047e-13 0.225651 -2.76031e-12   2.63019e-08 -2.95695e-17 0.0001   3.4e-05
QR_4 1787064780.302413000 -1.000000   2.22045e-16 0.0299999 7.82843e-18   5.12991e-10 1.80046e-18 0.0001   3.4e-05
HR_6 1787064780.312414000 1.000000   6.01422e-13 0.225661 -2.76208e-12   2.63187e-08 -2.95638e-17 0.0001   0.003357
QR_4 1787064780.312414000 -1.000000   2.22045e-16 0.0299999 7.82843e-18   5.12991e-10 1.80046e-18 0.0001   0.003357
HR_6 1787064780.322414000 1.000000   6.01644e-13 0.225667 -2.76313e-12   2.63288e-08 -2.9559e-17 0.0001   3.6e-05
QR_4 1787064780.322414000 -1.000000   2.22045e-16 0.0299999 7.82843e-18   5.12991e-10 1.80046e-18 0.0001   3.6e-05
HR_6 1787064780.332414000 1.000000   6.02074e-13 0.225677 -2.7649e-12   2.63456e-08 -2.95715e-17 0.0001   7.6e-05
QR_4 1787064780.332414000 -1.000000   2.22045e-16 0.0299999 7.82843e-18   5.12991e-10 1.80046e-18 0.0001   7.6e-05
HR_6 1787064780.342414000 1.000000   6.02393e-13 0.225685 -2.76631e-12   2.6359e-08 -2.95964e-17 0.0001   7.9e-05
QR_4 1787064780.342414000 -1.000000   2.22045e-16 0.0299999 7.82843e-18   5.12991e-10 1.80046e-18 0.0001   7.9e-05
HR_6 1787064780.352414000 1.000000   6.02726e-13 0.225693 -2.76772e-12   2.63724e-08 -2.95627e-17 0.0001   7.9e-05
QR_4 1787064780.352414000 -1.000000   2.22045e-16 0.0299999 7.82843e-18   5.12991e-10 1.80046e-18 0.0001   7.9e-05
HR_6 1787064780.362414000 1.000000   6.03045e-13 0.225701 -2.76913e-12   2.63859e-08 -2.96421e-17 0.0001   3.8e-05
QR_4 1787064780.362414000 -1.000000   2.22045e-16 0.0299999 7.82843e-18   5.12991e-10 1.80046e-18 0.0001   3.8e-05
HR_6 1787064780.372414000 1.000000   6.03406e-13 0.225711 -2.77089e-12   2.64027e-08 -2.96684e-17 0.0001   3.8e-05
QR_4 1787064780.372414000 -1.000000   2.22045e-16 0.0299999 7.82843e-18   5.12991e-10 1.80046e-18 0.0001   3.8e-05
HR_6 1787064780.382414000 1.000000   6.03739e-13 0.225719 -2.7723e-12   2.64161e-08 -2.97637e-17 0.0001   5e-05
QR_4 1787064780.382414000 -1.000000   2.22045e-16 0.0299999 7.82843e-18   5.12991e-10 1.80046e-18 0.0001   5e-05
HR_6 1787064780.392414000 1.000000   6.04156e-13 0.225729 -2.77407e-12   2.64329e-08 -2.97762e-17 0.0001   0.000151
QR_4 1787064780.392414000 -1.000000   2.22045e-16 0.0299999 7.82843e-18   5.12991e-10 1.80046e-18 0.0001   0.000151
HR_6 1787064780.402414000 1.000000   6.0453e-13 0.225739 -2.77583e-12   2.64497e-08 -2.98118e-17 0.0001   0.000161
QR_4 1787064780.402414000 -1.000000   2.22045e-16 0.0299999 7.82843e-18   5.12991e-10 1.80046e-18 0.0001   0.000161
HR_6 1787064780.412415000 1.000000   6.0485e-13 0.225747 -2.77724e-12   2.64632e-08 -2.98464e-17 0.0001   8.9e-05
QR_4 1787064780.412415000 -1.000000   2.22045e-16 0.0299999 7.82843e-18   5.12991e-10 1.80046e-18 0.0001   8.9e-05
HR_6 1787064780.422415000 1.000000   6.05266e-13 0.225757 -2.779e-12   2.648e-08 -2.99289e-17 0.0001   2.5e-05
QR_4 1787064780.422415000 -1.000000   2.22045e-16 0.0299999 7.82843e-18   5.12991e-10 1.80046e-18 0.0001   2.5e-05
HR_6 1787064780.432415000 1.000000   6.05543e-13 0.225765 -2.78041e-12   2.64934e-08 -2.9989e-17 0.0001   0.001986
QR_4 1787064780.432415000 -1.000000   2.22045e-16 0.0299999 7.82843e-18   5.12991e-10 1.80046e-18 0.0001   0.001986
HR_6 1787064780.442415000 1.000000   6.05863e-13 0.225773 -2.78183e-12   2.65069e-08 -3.00899e-17 0.0001   5.3e-05
QR_4 1787064780.442415000 -1.000000   2.22045e-16 0.0299999 7.82843e-18   5.12991e-10 1.80046e-18 0.0001   5.3e-05
HR_6 1787064780.452415000 1.000000   6.06293e-13 0.225783 -2.78359e-12   2.65237e-08 -3.01249e-17 0.0001   8e-06
QR_4 1787064780.452415000 -1.000000   2.22045e-16 0.0299999 7.82843e-18   5.12991e-10 1.80046e-18 0.0001   8e-06
HR_6 1787064780.462415000 1.000000   6.06612e-13 0.225791 -2.785e-12   2.65371e-08 -3.02038e-17 0.0001   5.5e-05
QR_4 1787064780.462415000 -1.000000   2.22045e-16 0.0299999 7.82843e-18   5.12991e-10 1.80046e-18 0.0001   5.5e-05
HR_6 1787064780.472415000 1.000000   6.06987e-13 0.225801 -2.78676e-12   2.65539e-08 -3.02088e-17 0.0001   1.3e-05
QR_4 1787064780.472415000 -1.000000   2.22045e-16 0.0299999 7.82843e-18   5.12991e-10 1.80046e-18 0.0001   1.3e-05
HR_6 1787064780.482415000 1.000000   6.07403e-13 0.225811 -2.78853e-12   2.65707e-08 -3.02205e-17 0.0001   0.002213
QR_4 1787064780.482415000 -1.000000   2.22045e-16 0.0299999 7.82843e-18   5.12991e-10 1.80046e-18 0.0001   0.002213
HR_6 1787064780.492415000 1.000000   6.07625e-13 0.225817 -2.78958e-12   2.65808e-08 -3.02182e-17 0.0001   0.000964
QR_4 1787064780.492415000 -1.000000   2.22045e-16 0.0299999 7.82843e-18   5.12991e-10 1.80046e-18 0.0001   0.000964
HR_6 1787064780.502415000 1.000000   6.08055e-13 0.225827 -2.79135e-12   2.65976e-08 -3.0252e-17 0.0001   1e-05
QR_4 1787064780.502415000 -1.000000   2.22045e-16 0.0299999 7.82843e-18   5.12991e-10 1.80046e-18 0.0001   1e-05
HR_6 1787064780.512416000 1.000000   6.08374e-13 0.225835 -2.79276e-12   2.6611e-08 -3.02468e-17 0.0001   5.5e-05
QR_4 1787064780.512416000 -1.000000   2.22045e-16 0.0299999 7.82843e-18   5.12991e-10 1.80046e-18 0.0001   5.5e-05
HR_6 1787064780.522416000 1.000000   6.08652e-13 0.225843 -2.79417e-12   2.66245e-08 -3.02133e-17 0.0001   3.7e-05
QR_4 1787064780.522416000 -1.000000   2.22045e-16 0.0299999 7.82843e-18   5.12991e-10 1.80046e-18 0.0001   3.7e-05
HR_6 1787064780.532416000 1.000000   6.0893e-13 0.225849 -2.79523e-12   2.66346e-08 -3.02537e-17 0.0001   6e-05
QR_4 1787064780.532416000 -1.000000   2.22045e-16 0.0299999 7.82843e-18   5.12991e-10 1.80046e-18 0.0001   6e-05
HR_6 1787064780.542416000 1.000000   6.09401e-13 0.225861 -2.79734e-12   2.66547e-08 -3.02951e-17 0.0001   2.1e-05
QR_4 1787064780.542416000 -1.000000   2.22045e-16 0.0299999 7.82843e-18   5.12991e-10 1.80046e-18 0.0001   2.1e-05
HR_6 1787064780.552416000 1.000000   6.09762e-13 0.225871 -2.79911e-12   2.66715e-08 -3.02493e-17 0.0001   1.1e-05
QR_4 1787064780.552416000 -1.000000   2.22045e-16 0.0299999 7.82843e-18   5.12991e-10 1.80046e-18 0.0001   1.1e-05
HR_6 1787064780.562416000 1.000000   6.10081e-13 0.225879 -2.80052e-12   2.6685e-08 -3.02282e-17 0.0001   2.6e-05
QR_4 1787064780.562416000 -1.000000   2.22045e-16 0.0299999 7.82843e-18   5.12991e-10 1.80046e-18 0.0001   2.6e-05
HR_6 1787064780.572416000 1.000000   6.10512e-13 0.225889 -2.80228e-12   2.67018e-08 -3.01537e-17 0.0001   3.1e-05
QR_4 1787064780.572416000 -1.000000   2.22045e-16 0.0299999 7.82843e-18   5.12991e-10 1.80046e-18 0.0001   3.1e-05
HR_6 1787064780.582416000 1.000000   6.10928e-13 0.225899 -2.80404e-12   2.67186e-08 -3.01406e-17 0.0001   2.8e-05
QR_4 1787064780.582416000 -1.000000   2.22045e-16 0.0299999 7.82843e-18   5.12991e-10 1.80046e-18 0.0001   2.8e-05
HR_6 1787064780.592416000 1.000000   6.11164e-13 0.225905 -2.8051e-12   2.67287e-08 -3.01769e-17 0.0001   1.7e-05
QR_4 1787064780.592416000 -1.000000   2.22045e-16 0.0299999 7.82843e-18   5.12991e-10 1.80046e-18 0.0001   1.7e-05
HR_6 1787064780.602416000 1.000000   6.11525e-13 0.225915 -2.80686e-12   2.67455e-08 -3.02349e-17 0.0001   2.7e-05
QR_4 1787064780.602416000 -1.000000   2.22045e-16 0.0299999 7.82843e-18   5.12991e-10 1.80046e-18 0.0001   2.7e-05
HR_6 1787064780.612417000 1.000000   6.12038e-13 0.225927 -2.80898e-12   2.67656e-08 -3.02469e-17 0.0001   2.8e-05
QR_4 1787064780.612417000 -1.000000   2.22045e-16 0.0299999 7.82843e-18   5.12991e-10 1.80046e-18 0.0001   2.8e-05
HR_6 1787064780.622417000 1.000000   6.12413e-13 0.225937 -2.81074e-12   2.67824e-08 -3.02561e-17 0.0001   0.002
QR_4 1787064780.622417000 -1.000000   2.22045e-16 0.0299999 7.82843e-18   5.12991e-10 1.80046e-18 0.0001   0.002
HR_6 1787064780.632417000 1.000000   6.12732e-13 0.225945 -2.81215e-12   2.67959e-08 -3.02874e-17 0.0001   7.5e-05
QR_4 1787064780.632417000 -1.000000   2.22045e-16 0.0299999 7.82843e-18   5.12991e-10 1.80046e-18 0.0001   7.5e-05
HR_6 1787064780.642417000 1.000000   6.13162e-13 0.225955 -2.81392e-12   2.68127e-08 -3.03207e-17 0.0001   2.6e-05
QR_4 1787064780.642417000 -1.000000   2.22045e-16 0.0299999 7.82843e-18   5.12991e-10 1.80046e-18 0.0001   2.6e-05
HR_6 1787064780.652417000 1.000000   6.13481e-13 0.225963 -2.81533e-12   2.68261e-08 -3.03505e-17 0.0001   3e-05
QR_4 1787064780.652417000 -1.000000   2.22045e-16 0.0299999 7.82843e-18   5.12991e-10 1.80046e-18 0.0001   3e-05
HR_6 1787064780.662417000 1.000000   6.13745e-13 0.22597 -2.81674e-12   2.68395e-08 -3.03609e-17 0.0001   0.000888
QR_4 1787064780.662417000 -1.000000   2.22045e-16 0.0299999 7.82843e-18   5.12991e-10 1.80046e-18 0.0001   0.000888
HR_6 1787064780.672417000 1.000000   6.14078e-13 0.225978 -2.81815e-12   2.6853e-08 -3.0431e-17 0.0001   5e-05
QR_4 1787064780.672417000 -1.000000   2.22045e-16 0.0299999 7.82843e-18   5.12991e-10 1.80046e-18 0.0001   5e-05
HR_6 1787064780.682417000 1.000000   6.14397e-13 0.225986 -2.81956e-12   2.68664e-08 -3.04024e-17 0.0001   0.000186
QR_4 1787064780.682417000 -1.000000   2.22045e-16 0.0299999 7.82843e-18   5.12991e-10 1.80046e-18 0.0001   0.000186
HR_6 1787064780.692417000 1.000000   6.1473e-13 0.225994 -2.82097e-12   2.68799e-08 -3.0415e-17 0.0001   3.4e-05
QR_4 1787064780.692417000 -1.000000   2.22045e-16 0.0299999 7.82843e-18   5.12991e-10 1.80046e-18 0.0001   3.4e-05
HR_6 1787064780.702417000 1.000000   6.15147e-13 0.226004 -2.82273e-12   2.68967e-08 -3.03773e-17 0.0001   1.3e-05
QR_4 1787064780.702417000 -1.000000   2.22045e-16 0.0299999 7.82843e-18   5.12991e-10 1.80046e-18 0.0001   1.3e-05
HR_6 1787064780.712418000 1.000000   6.15522e-13 0.226014 -2.8245e-12   2.69135e-08 -3.0332e-17 0.0001   1e-05
QR_4 1787064780.712418000 -1.000000   2.22045e-16 0.0299999 7.82843e-18   5.12991e-10 1.80046e-18 0.0001   1e-05
HR_6 1787064780.722418000 1.000000   6.15938e-13 0.226024 -2.82626e-12   2.69303e-08 -3.03344e-17 0.0001   5.4e-05
QR_4 1787064780.722418000 -1.000000   2.22045e-16 0.0299999 7.82843e-18   5.12991e-10 1.80046e-18 0.0001   5.4e-05
HR_6 1787064780.732418000 1.000000   6.16271e-13 0.226032 -2.82767e-12   2.69437e-08 -3.03334e-17 0.0001   4.7e-05
QR_4 1787064780.732418000 -1.000000   2.22045e-16 0.0299999 7.82843e-18   5.12991e-10 1.80046e-18 0.0001   4.7e-05
HR_6 1787064780.742418000 1.000000   6.16632e-13 0.226042 -2.82943e-12   2.69605e-08 -3.03608e-17 0.0001   0.001267
QR_4 1787064780.742418000 -1.000000   2.22045e-16 0.0299999 7.82843e-18   5.12991e-10 1.80046e-18 0.0001   0.001267
HR_6 1787064780.752418000 1.000000   6.16951e-13 0.22605 -2.83084e-12   2.6974e-08 -3.03975e-17 0.0001   2e-05
QR_4 1787064780.752418000 -1.000000   2.22045e-16 0.0299999 7.82843e-18   5.12991e-10 1.80046e-18 0.0001   2e-05
HR_6 1787064780.762418000 1.000000   6.17381e-13 0.22606 -2.83261e-12   2.69908e-08 -3.03959e-17 0.0001   0.001361
QR_4 1787064780.762418000 -1.000000   2.22045e-16 0.0299999 7.82843e-18   5.12991e-10 1.80046e-18 0.0001   0.001361
HR_6 1787064780.772416000 1.000000   6.177e-13 0.226068 -2.83402e-12   2.70042e-08 -3.0405e-17 0.0001   3e-06
QR_4 1787064780.772416000 -1.000000   2.22045e-16 0.0299999 7.82843e-18   5.12991e-10 1.80046e-18 0.0001   3e-06
HR_6 1787064780.782417000 1.000000   6.18075e-13 0.226078 -2.83578e-12   2.7021e-08 -3.03651e-17 0.0001   3.8e-05
QR_4 1787064780.782417000 -1.000000   2.22045e-16 0.0299999 7.82843e-18   5.12991e-10 1.80046e-18 0.0001   3.8e-05
HR_6 1787064780.792417000 1.000000   6.18491e-13 0.226088 -2.83755e-12   2.70378e-08 -3.02997e-17 0.0001   0.000552
QR_4 1787064780.792417000 -1.000000   2.22045e-16 0.0299999 7.82843e-18   5.12991e-10 1.80046e-18 0.0001   0.000552
HR_6 1787064780.802417000 1.000000   6.18811e-13 0.226096 -2.83896e-12   2.70513e-08 -3.02921e-17 0.0001   0.002116
QR_4 1787064780.802417000 -1.000000   2.22045e-16 0.0299999 7.82843e-18   5.12991e-10 1.80046e-18 0.0001   0.002116
HR_6 1787064780.812417000 1.000000   6.19046e-13 0.226102 -2.84001e-12   2.70613e-08 -3.02846e-17 0.0001   4.9e-05
QR_4 1787064780.812417000 -1.000000   2.22045e-16 0.0299999 7.82843e-18   5.12991e-10 1.80046e-18 0.0001   4.9e-05
HR_6 1787064780.822417000 1.000000   6.19407e-13 0.226112 -2.84178e-12   2.70781e-08 -3.03419e-17 0.0001   1.5e-05
QR_4 1787064780.822417000 -1.000000   2.22045e-16 0.0299999 7.82843e-18   5.12991e-10 1.80046e-18 0.0001   1.5e-05
HR_6 1787064780.832417000 1.000000   6.1974e-13 0.22612 -2.84319e-12   2.70916e-08 -3.03507e-17 0.0001   1.6e-05
QR_4 1787064780.832417000 -1.000000   2.22045e-16 0.0299999 7.82843e-18   5.12991e-10 1.80046e-18 0.0001   1.6e-05
HR_6 1787064780.842417000 1.000000   6.2006e-13 0.226128 -2.8446e-12   2.7105e-08 -3.03885e-17 0.0001   5e-06
QR_4 1787064780.842417000 -1.000000   2.22045e-16 0.0299999 7.82843e-18   5.12991e-10 1.80046e-18 0.0001   5e-06
HR_6 1787064780.852417000 1.000000   6.20295e-13 0.226134 -2.84566e-12   2.71151e-08 -3.03822e-17 0.0001   2.6e-05
QR_4 1787064780.852417000 -1.000000   2.22045e-16 0.0299999 7.82843e-18   5.12991e-10 1.80046e-18 0.0001   2.6e-05
HR_6 1787064780.862417000 1.000000   6.20712e-13 0.226144 -2.84742e-12   2.71319e-08 -3.04389e-17 0.0001   3.6e-05
QR_4 1787064780.862417000 -1.000000   2.22045e-16 0.0299999 7.82843e-18   5.12991e-10 1.80046e-18 0.0001   3.6e-05
HR_6 1787064780.872414000 1.000000   6.21045e-13 0.226152 -2.84883e-12   2.71453e-08 -3.04229e-17 0.0001   1e-06
QR_4 1787064780.872414000 -1.000000   2.22045e-16 0.0299999 7.82843e-18   5.12991e-10 1.80046e-18 0.0001   1e-06
HR_6 1787064780.882414000 1.000000   6.21364e-13 0.22616 -2.85024e-12   2.71588e-08 -3.04044e-17 0.0001   4.6e-05
QR_4 1787064780.882414000 -1.000000   2.22045e-16 0.0299999 7.82843e-18   5.12991e-10 1.80046e-18 0.0001   4.6e-05
HR_6 1787064780.892414000 1.000000   6.21739e-13 0.22617 -2.852e-12   2.71756e-08 -3.04269e-17 0.0001   4e-06
QR_4 1787064780.892414000 -1.000000   2.22045e-16 0.0299999 7.82843e-18   5.12991e-10 1.80046e-18 0.0001   4e-06
HR_6 1787064780.902414000 1.000000   6.22058e-13 0.226178 -2.85342e-12   2.7189e-08 -3.04502e-17 0.0001   0.002864
QR_4 1787064780.902414000 -1.000000   2.22045e-16 0.0299999 7.82843e-18   5.12991e-10 1.80046e-18 0.0001   0.002864
HR_6 1787064780.912414000 1.000000   6.22294e-13 0.226184 -2.85447e-12   2.71991e-08 -3.04492e-17 0.0001   2.4e-05
QR_4 1787064780.912414000 -1.000000   2.22045e-16 0.0299999 7.82843e-18   5.12991e-10 1.80046e-18 0.0001   2.4e-05
HR_6 1787064780.922410000 1.000000   6.22807e-13 0.226196 -2.85659e-12   2.72193e-08 -3.04689e-17 0.0001   2e-06
QR_4 1787064780.922410000 -1.000000   2.22045e-16 0.0299999 7.82843e-18   5.12991e-10 1.80046e-18 0.0001   2e-06
HR_6 1787064780.932411000 1.000000   6.23085e-13 0.226204 -2.858e-12   2.72327e-08 -3.04479e-17 0.0001   0.002028
QR_4 1787064780.932411000 -1.000000   2.22045e-16 0.0299999 7.82843e-18   5.12991e-10 1.80046e-18 0.0001   0.002028
HR_6 1787064780.942411000 1.000000   6.23404e-13 0.226212 -2.85941e-12   2.72462e-08 -3.05291e-17 0.0001   2.7e-05
QR_4 1787064780.942411000 -1.000000   2.22045e-16 0.0299999 7.82843e-18   5.12991e-10 1.80046e-18 0.0001   2.7e-05
HR_6 1787064780.952405000 1.000000   6.2382e-13 0.226222 -2.86117e-12   2.7263e-08 -3.05564e-17 0.0001   1e-06
QR_4 1787064780.952405000 -1.000000   2.22045e-16 0.0299999 7.82843e-18   5.12991e-10 1.80046e-18 0.0001   1e-06
HR_6 1787064780.962405000 1.000000   6.24154e-13 0.22623 -2.86258e-12   2.72764e-08 -3.05881e-17 0.0001   0.000933
QR_4 1787064780.962405000 -1.000000   2.22045e-16 0.0299999 7.82843e-18   5.12991e-10 1.80046e-18 0.0001   0.000933
HR_6 1787064780.972405000 1.000000   6.24473e-13 0.226238 -2.86399e-12   2.72898e-08 -3.05915e-17 0.0001   1.1e-05
QR_4 1787064780.972405000 -1.000000   2.22045e-16 0.0299999 7.82843e-18   5.12991e-10 1.80046e-18 0.0001   1.1e-05
HR_6 1787064780.982405000 1.000000   6.24847e-13 0.226248 -2.86576e-12   2.73066e-08 -3.06327e-17 0.0001   0.00195
QR_4 1787064780.982405000 -1.000000   2.22045e-16 0.0299999 7.82843e-18   5.12991e-10 1.80046e-18 0.0001   0.00195
HR_6 1787064780.992405000 1.000000   6.25167e-13 0.226256 -2.86717e-12   2.73201e-08 -3.0677e-17 0.0001   0.000443
QR_4 1787064780.992405000 -1.000000   2.22045e-16 0.0299999 7.82843e-18   5.12991e-10 1.80046e-18 0.0001   0.000443
HR_6 1787064781.002405000 1.000000   6.255e-13 0.226264 -2.86858e-12   2.73335e-08 -3.07204e-17 0.0001   2.4e-05
QR_4 1787064781.002405000 -1.000000   2.22045e-16 0.0299999 7.82843e-18   5.12991e-10 1.80046e-18 0.0001   2.4e-05
HR_6 1787064781.012405000 1.000000   6.25916e-13 0.226274 -2.87034e-12   2.73503e-08 -3.07479e-17 0.0001   0.000103
QR_4 1787064781.012405000 -1.000000   2.22045e-16 0.0299999 7.82843e-18   5.12991e-10 1.80046e-18 0.0001   0.000103
HR_6 1787064781.022405000 1.000000   6.26291e-13 0.226284 -2.87211e-12   2.73671e-08 -3.07243e-17 0.0001   0.000924
QR_4 1787064781.022405000 -1.000000   2.22045e-16 0.0299999 7.82843e-18   5.12991e-10 1.80046e-18 0.0001   0.000924
HR_6 1787064781.032405000 1.000000   6.26513e-13 0.22629 -2.87316e-12   2.73772e-08 -3.07489e-17 0.0001   3.5e-05
QR_4 1787064781.032405000 -1.000000   2.22045e-16 0.0299999 7.82843e-18   5.12991e-10 1.80046e-18 0.0001   3.5e-05
HR_6 1787064781.042405000 1.000000   6.26846e-13 0.226298 -2.87457e-12   2.73906e-08 -3.06993e-17 0.0001   0.00097
QR_4 1787064781.042405000 -1.000000   2.22045e-16 0.0299999 7.82843e-18   5.12991e-10 1.80046e-18 0.0001   0.00097
HR_6 1787064781.052405000 1.000000   6.27165e-13 0.226306 -2.87599e-12   2.74041e-08 -3.06844e-17 0.0001   1.6e-05
QR_4 1787064781.052405000 -1.000000   2.22045e-16 0.0299999 7.82843e-18   5.12991e-10 1.80046e-18 0.0001   1.6e-05
HR_6 1787064781.062406000 1.000000   6.27623e-13 0.226318 -2.8781e-12   2.74243e-08 -3.07851e-17 0.0001   9.7e-05
QR_4 1787064781.062406000 -1.000000   2.22045e-16 0.0299999 7.82843e-18   5.12991e-10 1.80046e-18 0.0001   9.7e-05
HR_6 1787064781.072406000 1.000000   6.27914e-13 0.226324 -2.87916e-12   2.74343e-08 -3.07959e-17 0.0001   0.002707
QR_4 1787064781.072406000 -1.000000   2.22045e-16 0.0299999 7.82843e-18   5.12991e-10 1.80046e-18 0.0001   0.002707
HR_6 1787064781.082406000 1.000000   6.28192e-13 0.226332 -2.88057e-12   2.74478e-08 -3.08322e-17 0.0001   6.4e-05
QR_4 1787064781.082406000 -1.000000   2.22045e-16 0.0299999 7.82843e-18   5.12991e-10 1.80046e-18 0.0001   6.4e-05
HR_6 1787064781.092406000 1.000000   6.28608e-13 0.226342 -2.88233e-12   2.74646e-08 -3.08954e-17 0.0001   4.9e-05
QR_4 1787064781.092406000 -1.000000   2.22045e-16 0.0299999 7.82843e-18   5.12991e-10 1.80046e-18 0.0001   4.9e-05
HR_6 1787064781.102406000 1.000000   6.29025e-13 0.226352 -2.8841e-12   2.74814e-08 -3.09067e-17 0.0001   3e-05
QR_4 1787064781.102406000 -1.000000   2.22045e-16 0.0299999 7.82843e-18   5.12991e-10 1.80046e-18 0.0001   3e-05
HR_6 1787064781.112406000 1.000000   6.29302e-13 0.22636 -2.88551e-12   2.74948e-08 -3.0978e-17 0.0001   2.1e-05
QR_4 1787064781.112406000 -1.000000   2.22045e-16 0.0299999 7.82843e-18   5.12991e-10 1.80046e-18 0.0001   2.1e-05
HR_6 1787064781.122406000 1.000000   6.29718e-13 0.22637 -2.88727e-12   2.75116e-08 -3.09995e-17 0.0001   2e-05
QR_4 1787064781.122406000 -1.000000   2.22045e-16 0.0299999 7.82843e-18   5.12991e-10 1.80046e-18 0.0001   2e-05
HR_6 1787064781.132406000 1.000000   6.30052e-13 0.226378 -2.88868e-12   2.75251e-08 -3.10177e-17 0.0001   8.5e-05
QR_4 1787064781.132406000 -1.000000   2.22045e-16 0.0299999 7.82843e-18   5.12991e-10 1.80046e-18 0.0001   8.5e-05
HR_6 1787064781.142406000 1.000000   6.30468e-13 0.226388 -2.89044e-12   2.75419e-08 -3.10177e-17 0.0001   2.8e-05
QR_4 1787064781.142406000 -1.000000   2.22045e-16 0.0299999 7.82843e-18   5.12991e-10 1.80046e-18 0.0001   2.8e-05
HR_6 1787064781.152406000 1.000000   6.30745e-13 0.226396 -2.89186e-12   2.75553e-08 -3.1045e-17 0.0001   1.4e-05
QR_4 1787064781.152406000 -1.000000   2.22045e-16 0.0299999 7.82843e-18   5.12991e-10 1.80046e-18 0.0001   1.4e-05
HR_6 1787064781.162407000 1.000000   6.31162e-13 0.226406 -2.89362e-12   2.75721e-08 -3.10949e-17 0.0001   8.9e-05
QR_4 1787064781.162407000 -1.000000   2.22045e-16 0.0299999 7.82843e-18   5.12991e-10 1.80046e-18 0.0001   8.9e-05
HR_6 1787064781.172407000 1.000000   6.31495e-13 0.226414 -2.89503e-12   2.75856e-08 -3.11377e-17 0.0001   0.000721
QR_4 1787064781.172407000 -1.000000   2.22045e-16 0.0299999 7.82843e-18   5.12991e-10 1.80046e-18 0.0001   0.000721
HR_6 1787064781.182407000 1.000000   6.31814e-13 0.226422 -2.89644e-12   2.7599e-08 -3.11414e-17 0.0001   4.7e-05
QR_4 1787064781.182407000 -1.000000   2.22045e-16 0.0299999 7.82843e-18   5.12991e-10 1.80046e-18 0.0001   4.7e-05
HR_6 1787064781.192407000 1.000000   6.32272e-13 0.226434 -2.89856e-12   2.76192e-08 -3.11448e-17 0.0001   6.6e-05
QR_4 1787064781.192407000 -1.000000   2.22045e-16 0.0299999 7.82843e-18   5.12991e-10 1.80046e-18 0.0001   6.6e-05
HR_6 1787064781.202407000 1.000000   6.32605e-13 0.226442 -2.89997e-12   2.76326e-08 -3.11562e-17 0.0001   3.8e-05
QR_4 1787064781.202407000 -1.000000   2.22045e-16 0.0299999 7.82843e-18   5.12991e-10 1.80046e-18 0.0001   3.8e-05
HR_6 1787064781.212407000 1.000000   6.32924e-13 0.22645 -2.90138e-12   2.7646e-08 -3.11758e-17 0.0001   2.7e-05
QR_4 1787064781.212407000 -1.000000   2.22045e-16 0.0299999 7.82843e-18   5.12991e-10 1.80046e-18 0.0001   2.7e-05
HR_6 1787064781.222407000 1.000000   6.33299e-13 0.22646 -2.90314e-12   2.76628e-08 -3.11272e-17 0.0001   1.9e-05
QR_4 1787064781.222407000 -1.000000   2.22045e-16 0.0299999 7.82843e-18   5.12991e-10 1.80046e-18 0.0001   1.9e-05
HR_6 1787064781.232407000 1.000000   6.33715e-13 0.22647 -2.9049e-12   2.76796e-08 -3.11525e-17 0.0001   4e-05
QR_4 1787064781.232407000 -1.000000   2.22045e-16 0.0299999 7.82843e-18   5.12991e-10 1.80046e-18 0.0001   4e-05
HR_6 1787064781.242407000 1.000000   6.33951e-13 0.226476 -2.90596e-12   2.76897e-08 -3.12027e-17 0.0001   0.000173
QR_4 1787064781.242407000 -1.000000   2.22045e-16 0.0299999 7.82843e-18   5.12991e-10 1.80046e-18 0.0001   0.000173
HR_6 1787064781.252407000 1.000000   6.34368e-13 0.226486 -2.90772e-12   2.77065e-08 -3.11853e-17 0.0001   2e-05
QR_4 1787064781.252407000 -1.000000   2.22045e-16 0.0299999 7.82843e-18   5.12991e-10 1.80046e-18 0.0001   2e-05
HR_6 1787064781.262408000 1.000000   6.34701e-13 0.226494 -2.90914e-12   2.772e-08 -3.11808e-17 0.0001   5.4e-05
QR_4 1787064781.262408000 -1.000000   2.22045e-16 0.0299999 7.82843e-18   5.12991e-10 1.80046e-18 0.0001   5.4e-05
HR_6 1787064781.272408000 1.000000   6.34923e-13 0.2265 -2.91019e-12   2.77301e-08 -3.11886e-17 0.0001   1.1e-05
QR_4 1787064781.272408000 -1.000000   2.22045e-16 0.0299999 7.82843e-18   5.12991e-10 1.80046e-18 0.0001   1.1e-05
HR_6 1787064781.282408000 1.000000   6.35297e-13 0.22651 -2.91196e-12   2.77469e-08 -3.11699e-17 0.0001   0.000469
QR_4 1787064781.282408000 -1.000000   2.22045e-16 0.0299999 7.82843e-18   5.12991e-10 1.80046e-18 0.0001   0.000469
HR_6 1787064781.292408000 1.000000   6.35714e-13 0.22652 -2.91372e-12   2.77637e-08 -3.12142e-17 0.0001   3.4e-05
QR_4 1787064781.292408000 -1.000000   2.22045e-16 0.0299999 7.82843e-18   5.12991e-10 1.80046e-18 0.0001   3.4e-05
HR_6 1787064781.302408000 1.000000   6.3595e-13 0.226526 -2.91478e-12   2.77737e-08 -3.12303e-17 0.0001   0.000107
QR_4 1787064781.302408000 -1.000000   2.22045e-16 0.0299999 7.82843e-18   5.12991e-10 1.80046e-18 0.0001   0.000107
HR_6 1787064781.312408000 1.000000   6.36269e-13 0.226534 -2.91619e-12   2.77872e-08 -3.12978e-17 0.0001   6.2e-05
QR_4 1787064781.312408000 -1.000000   2.22045e-16 0.0299999 7.82843e-18   5.12991e-10 1.80046e-18 0.0001   6.2e-05
HR_6 1787064781.322408000 1.000000   6.36727e-13 0.226546 -2.9183e-12   2.78073e-08 -3.13201e-17 0.0001   4.6e-05
QR_4 1787064781.322408000 -1.000000   2.22045e-16 0.0299999 7.82843e-18   5.12991e-10 1.80046e-18 0.0001   4.6e-05
HR_6 1787064781.332408000 1.000000   6.3706e-13 0.226554 -2.91972e-12   2.78208e-08 -3.13664e-17 0.0001   0.002044
QR_4 1787064781.332408000 -1.000000   2.22045e-16 0.0299999 7.82843e-18   5.12991e-10 1.80046e-18 0.0001   0.002044
HR_6 1787064781.342408000 1.000000   6.37296e-13 0.22656 -2.92077e-12   2.78309e-08 -3.13881e-17 0.0001   4.3e-05
QR_4 1787064781.342408000 -1.000000   2.22045e-16 0.0299999 7.82843e-18   5.12991e-10 1.80046e-18 0.0001   4.3e-05
HR_6 1787064781.352408000 1.000000   6.37809e-13 0.226572 -2.92289e-12   2.7851e-08 -3.14482e-17 0.0001   5.1e-05
QR_4 1787064781.352408000 -1.000000   2.22045e-16 0.0299999 7.82843e-18   5.12991e-10 1.80046e-18 0.0001   5.1e-05
HR_6 1787064781.362409000 1.000000   6.38128e-13 0.22658 -2.9243e-12   2.78645e-08 -3.1432e-17 0.0001   0.000101
QR_4 1787064781.362409000 -1.000000   2.22045e-16 0.0299999 7.82843e-18   5.12991e-10 1.80046e-18 0.0001   0.000101
HR_6 1787064781.372409000 1.000000   6.38406e-13 0.226588 -2.92571e-12   2.78779e-08 -3.14197e-17 0.0001   0.00011
QR_4 1787064781.372409000 -1.000000   2.22045e-16 0.0299999 7.82843e-18   5.12991e-10 1.80046e-18 0.0001   0.00011
HR_6 1787064781.382409000 1.000000   6.38822e-13 0.226598 -2.92747e-12   2.78947e-08 -3.14748e-17 0.0001   0.000108
QR_4 1787064781.382409000 -1.000000   2.22045e-16 0.0299999 7.82843e-18   5.12991e-10 1.80046e-18 0.0001   0.000108
HR_6 1787064781.392409000 1.000000   6.39155e-13 0.226606 -2.92888e-12   2.79082e-08 -3.15375e-17 0.0001   9.6e-05
QR_4 1787064781.392409000 -1.000000   2.22045e-16 0.0299999 7.82843e-18   5.12991e-10 1.80046e-18 0.0001   9.6e-05
HR_6 1787064781.402409000 1.000000   6.39475e-13 0.226614 -2.9303e-12   2.79216e-08 -3.15427e-17 0.0001   0.000873
QR_4 1787064781.402409000 -1.000000   2.22045e-16 0.0299999 7.82843e-18   5.12991e-10 1.80046e-18 0.0001   0.000873
HR_6 1787064781.412409000 1.000000   6.39808e-13 0.226622 -2.93171e-12   2.7935e-08 -3.15228e-17 0.0001   0.000142
QR_4 1787064781.412409000 -1.000000   2.22045e-16 0.0299999 7.82843e-18   5.12991e-10 1.80046e-18 0.0001   0.000142
HR_6 1787064781.422409000 1.000000   6.40266e-13 0.226634 -2.93382e-12   2.79552e-08 -3.15145e-17 0.0001   0.000111
QR_4 1787064781.422409000 -1.000000   2.22045e-16 0.0299999 7.82843e-18   5.12991e-10 1.80046e-18 0.0001   0.000111
HR_6 1787064781.432409000 1.000000   6.40502e-13 0.22664 -2.93488e-12   2.79653e-08 -3.1486e-17 0.0001   0.000983
QR_4 1787064781.432409000 -1.000000   2.22045e-16 0.0299999 7.82843e-18   5.12991e-10 1.80046e-18 0.0001   0.000983
HR_6 1787064781.442409000 1.000000   6.40918e-13 0.22665 -2.93664e-12   2.79821e-08 -3.14335e-17 0.0001   0.000169
QR_4 1787064781.442409000 -1.000000   2.22045e-16 0.0299999 7.82843e-18   5.12991e-10 1.80046e-18 0.0001   0.000169
HR_6 1787064781.452409000 1.000000   6.41293e-13 0.22666 -2.93841e-12   2.79989e-08 -3.14484e-17 0.0001   0.001078
QR_4 1787064781.452409000 -1.000000   2.22045e-16 0.0299999 7.82843e-18   5.12991e-10 1.80046e-18 0.0001   0.001078
HR_6 1787064781.462410000 1.000000   6.4157e-13 0.226666 -2.93946e-12   2.8009e-08 -3.14595e-17 0.0001   0.000157
QR_4 1787064781.462410000 -1.000000   2.22045e-16 0.0299999 7.82843e-18   5.12991e-10 1.80046e-18 0.0001   0.000157
HR_6 1787064781.472410000 1.000000   6.41945e-13 0.226676 -2.94123e-12   2.80258e-08 -3.15034e-17 0.0001   3.6e-05
QR_4 1787064781.472410000 -1.000000   2.22045e-16 0.0299999 7.82843e-18   5.12991e-10 1.80046e-18 0.0001   3.6e-05
HR_6 1787064781.482410000 1.000000   6.42361e-13 0.226686 -2.94299e-12   2.80426e-08 -3.14847e-17 0.0001   0.003868
QR_4 1787064781.482410000 -1.000000   2.22045e-16 0.0299999 7.82843e-18   5.12991e-10 1.80046e-18 0.0001   0.003868
HR_6 1787064781.492410000 1.000000   6.42597e-13 0.226692 -2.94405e-12   2.80526e-08 -3.14555e-17 0.0001   4.9e-05
QR_4 1787064781.492410000 -1.000000   2.22045e-16 0.0299999 7.82843e-18   5.12991e-10 1.80046e-18 0.0001   4.9e-05
HR_6 1787064781.502410000 1.000000   6.42916e-13 0.2267 -2.94546e-12   2.80661e-08 -3.14625e-17 0.0001   4.8e-05
QR_4 1787064781.502410000 -1.000000   2.22045e-16 0.0299999 7.82843e-18   5.12991e-10 1.80046e-18 0.0001   4.8e-05
HR_6 1787064781.512410000 1.000000   6.43249e-13 0.226708 -2.94687e-12   2.80795e-08 -3.14967e-17 0.0001   1.4e-05
QR_4 1787064781.512410000 -1.000000   2.22045e-16 0.0299999 7.82843e-18   5.12991e-10 1.80046e-18 0.0001   1.4e-05
HR_6 1787064781.522410000 1.000000   6.4361e-13 0.226718 -2.94863e-12   2.80963e-08 -3.15168e-17 0.0001   2.2e-05
QR_4 1787064781.522410000 -1.000000   2.22045e-16 0.0299999 7.82843e-18   5.12991e-10 1.80046e-18 0.0001   2.2e-05
HR_6 1787064781.532410000 1.000000   6.43943e-13 0.226726 -2.95004e-12   2.81098e-08 -3.15755e-17 0.0001   4.2e-05
QR_4 1787064781.532410000 -1.000000   2.22045e-16 0.0299999 7.82843e-18   5.12991e-10 1.80046e-18 0.0001   4.2e-05
HR_6 1787064781.542410000 1.000000   6.44262e-13 0.226734 -2.95146e-12   2.81232e-08 -3.16295e-17 0.0001   9.2e-05
QR_4 1787064781.542410000 -1.000000   2.22045e-16 0.0299999 7.82843e-18   5.12991e-10 1.80046e-18 0.0001   9.2e-05
HR_6 1787064781.552410000 1.000000   6.44693e-13 0.226744 -2.95322e-12   2.814e-08 -3.17232e-17 0.0001   8.5e-05
QR_4 1787064781.552410000 -1.000000   2.22045e-16 0.0299999 7.82843e-18   5.12991e-10 1.80046e-18 0.0001   8.5e-05
HR_6 1787064781.562411000 1.000000   6.45012e-13 0.226752 -2.95463e-12   2.81535e-08 -3.17699e-17 0.0001   5.4e-05
QR_4 1787064781.562411000 -1.000000   2.22045e-16 0.0299999 7.82843e-18   5.12991e-10 1.80046e-18 0.0001   5.4e-05
HR_6 1787064781.572411000 1.000000   6.45248e-13 0.226758 -2.95569e-12   2.81635e-08 -3.17826e-17 0.0001   0.001703
QR_4 1787064781.572411000 -1.000000   2.22045e-16 0.0299999 7.82843e-18   5.12991e-10 1.80046e-18 0.0001   0.001703
HR_6 1787064781.582411000 1.000000   6.45567e-13 0.226766 -2.9571e-12   2.8177e-08 -3.18484e-17 0.0001   3.5e-05
QR_4 1787064781.582411000 -1.000000   2.22045e-16 0.0299999 7.82843e-18   5.12991e-10 1.80046e-18 0.0001   3.5e-05
HR_6 1787064781.592411000 1.000000   6.45942e-13 0.226776 -2.95886e-12   2.81938e-08 -3.18962e-17 0.0001   6.2e-05
QR_4 1787064781.592411000 -1.000000   2.22045e-16 0.0299999 7.82843e-18   5.12991e-10 1.80046e-18 0.0001   6.2e-05
HR_6 1787064781.602411000 1.000000   6.46261e-13 0.226784 -2.96027e-12   2.82072e-08 -3.18882e-17 0.0001   4.4e-05
QR_4 1787064781.602411000 -1.000000   2.22045e-16 0.0299999 7.82843e-18   5.12991e-10 1.80046e-18 0.0001   4.4e-05
HR_6 1787064781.612411000 1.000000   6.46594e-13 0.226792 -2.96168e-12   2.82207e-08 -3.19327e-17 0.0001   6.9e-05
QR_4 1787064781.612411000 -1.000000   2.22045e-16 0.0299999 7.82843e-18   5.12991e-10 1.80046e-18 0.0001   6.9e-05
HR_6 1787064781.622411000 1.000000   6.46913e-13 0.2268 -2.96309e-12   2.82341e-08 -3.19671e-17 0.0001   8e-06
QR_4 1787064781.622411000 -1.000000   2.22045e-16 0.0299999 7.82843e-18   5.12991e-10 1.80046e-18 0.0001   8e-06
HR_6 1787064781.632411000 1.000000   6.47288e-13 0.22681 -2.96486e-12   2.82509e-08 -3.20496e-17 0.0001   3.2e-05
QR_4 1787064781.632411000 -1.000000   2.22045e-16 0.0299999 7.82843e-18   5.12991e-10 1.80046e-18 0.0001   3.2e-05
HR_6 1787064781.642411000 1.000000   6.47607e-13 0.226818 -2.96627e-12   2.82644e-08 -3.2085e-17 0.0001   5.4e-05
QR_4 1787064781.642411000 -1.000000   2.22045e-16 0.0299999 7.82843e-18   5.12991e-10 1.80046e-18 0.0001   5.4e-05
HR_6 1787064781.652411000 1.000000   6.48037e-13 0.226828 -2.96803e-12   2.82812e-08 -3.216e-17 0.0001   1.3e-05
QR_4 1787064781.652411000 -1.000000   2.22045e-16 0.0299999 7.82843e-18   5.12991e-10 1.80046e-18 0.0001   1.3e-05
HR_6 1787064781.662412000 1.000000   6.48356e-13 0.226836 -2.96944e-12   2.82946e-08 -3.21643e-17 0.0001   5e-05
QR_4 1787064781.662412000 -1.000000   2.22045e-16 0.0299999 7.82843e-18   5.12991e-10 1.80046e-18 0.0001   5e-05
HR_6 1787064781.672412000 1.000000   6.48731e-13 0.226846 -2.9712e-12   2.83114e-08 -3.21992e-17 0.0001   0.002951
QR_4 1787064781.672412000 -1.000000   2.22045e-16 0.0299999 7.82843e-18   5.12991e-10 1.80046e-18 0.0001   0.002951
HR_6 1787064781.682412000 1.000000   6.49009e-13 0.226852 -2.97226e-12   2.83215e-08 -3.22188e-17 0.0001   4.2e-05
QR_4 1787064781.682412000 -1.000000   2.22045e-16 0.0299999 7.82843e-18   5.12991e-10 1.80046e-18 0.0001   4.2e-05
HR_6 1787064781.692412000 1.000000   6.49286e-13 0.22686 -2.97367e-12   2.83349e-08 -3.22732e-17 0.0001   4.9e-05
QR_4 1787064781.692412000 -1.000000   2.22045e-16 0.0299999 7.82843e-18   5.12991e-10 1.80046e-18 0.0001   4.9e-05
HR_6 1787064781.702412000 1.000000   6.49564e-13 0.226866 -2.97473e-12   2.8345e-08 -3.22738e-17 0.0001   3.2e-05
QR_4 1787064781.702412000 -1.000000   2.22045e-16 0.0299999 7.82843e-18   5.12991e-10 1.80046e-18 0.0001   3.2e-05
HR_6 1787064781.712412000 1.000000   6.49841e-13 0.226874 -2.97614e-12   2.83584e-08 -3.22908e-17 0.0001   0.000332
QR_4 1787064781.712412000 -1.000000   2.22045e-16 0.0299999 7.82843e-18   5.12991e-10 1.80046e-18 0.0001   0.000332
HR_6 1787064781.722412000 1.000000   6.5016e-13 0.226882 -2.97755e-12   2.83719e-08 -3.22958e-17 0.0001   3.1e-05
QR_4 1787064781.722412000 -1.000000   2.22045e-16 0.0299999 7.82843e-18   5.12991e-10 1.80046e-18 0.0001   3.1e-05
HR_6 1787064781.732412000 1.000000   6.50452e-13 0.226888 -2.97861e-12   2.8382e-08 -3.2288e-17 0.0001   1.8e-05
QR_4 1787064781.732412000 -1.000000   2.22045e-16 0.0299999 7.82843e-18   5.12991e-10 1.80046e-18 0.0001   1.8e-05
HR_6 1787064781.742412000 1.000000   6.50813e-13 0.226898 -2.98037e-12   2.83988e-08 -3.22887e-17 0.0001   0.000204
QR_4 1787064781.742412000 -1.000000   2.22045e-16 0.0299999 7.82843e-18   5.12991e-10 1.80046e-18 0.0001   0.000204
HR_6 1787064781.752412000 1.000000   6.51146e-13 0.226906 -2.98178e-12   2.84122e-08 -3.22943e-17 0.0001   4e-05
QR_4 1787064781.752412000 -1.000000   2.22045e-16 0.0299999 7.82843e-18   5.12991e-10 1.80046e-18 0.0001   4e-05
HR_6 1787064781.762413000 1.000000   6.51562e-13 0.226916 -2.98355e-12   2.8429e-08 -3.23426e-17 0.0001   0.002253
QR_4 1787064781.762413000 -1.000000   2.22045e-16 0.0299999 7.82843e-18   5.12991e-10 1.80046e-18 0.0001   0.002253
HR_6 1787064781.772413000 1.000000   6.5184e-13 0.226924 -2.98496e-12   2.84425e-08 -3.23778e-17 0.0001   1.2e-05
QR_4 1787064781.772413000 -1.000000   2.22045e-16 0.0299999 7.82843e-18   5.12991e-10 1.80046e-18 0.0001   1.2e-05
HR_6 1787064781.782413000 1.000000   6.52256e-13 0.226934 -2.98672e-12   2.84593e-08 -3.24666e-17 0.0001   8e-05
QR_4 1787064781.782413000 -1.000000   2.22045e-16 0.0299999 7.82843e-18   5.12991e-10 1.80046e-18 0.0001   8e-05
HR_6 1787064781.792413000 1.000000   6.52492e-13 0.22694 -2.98778e-12   2.84693e-08 -3.25356e-17 0.0001   2.2e-05
QR_4 1787064781.792413000 -1.000000   2.22045e-16 0.0299999 7.82843e-18   5.12991e-10 1.80046e-18 0.0001   2.2e-05
HR_6 1787064781.802413000 1.000000   6.53005e-13 0.226952 -2.9899e-12   2.84895e-08 -3.25611e-17 0.0001   5.6e-05
QR_4 1787064781.802413000 -1.000000   2.22045e-16 0.0299999 7.82843e-18   5.12991e-10 1.80046e-18 0.0001   5.6e-05
HR_6 1787064781.812413000 1.000000   6.53283e-13 0.22696 -2.99131e-12   2.85029e-08 -3.26211e-17 0.0001   5.6e-05
QR_4 1787064781.812413000 -1.000000   2.22045e-16 0.0299999 7.82843e-18   5.12991e-10 1.80046e-18 0.0001   5.6e-05
HR_6 1787064781.822413000 1.000000   6.53699e-13 0.22697 -2.99307e-12   2.85197e-08 -3.26209e-17 0.0001   1.8e-05
QR_4 1787064781.822413000 -1.000000   2.22045e-16 0.0299999 7.82843e-18   5.12991e-10 1.80046e-18 0.0001   1.8e-05
HR_6 1787064781.832413000 1.000000   6.5413e-13 0.22698 -2.99483e-12   2.85365e-08 -3.26506e-17 0.0001   4.3e-05
QR_4 1787064781.832413000 -1.000000   2.22045e-16 0.0299999 7.82843e-18   5.12991e-10 1.80046e-18 0.0001   4.3e-05
HR_6 1787064781.842413000 1.000000   6.54449e-13 0.226988 -2.99624e-12   2.855e-08 -3.26844e-17 0.0001   5.9e-05
QR_4 1787064781.842413000 -1.000000   2.22045e-16 0.0299999 7.82843e-18   5.12991e-10 1.80046e-18 0.0001   5.9e-05
HR_6 1787064781.852413000 1.000000   6.54726e-13 0.226996 -2.99765e-12   2.85634e-08 -3.27222e-17 0.0001   1.7e-05
QR_4 1787064781.852413000 -1.000000   2.22045e-16 0.0299999 7.82843e-18   5.12991e-10 1.80046e-18 0.0001   1.7e-05
HR_6 1787064781.862414000 1.000000   6.55045e-13 0.227004 -2.99907e-12   2.85769e-08 -3.27279e-17 0.0001   3.5e-05
QR_4 1787064781.862414000 -1.000000   2.22045e-16 0.0299999 7.82843e-18   5.12991e-10 1.80046e-18 0.0001   3.5e-05
HR_6 1787064781.872414000 1.000000   6.55281e-13 0.22701 -3.00012e-12   2.8587e-08 -3.26968e-17 0.0001   2e-05
QR_4 1787064781.872414000 -1.000000   2.22045e-16 0.0299999 7.82843e-18   5.12991e-10 1.80046e-18 0.0001   2e-05
HR_6 1787064781.882414000 1.000000   6.55601e-13 0.227018 -3.00153e-12   2.86004e-08 -3.272e-17 0.0001   4.9e-05
QR_4 1787064781.882414000 -1.000000   2.22045e-16 0.0299999 7.82843e-18   5.12991e-10 1.80046e-18 0.0001   4.9e-05
HR_6 1787064781.892414000 1.000000   6.56031e-13 0.227028 -3.0033e-12   2.86172e-08 -3.27594e-17 0.0001   0.000294
QR_4 1787064781.892414000 -1.000000   2.22045e-16 0.0299999 7.82843e-18   5.12991e-10 1.80046e-18 0.0001   0.000294
HR_6 1787064781.902414000 1.000000   6.5617e-13 0.227032 -3.004e-12   2.86239e-08 -3.27197e-17 0.0001   0.000361
QR_4 1787064781.902414000 -1.000000   2.22045e-16 0.0299999 7.82843e-18   5.12991e-10 1.80046e-18 0.0001   0.000361
HR_6 1787064781.912414000 1.000000   6.56683e-13 0.227044 -3.00612e-12   2.86441e-08 -3.27645e-17 0.0001   3.1e-05
QR_4 1787064781.912414000 -1.000000   2.22045e-16 0.0299999 7.82843e-18   5.12991e-10 1.80046e-18 0.0001   3.1e-05
HR_6 1787064781.922414000 1.000000   6.57016e-13 0.227052 -3.00753e-12   2.86575e-08 -3.27881e-17 0.0001   0.002713
QR_4 1787064781.922414000 -1.000000   2.22045e-16 0.0299999 7.82843e-18   5.12991e-10 1.80046e-18 0.0001   0.002713
HR_6 1787064781.932414000 1.000000   6.57238e-13 0.227058 -3.00859e-12   2.86676e-08 -3.28112e-17 0.0001   5.7e-05
QR_4 1787064781.932414000 -1.000000   2.22045e-16 0.0299999 7.82843e-18   5.12991e-10 1.80046e-18 0.0001   5.7e-05
HR_6 1787064781.942414000 1.000000   6.57613e-13 0.227068 -3.01035e-12   2.86844e-08 -3.28187e-17 0.0001   6.2e-05
QR_4 1787064781.942414000 -1.000000   2.22045e-16 0.0299999 7.82843e-18   5.12991e-10 1.80046e-18 0.0001   6.2e-05
HR_6 1787064781.952414000 1.000000   6.57932e-13 0.227076 -3.01176e-12   2.86978e-08 -3.27626e-17 0.0001   0.000102
QR_4 1787064781.952414000 -1.000000   2.22045e-16 0.0299999 7.82843e-18   5.12991e-10 1.80046e-18 0.0001   0.000102
HR_6 1787064781.962415000 1.000000   6.58168e-13 0.227082 -3.01282e-12   2.87079e-08 -3.27805e-17 0.0001   0.000382
QR_4 1787064781.962415000 -1.000000   2.22045e-16 0.0299999 7.82843e-18   5.12991e-10 1.80046e-18 0.0001   0.000382
HR_6 1787064781.972415000 1.000000   6.58681e-13 0.227094 -3.01494e-12   2.87281e-08 -3.27561e-17 0.0001   2.7e-05
QR_4 1787064781.972415000 -1.000000   2.22045e-16 0.0299999 7.82843e-18   5.12991e-10 1.80046e-18 0.0001   2.7e-05
HR_6 1787064781.982415000 1.000000   6.59015e-13 0.227102 -3.01635e-12   2.87415e-08 -3.27276e-17 0.0001   1.6e-05
QR_4 1787064781.982415000 -1.000000   2.22045e-16 0.0299999 7.82843e-18   5.12991e-10 1.80046e-18 0.0001   1.6e-05
HR_6 1787064781.992415000 1.000000   6.59237e-13 0.227108 -3.0174e-12   2.87516e-08 -3.27216e-17 0.0001   4.5e-05
QR_4 1787064781.992415000 -1.000000   2.22045e-16 0.0299999 7.82843e-18   5.12991e-10 1.80046e-18 0.0001   4.5e-05
HR_6 1787064782.002415000 1.000000   6.59611e-13 0.227118 -3.01917e-12   2.87684e-08 -3.2657e-17 0.0001   3.9e-05
QR_4 1787064782.002415000 -1.000000   2.22045e-16 0.0299999 7.82843e-18   5.12991e-10 1.80046e-18 0.0001   3.9e-05
HR_6 1787064782.012415000 1.000000   6.60028e-13 0.227128 -3.02093e-12   2.87852e-08 -3.2656e-17 0.0001   0.001535
QR_4 1787064782.012415000 -1.000000   2.22045e-16 0.0299999 7.82843e-18   5.12991e-10 1.80046e-18 0.0001   0.001535
HR_6 1787064782.022415000 1.000000   6.60166e-13 0.227132 -3.02164e-12   2.87919e-08 -3.26529e-17 0.0001   3.3e-05
QR_4 1787064782.022415000 -1.000000   2.22045e-16 0.0299999 7.82843e-18   5.12991e-10 1.80046e-18 0.0001   3.3e-05
HR_6 1787064782.032415000 1.000000   6.60583e-13 0.227142 -3.0234e-12   2.88087e-08 -3.27007e-17 0.0001   4e-06
QR_4 1787064782.032415000 -1.000000   2.22045e-16 0.0299999 7.82843e-18   5.12991e-10 1.80046e-18 0.0001   4e-06
HR_6 1787064782.042415000 1.000000   6.61055e-13 0.227154 -3.02552e-12   2.88289e-08 -3.27477e-17 0.0001   3.2e-05
QR_4 1787064782.042415000 -1.000000   2.22045e-16 0.0299999 7.82843e-18   5.12991e-10 1.80046e-18 0.0001   3.2e-05
HR_6 1787064782.052415000 1.000000   6.61332e-13 0.22716 -3.02657e-12   2.8839e-08 -3.27425e-17 0.0001   2.8e-05
QR_4 1787064782.052415000 -1.000000   2.22045e-16 0.0299999 7.82843e-18   5.12991e-10 1.80046e-18 0.0001   2.8e-05
HR_6 1787064782.062416000 1.000000   6.6161e-13 0.227168 -3.02798e-12   2.88524e-08 -3.27534e-17 0.0001   0.000397
QR_4 1787064782.062416000 -1.000000   2.22045e-16 0.0299999 7.82843e-18   5.12991e-10 1.80046e-18 0.0001   0.000397
HR_6 1787064782.072416000 1.000000   6.62026e-13 0.227178 -3.02975e-12   2.88692e-08 -3.27615e-17 0.0001   1.1e-05
QR_4 1787064782.072416000 -1.000000   2.22045e-16 0.0299999 7.82843e-18   5.12991e-10 1.80046e-18 0.0001   1.1e-05
HR_6 1787064782.082416000 1.000000   6.62456e-13 0.227188 -3.03151e-12   2.8886e-08 -3.2765e-17 0.0001   8e-06
QR_4 1787064782.082416000 -1.000000   2.22045e-16 0.0299999 7.82843e-18   5.12991e-10 1.80046e-18 0.0001   8e-06
HR_6 1787064782.092416000 1.000000   6.62678e-13 0.227194 -3.03257e-12   2.88961e-08 -3.28003e-17 0.0001   1.7e-05
QR_4 1787064782.092416000 -1.000000   2.22045e-16 0.0299999 7.82843e-18   5.12991e-10 1.80046e-18 0.0001   1.7e-05
HR_6 1787064782.102416000 1.000000   6.63011e-13 0.227202 -3.03398e-12   2.89096e-08 -3.28045e-17 0.0001   9e-06
QR_4 1787064782.102416000 -1.000000   2.22045e-16 0.0299999 7.82843e-18   5.12991e-10 1.80046e-18 0.0001   9e-06
HR_6 1787064782.112410000 1.000000   6.63372e-13 0.227212 -3.03574e-12   2.89264e-08 -3.28772e-17 0.0001   2e-06
QR_4 1787064782.112410000 -1.000000   2.22045e-16 0.0299999 7.82843e-18   5.12991e-10 1.80046e-18 0.0001   2e-06
HR_6 1787064782.122411000 1.000000   6.63705e-13 0.22722 -3.03715e-12   2.89398e-08 -3.2934e-17 0.0001   1e-05
QR_4 1787064782.122411000 -1.000000   2.22045e-16 0.0299999 7.82843e-18   5.12991e-10 1.80046e-18 0.0001   1e-05
HR_6 1787064782.132411000 1.000000   6.64024e-13 0.227228 -3.03857e-12   2.89532e-08 -3.29551e-17 0.0001   2.8e-05
QR_4 1787064782.132411000 -1.000000   2.22045e-16 0.0299999 7.82843e-18   5.12991e-10 1.80046e-18 0.0001   2.8e-05
HR_6 1787064782.142411000 1.000000   6.64357e-13 0.227236 -3.03998e-12   2.89667e-08 -3.30387e-17 0.0001   3.1e-05
QR_4 1787064782.142411000 -1.000000   2.22045e-16 0.0299999 7.82843e-18   5.12991e-10 1.80046e-18 0.0001   3.1e-05
HR_6 1787064782.152411000 1.000000   6.64774e-13 0.227246 -3.04174e-12   2.89835e-08 -3.30725e-17 0.0001   2.6e-05
QR_4 1787064782.152411000 -1.000000   2.22045e-16 0.0299999 7.82843e-18   5.12991e-10 1.80046e-18 0.0001   2.6e-05
HR_6 1787064782.162411000 1.000000   6.6501e-13 0.227252 -3.0428e-12   2.89936e-08 -3.31087e-17 0.0001   2.4e-05
QR_4 1787064782.162411000 -1.000000   2.22045e-16 0.0299999 7.82843e-18   5.12991e-10 1.80046e-18 0.0001   2.4e-05
HR_6 1787064782.172411000 1.000000   6.65384e-13 0.227262 -3.04456e-12   2.90104e-08 -3.3184e-17 0.0001   1e-05
QR_4 1787064782.172411000 -1.000000   2.22045e-16 0.0299999 7.82843e-18   5.12991e-10 1.80046e-18 0.0001   1e-05
HR_6 1787064782.182411000 1.000000   6.65801e-13 0.227272 -3.04632e-12   2.90272e-08 -3.31886e-17 0.0001   2.4e-05
QR_4 1787064782.182411000 -1.000000   2.22045e-16 0.0299999 7.82843e-18   5.12991e-10 1.80046e-18 0.0001   2.4e-05
HR_6 1787064782.192411000 1.000000   6.66134e-13 0.22728 -3.04773e-12   2.90406e-08 -3.32368e-17 0.0001   8e-06
QR_4 1787064782.192411000 -1.000000   2.22045e-16 0.0299999 7.82843e-18   5.12991e-10 1.80046e-18 0.0001   8e-06
HR_6 1787064782.202411000 1.000000   6.6655e-13 0.22729 -3.0495e-12   2.90574e-08 -3.32544e-17 0.0001   1.5e-05
QR_4 1787064782.202411000 -1.000000   2.22045e-16 0.0299999 7.82843e-18   5.12991e-10 1.80046e-18 0.0001   1.5e-05
HR_6 1787064782.212411000 1.000000   6.66911e-13 0.2273 -3.05126e-12   2.90742e-08 -3.32901e-17 0.0001   1.9e-05
QR_4 1787064782.212411000 -1.000000   2.22045e-16 0.0299999 7.82843e-18   5.12991e-10 1.80046e-18 0.0001   1.9e-05
HR_6 1787064782.222412000 1.000000   6.67147e-13 0.227306 -3.05232e-12   2.90843e-08 -3.33107e-17 0.0001   0.000376
QR_4 1787064782.222412000 -1.000000   2.22045e-16 0.0299999 7.82843e-18   5.12991e-10 1.80046e-18 0.0001   0.000376
HR_6 1787064782.232412000 1.000000   6.6748e-13 0.227314 -3.05373e-12   2.90977e-08 -3.32546e-17 0.0001   1e-05
QR_4 1787064782.232412000 -1.000000   2.22045e-16 0.0299999 7.82843e-18   5.12991e-10 1.80046e-18 0.0001   1e-05
HR_6 1787064782.242412000 1.000000   6.67896e-13 0.227324 -3.05549e-12   2.91145e-08 -3.3272e-17 0.0001   4.7e-05
QR_4 1787064782.242412000 -1.000000   2.22045e-16 0.0299999 7.82843e-18   5.12991e-10 1.80046e-18 0.0001   4.7e-05
HR_6 1787064782.252412000 1.000000   6.68132e-13 0.22733 -3.05655e-12   2.91246e-08 -3.3245e-17 0.0001   8.3e-05
QR_4 1787064782.252412000 -1.000000   2.22045e-16 0.0299999 7.82843e-18   5.12991e-10 1.80046e-18 0.0001   8.3e-05
HR_6 1787064782.262412000 1.000000   6.68549e-13 0.22734 -3.05831e-12   2.91414e-08 -3.33148e-17 0.0001   2.7e-05
QR_4 1787064782.262412000 -1.000000   2.22045e-16 0.0299999 7.82843e-18   5.12991e-10 1.80046e-18 0.0001   2.7e-05
HR_6 1787064782.272412000 1.000000   6.68826e-13 0.227348 -3.05972e-12   2.91549e-08 -3.3353e-17 0.0001   0.000333
QR_4 1787064782.272412000 -1.000000   2.22045e-16 0.0299999 7.82843e-18   5.12991e-10 1.80046e-18 0.0001   0.000333
HR_6 1787064782.282412000 1.000000   6.69242e-13 0.227358 -3.06149e-12   2.91717e-08 -3.33653e-17 0.0001   2.2e-05
QR_4 1787064782.282412000 -1.000000   2.22045e-16 0.0299999 7.82843e-18   5.12991e-10 1.80046e-18 0.0001   2.2e-05
HR_6 1787064782.292412000 1.000000   6.69576e-13 0.227366 -3.0629e-12   2.91851e-08 -3.33922e-17 0.0001   2.6e-05
QR_4 1787064782.292412000 -1.000000   2.22045e-16 0.0299999 7.82843e-18   5.12991e-10 1.80046e-18 0.0001   2.6e-05
HR_6 1787064782.302412000 1.000000   6.69895e-13 0.227374 -3.06431e-12   2.91985e-08 -3.34109e-17 0.0001   7e-06
QR_4 1787064782.302412000 -1.000000   2.22045e-16 0.0299999 7.82843e-18   5.12991e-10 1.80046e-18 0.0001   7e-06
HR_6 1787064782.312412000 1.000000   6.70131e-13 0.22738 -3.06537e-12   2.92086e-08 -3.34228e-17 0.0001   0.000141
QR_4 1787064782.312412000 -1.000000   2.22045e-16 0.0299999 7.82843e-18   5.12991e-10 1.80046e-18 0.0001   0.000141
HR_6 1787064782.322413000 1.000000   6.70589e-13 0.227392 -3.06748e-12   2.92288e-08 -3.34903e-17 0.0001   1.5e-05
QR_4 1787064782.322413000 -1.000000   2.22045e-16 0.0299999 7.82843e-18   5.12991e-10 1.80046e-18 0.0001   1.5e-05
HR_6 1787064782.332413000 1.000000   6.71019e-13 0.227402 -3.06925e-12   2.92456e-08 -3.35269e-17 0.0001   3.4e-05
QR_4 1787064782.332413000 -1.000000   2.22045e-16 0.0299999 7.82843e-18   5.12991e-10 1.80046e-18 0.0001   3.4e-05
HR_6 1787064782.342413000 1.000000   6.71435e-13 0.227412 -3.07101e-12   2.92624e-08 -3.35898e-17 0.0001   0.002957
QR_4 1787064782.342413000 -1.000000   -1.77131e-07 0.0299996 5.90366e-06   -3.36487e-06 2.73289e-09 0.0001   0.002957
HR_6 1787064782.352413000 1.000000   6.71671e-13 0.227418 -3.07207e-12   2.92725e-08 -3.36278e-17 0.0001   1.1e-05
QR_4 1787064782.352413000 -1.000000   -1.07749e-07 0.0299998 3.59266e-06   -2.0401e-06 2.85059e-09 0.0001   1.1e-05
HR_6 1787064782.362413000 1.000000   6.72129e-13 0.22743 -3.07418e-12   2.92926e-08 -3.36924e-17 0.0001   1.4e-05
QR_4 1787064782.362413000 -1.000000   -1.07749e-07 0.0299998 3.59266e-06   -2.0401e-06 2.85059e-09 0.0001   1.4e-05
HR_6 1787064782.372413000 1.000000   6.72462e-13 0.227438 -3.0756e-12   2.93061e-08 -3.37019e-17 0.0001   7.1e-05
QR_4 1787064782.372413000 -1.000000   3.34217e-08 0.03 -1.11413e-06   6.59921e-07 2.9513e-09 0.0001   7.1e-05
HR_6 1787064782.382413000 1.000000   6.72781e-13 0.227446 -3.07701e-12   2.93195e-08 -3.37131e-17 0.0001   6.8e-05
QR_4 1787064782.382413000 -1.000000   -3.50911e-07 0.0299993 1.16987e-05   -6.68741e-06 7.83198e-10 0.0001   6.8e-05
HR_6 1787064782.392413000 1.000000   6.73114e-13 0.227454 -3.07842e-12   2.9333e-08 -3.37678e-17 0.0001   2.8e-05
QR_4 1787064782.392413000 -1.000000   9.83184e-08 0.0300002 -3.2763e-06   1.89858e-06 3.16448e-09 0.0001   2.8e-05
HR_6 1787064782.402413000 1.000000   6.73475e-13 0.227464 -3.08018e-12   2.93498e-08 -3.37752e-17 0.0001   2.7e-05
QR_4 1787064782.402413000 -1.000001   -1.45315e-06 0.0299972 4.84397e-05   -2.77536e-05 -3.38121e-10 0.0001   2.7e-05
HR_6 1787064782.412413000 1.000000   6.73808e-13 0.227472 -3.08159e-12   2.93632e-08 -3.37986e-17 0.0001   3.1e-05
QR_4 1787064782.412413000 -1.000001   -1.17959e-06 0.0299977 3.93175e-05   -2.25216e-05 9.90782e-10 0.0001   3.1e-05
HR_6 1787064782.422414000 1.000000   6.74225e-13 0.227482 -3.08335e-12   2.938e-08 -3.37855e-17 0.0001   0.000174
QR_4 1787064782.422414000 -1.000000   -6.98227e-07 0.0299986 2.32727e-05   -1.33222e-05 2.21678e-10 0.0001   0.000174
HR_6 1787064782.432414000 1.000000   6.74558e-13 0.22749 -3.08476e-12   2.93934e-08 -3.37509e-17 0.0001   5.3e-05
QR_4 1787064782.432414000 -1.000000   -3.19252e-08 0.0299999 1.05931e-06   -5.86559e-07 3.32619e-09 0.0001   5.3e-05
HR_6 1787064782.442414000 1.000000   6.74918e-13 0.2275 -3.08653e-12   2.94103e-08 -3.376e-17 0.0001   7.3e-05
QR_4 1787064782.442414000 -1.000001   -1.70697e-06 0.0299967 5.68948e-05   -3.25977e-05 -1.13816e-09 0.0001   7.3e-05
HR_6 1787064782.452414000 1.000000   6.75252e-13 0.227508 -3.08794e-12   2.94237e-08 -3.37548e-17 0.0001   1.3e-05
QR_4 1787064782.452414000 -1.000001   -1.16965e-06 0.0299977 3.89809e-05   -2.23267e-05 1.59227e-10 0.0001   1.3e-05
HR_6 1787064782.462414000 1.000000   6.75668e-13 0.227518 -3.0897e-12   2.94405e-08 -3.3797e-17 0.0001   4.5e-05
QR_4 1787064782.462414000 -1.000001   -1.26625e-06 0.0299976 4.22011e-05   -2.41725e-05 -1.40786e-09 0.0001   4.5e-05
HR_6 1787064782.472414000 1.000000   6.76043e-13 0.227528 -3.09147e-12   2.94573e-08 -3.37483e-17 0.0001   2e-05
QR_4 1787064782.472414000 -1.000000   -2.38225e-07 0.0299995 7.9289e-06   -4.52308e-06 9.03258e-10 0.0001   2e-05
HR_6 1787064782.482414000 1.000000   6.76334e-13 0.227534 -3.09252e-12   2.94674e-08 -3.37475e-17 0.0001   1.2e-05
QR_4 1787064782.482414000 -0.999999   2.54116e-06 0.0300048 -8.47126e-05   4.85927e-05 -3.43246e-09 0.0001   1.2e-05
HR_6 1787064782.492414000 1.000000   6.76695e-13 0.227544 -3.09429e-12   2.94842e-08 -3.37553e-17 0.0001   0.000633
QR_4 1787064782.492414000 -0.999997   4.70531e-06 0.030009 -0.000156841   8.9947e-05 -3.58763e-09 0.0001   0.000633
HR_6 1787064782.502414000 1.000000   6.77111e-13 0.227554 -3.09605e-12   2.9501e-08 -3.37083e-17 0.0001   0.000198
QR_4 1787064782.502414000 -0.999996   6.52834e-06 0.0300125 -0.00021759   0.000124776 -1.35512e-08 0.0001   0.000198
HR_6 1787064782.512414000 1.000000   6.77444e-13 0.227562 -3.09746e-12   2.95144e-08 -3.37837e-17 0.0001   2.2e-05
QR_4 1787064782.512414000 -1.000000   8.55294e-07 0.0300016 -2.85431e-05   1.63897e-05 1.63346e-09 0.0001   2.2e-05
HR_6 1787064782.522415000 1.000000   6.77777e-13 0.22757 -3.09887e-12   2.95279e-08 -3.37879e-17 0.0001   2.4e-05
QR_4 1787064782.522415000 -1.000001   -1.02595e-06 0.029998 3.41622e-05   -1.95608e-05 1.21282e-09 0.0001   2.4e-05
HR_6 1787064782.532415000 1.000000   6.78138e-13 0.22758 -3.10063e-12   2.95447e-08 -3.3831e-17 0.0001   4.6e-05
QR_4 1787064782.532415000 -0.999998   3.04654e-06 0.0300058 -0.000101588   5.827e-05 2.11322e-09 0.0001   4.6e-05
HR_6 1787064782.542415000 1.000000   6.78471e-13 0.227588 -3.10205e-12   2.95581e-08 -3.38551e-17 0.0001   0.00244
QR_4 1787064782.542415000 -0.999999   2.5737e-06 0.0300049 -8.58305e-05   4.92353e-05 -1.30612e-09 0.0001   0.00244
HR_6 1787064782.552415000 1.000000   6.7879e-13 0.227596 -3.10346e-12   2.95716e-08 -3.3897e-17 0.0001   3e-05
QR_4 1787064782.552415000 -1.000000   -6.07927e-07 0.0299988 2.02106e-05   -1.15611e-05 1.79935e-09 0.0001   3e-05
HR_6 1787064782.562415000 1.000000   6.79262e-13 0.227608 -3.10557e-12   2.95917e-08 -3.39469e-17 0.0001   4.3e-05
QR_4 1787064782.562415000 -0.999998   2.68074e-06 0.0300051 -8.94095e-05   5.12888e-05 -6.62842e-10 0.0001   4.3e-05
HR_6 1787064782.572415000 1.000000   6.79581e-13 0.227616 -3.10698e-12   2.96052e-08 -3.39868e-17 0.0001   4.2e-05
QR_4 1787064782.572415000 -0.999999   2.16009e-06 0.0300041 -7.20604e-05   4.1342e-05 4.48127e-10 0.0001   4.2e-05
HR_6 1787064782.582415000 1.000000   6.79914e-13 0.227624 -3.10839e-12   2.96186e-08 -3.40391e-17 0.0001   4.4e-05
QR_4 1787064782.582415000 -1.000001   -9.74334e-07 0.0299981 3.2413e-05   -1.85569e-05 -1.53499e-09 0.0001   4.4e-05
HR_6 1787064782.592415000 1.000000   6.80331e-13 0.227634 -3.11016e-12   2.96354e-08 -3.40246e-17 0.0001   0.000109
QR_4 1787064782.592415000 -0.999998   4.14048e-06 0.0300079 -0.000138077   7.91918e-05 -7.09054e-09 0.0001   0.000109
HR_6 1787064782.602415000 1.000000   6.80664e-13 0.227642 -3.11157e-12   2.96488e-08 -3.40733e-17 0.0001   0.000111
QR_4 1787064782.602415000 -0.999995   9.60913e-06 0.0300183 -0.000320296   0.000183664 -3.1854e-08 0.0001   0.000111
HR_6 1787064782.612415000 1.000000   6.81025e-13 0.227652 -3.11333e-12   2.96656e-08 -3.41086e-17 0.0001   1.2e-05
QR_4 1787064782.612415000 -0.999990   1.73601e-05 0.0300331 -0.000578454   0.000331675 -1.002e-07 0.0001   1.2e-05
HR_6 1787064782.622416000 1.000000   6.81358e-13 0.22766 -3.11474e-12   2.96791e-08 -3.41727e-17 0.0001   9e-06
QR_4 1787064782.622416000 -0.999987   2.249e-05 0.0300429 -0.000749249   0.000429598 -1.61355e-07 0.0001   9e-06
HR_6 1787064782.632416000 1.000000   6.81774e-13 0.22767 -3.11651e-12   2.96959e-08 -3.42435e-17 0.0001   0.000315
QR_4 1787064782.632416000 -0.999981   3.26673e-05 0.0300624 -0.00108792   0.000623769 -3.44049e-07 0.0001   0.000315
HR_6 1787064782.642416000 1.000000   6.8201e-13 0.227676 -3.11756e-12   2.9706e-08 -3.42443e-17 0.0001   0.000342
QR_4 1787064782.642416000 -0.999973   4.70324e-05 0.0300897 -0.00156563   0.000897655 -7.05803e-07 0.0001   0.000342
HR_6 1787064782.652415000 1.000000   6.82329e-13 0.227684 -3.11897e-12   2.97194e-08 -3.42625e-17 0.0001   2e-06
QR_4 1787064782.652415000 -0.999957   7.50074e-05 0.030143 -0.00249473   0.00143034 -1.78814e-06 0.0001   2e-06
HR_6 1787064782.662415000 1.000000   6.82662e-13 0.227692 -3.12038e-12   2.97329e-08 -3.4244e-17 0.0001   4.8e-05
QR_4 1787064782.662415000 -0.999936   0.000111742 0.0302128 -0.00371235   0.00212844 -3.95349e-06 0.0001   4.8e-05
HR_6 1787064782.672415000 1.000000   6.8312e-13 0.227704 -3.1225e-12   2.9753e-08 -3.42867e-17 0.0001   1e-05
QR_4 1787064782.672415000 -0.999899   0.000174723 0.0303359 -0.00585878   0.00335904 9.93275e-06 0.0001   1e-05
HR_6 1787064782.682415000 1.000000   6.83453e-13 0.227712 -3.12391e-12   2.97665e-08 -3.43039e-17 0.0001   4.4e-05
QR_4 1787064782.682415000 -0.999872   0.000220537 0.0304224 -0.00736738   0.00422394 4.2119e-06 0.0001   4.4e-05
HR_6 1787064782.692415000 1.000000   6.83786e-13 0.22772 -3.12532e-12   2.97799e-08 -3.42709e-17 0.0001   0.000359
QR_4 1787064782.692415000 -0.999842   0.00027304 0.0305212 -0.00909113   0.00521217 -3.91883e-06 0.0001   0.000359
HR_6 1787064782.702415000 1.000000   6.84147e-13 0.22773 -3.12708e-12   2.97967e-08 -3.42472e-17 0.0001   0.000141
QR_4 1787064782.702415000 -0.999795   0.000357679 0.0306771 -0.0118108   0.00677129 -3.48611e-05 0.0001   0.000141
HR_6 1787064782.712415000 1.000000   6.84564e-13 0.22774 -3.12885e-12   2.98135e-08 -3.42153e-17 0.0001   4.5e-05
QR_4 1787064782.712415000 -0.999741   0.000452728 0.0308519 -0.0148606   0.00851961 -7.09806e-05 0.0001   4.5e-05
HR_6 1787064782.722415000 1.000000   6.84897e-13 0.227748 -3.13026e-12   2.98269e-08 -3.42585e-17 0.0001   0.000549
QR_4 1787064782.722415000 -0.999694   0.000534669 0.0310025 -0.0174879   0.0100256 -0.000102798 0.0001   0.000549
HR_6 1787064782.732415000 1.000000   6.8523e-13 0.227756 -3.13167e-12   2.98404e-08 -3.42749e-17 0.0001   0.000778
QR_4 1787064782.732415000 -0.999651   0.000610201 0.0311419 -0.0199204   0.0114198 -0.00012888 0.0001   0.000778
HR_6 1787064782.742415000 1.000000   6.85646e-13 0.227766 -3.13343e-12   2.98572e-08 -3.4331e-17 0.0001   2.2e-05
QR_4 1787064782.742415000 -0.999590   0.000714774 0.0313371 -0.0233262   0.0133717 -0.000153708 0.0001   2.2e-05
HR_6 1787064782.752415000 1.000000   6.86021e-13 0.227776 -3.1352e-12   2.9874e-08 -3.43771e-17 0.0001   1.1e-05
QR_4 1787064782.752415000 -0.999525   0.000829446 0.0315439 -0.0269354   0.0154399 -0.00021864 0.0001   1.1e-05
HR_6 1787064782.762416000 1.000000   6.8634e-13 0.227784 -3.13661e-12   2.98874e-08 -3.43882e-17 0.0001   2.6e-05
QR_4 1787064782.762416000 -0.999471   0.000923112 0.0317138 -0.0299013   0.0171392 -0.000266441 0.0001   2.6e-05
HR_6 1787064782.772416000 1.000000   6.86798e-13 0.227796 -3.13872e-12   2.99076e-08 -3.44731e-17 0.0001   0.001084
QR_4 1787064782.772416000 -0.999378   0.00108225 0.0320056 -0.0349958   0.0200576 -0.000331246 0.0001   0.001084
HR_6 1787064782.782416000 1.000000   6.87228e-13 0.227806 -3.14049e-12   2.99244e-08 -3.44753e-17 0.0001   2.3e-05
QR_4 1787064782.782416000 -0.999303   0.00121558 0.0322461 -0.0393332   0.0224629 -0.00037784 0.0001   2.3e-05
HR_6 1787064782.792416000 1.000000   6.87561e-13 0.227814 -3.1419e-12   2.99378e-08 -3.44723e-17 0.0001   0.002858
QR_4 1787064782.792416000 -0.999234   0.0013352 0.0324513 -0.0429137   0.0245159 -0.0004513 0.0001   0.002858
HR_6 1787064782.802416000 1.000000   6.8788e-13 0.227822 -3.14331e-12   2.99513e-08 -3.454e-17 0.0001   0.000863
QR_4 1787064782.802416000 -0.999166   0.00146749 0.0326695 -0.0467965   0.0268273 -0.000753379 0.0001   0.000863
HR_6 1787064782.812416000 1.000000   6.88255e-13 0.227832 -3.14507e-12   2.99681e-08 -3.46135e-17 0.0001   1.7e-05
QR_4 1787064782.812416000 -0.999072   0.00164284 0.0329563 -0.051744   0.0296899 -0.00102626 0.0001   1.7e-05
HR_6 1787064782.822416000 1.000000   6.88574e-13 0.22784 -3.14648e-12   2.99815e-08 -3.46732e-17 0.0001   5e-06
QR_4 1787064782.822416000 -0.999000   0.00177956 0.033199 -0.0559846   0.0321135 -0.00126204 0.0001   5e-06
HR_6 1787064782.832416000 1.000000   6.88907e-13 0.227848 -3.14789e-12   2.9995e-08 -3.47089e-17 0.0001   5e-06
QR_4 1787064782.832416000 -0.998917   0.00192452 0.0334497 -0.0603658   0.0346167 -0.00140116 0.0001   5e-06
HR_6 1787064782.842416000 1.000000   6.89324e-13 0.227858 -3.14966e-12   3.00118e-08 -3.47411e-17 0.0001   5e-06
QR_4 1787064782.842416000 -0.998800   0.00209409 0.0337706 -0.0659578   0.0378221 -0.00141306 0.0001   5e-06
HR_6 1787064782.852416000 1.000000   6.89698e-13 0.227868 -3.15142e-12   3.00286e-08 -3.47393e-17 0.0001   3.9e-05
QR_4 1787064782.852416000 -0.998703   0.00234756 0.0340906 -0.0715744   0.0410193 -0.00226906 0.0001   3.9e-05
HR_6 1787064782.862404000 1.000000   6.90115e-13 0.227878 -3.15318e-12   3.00454e-08 -3.47646e-17 0.0001   1e-06
QR_4 1787064782.862404000 -0.998600   0.00255683 0.0344037 -0.0770247   0.0441479 -0.00273346 0.0001   1e-06
HR_6 1787064782.872405000 1.000000   6.90448e-13 0.227886 -3.15459e-12   3.00588e-08 -3.47488e-17 0.0001   5e-06
QR_4 1787064782.872405000 -0.998522   0.00273673 0.0346343 -0.0810682   0.0464516 -0.00332525 0.0001   5e-06
HR_6 1787064782.882405000 1.000000   6.90864e-13 0.227896 -3.15636e-12   3.00756e-08 -3.47203e-17 0.0001   3.3e-05
QR_4 1787064782.882405000 -0.998420   0.00287659 0.0349241 -0.0861579   0.0493482 -0.00320375 0.0001   3.3e-05
HR_6 1787064782.892405000 1.000000   6.911e-13 0.227902 -3.15741e-12   3.00857e-08 -3.46846e-17 0.0001   0.001458
QR_4 1787064782.892405000 -0.998360   0.00300054 0.0350997 -0.0892431   0.0511042 -0.00352249 0.0001   0.001458
HR_6 1787064782.902405000 1.000000   6.91461e-13 0.227912 -3.15918e-12   3.01025e-08 -3.4697e-17 0.0001   4.7e-05
QR_4 1787064782.902405000 -0.998286   0.00315026 0.0355713 -0.0934431   0.0532436 -0.003768 0.0001   4.7e-05
HR_6 1787064782.912405000 1.000000   6.91891e-13 0.227922 -3.16094e-12   3.01193e-08 -3.47178e-17 0.0001   0.000384
QR_4 1787064782.912405000 -0.998229   0.00327943 0.0359589 -0.0968548   0.0550556 -0.00405558 0.0001   0.000384
HR_6 1787064782.922405000 1.000000   6.92127e-13 0.227928 -3.162e-12   3.01294e-08 -3.47013e-17 0.0001   2.4e-05
QR_4 1787064782.922405000 -0.998192   0.00335837 0.0361697 -0.0986381   0.0563686 -0.00432479 0.0001   2.4e-05
HR_6 1787064782.932405000 1.000000   6.92446e-13 0.227936 -3.16341e-12   3.01428e-08 -3.46999e-17 0.0001   1.2e-05
QR_4 1787064782.932405000 -0.998147   0.00346645 0.0364494 -0.100874   0.0584239 -0.00475238 0.0001   1.2e-05
HR_6 1787064782.942405000 1.000000   6.92876e-13 0.227946 -3.16517e-12   3.01596e-08 -3.46738e-17 0.0001   5.7e-05
QR_4 1787064782.942405000 -0.998073   0.00360941 0.0367626 -0.103245   0.0613477 -0.00561631 0.0001   5.7e-05
HR_6 1787064782.952405000 1.000000   6.93196e-13 0.227954 -3.16658e-12   3.01731e-08 -3.46902e-17 0.0001   3.8e-05
QR_4 1787064782.952405000 -0.998036   0.00372313 0.0370587 -0.104974   0.0636119 -0.00636699 0.0001   3.8e-05
HR_6 1787064782.962405000 1.000000   6.93473e-13 0.227962 -3.16799e-12   3.01865e-08 -3.47335e-17 0.0001   3.2e-05
QR_4 1787064782.962405000 -0.997986   0.00385156 0.0373036 -0.106573   0.0661236 -0.00739249 0.0001   3.2e-05
HR_6 1787064782.972406000 1.000000   6.93889e-13 0.227972 -3.16976e-12   3.02033e-08 -3.47671e-17 0.0001   4e-06
QR_4 1787064782.972406000 -0.997977   0.00398327 0.0375983 -0.108584   0.0690612 -0.00873379 0.0001   4e-06
HR_6 1787064782.982406000 1.000000   6.94125e-13 0.227978 -3.17082e-12   3.02134e-08 -3.47974e-17 0.0001   3.5e-05
QR_4 1787064782.982406000 -0.997970   0.00408615 0.0377768 -0.10956   0.0708589 -0.00956908 0.0001   3.5e-05
HR_6 1787064782.992406000 1.000000   6.94361e-13 0.227984 -3.17187e-12   3.02235e-08 -3.48616e-17 0.0001   0.000246
QR_4 1787064782.992406000 -0.997966   0.00418092 0.0379496 -0.110633   0.0724508 -0.0104516 0.0001   0.000246
HR_6 1787064783.002406000 1.000000   6.94875e-13 0.227996 -3.17399e-12   3.02436e-08 -3.48847e-17 0.0001   2.3e-05
QR_4 1787064783.002406000 -0.997964   0.00441016 0.038325 -0.112954   0.0757402 -0.0123977 0.0001   2.3e-05
HR_6 1787064783.012406000 1.000000   6.95208e-13 0.228004 -3.1754e-12   3.02571e-08 -3.48819e-17 0.0001   6.5e-05
QR_4 1787064783.012406000 -0.997976   0.00456442 0.0385646 -0.114633   0.0779389 -0.0136112 0.0001   6.5e-05
HR_6 1787064783.022406000 1.000000   6.95333e-13 0.228008 -3.1761e-12   3.02638e-08 -3.4885e-17 0.0001   9.7e-05
QR_4 1787064783.022406000 -0.997980   0.0046422 0.0386686 -0.115394   0.0789158 -0.0142163 0.0001   9.7e-05
HR_6 1787064783.032406000 1.000000   6.95805e-13 0.22802 -3.17822e-12   3.0284e-08 -3.48717e-17 0.0001   4.8e-05
QR_4 1787064783.032406000 -0.997963   0.00486188 0.039026 -0.117841   0.0817864 -0.0161784 0.0001   4.8e-05
HR_6 1787064783.042406000 1.000000   6.96124e-13 0.228028 -3.17963e-12   3.02974e-08 -3.49348e-17 0.0001   2.3e-05
QR_4 1787064783.042406000 -0.997960   0.00502311 0.0392985 -0.119688   0.0840454 -0.0173003 0.0001   2.3e-05
HR_6 1787064783.052406000 1.000000   6.96415e-13 0.228034 -3.18069e-12   3.03075e-08 -3.49208e-17 0.0001   3.6e-05
QR_4 1787064783.052406000 -0.997956   0.00513152 0.0394771 -0.121064   0.0854553 -0.0182516 0.0001   3.6e-05
HR_6 1787064783.062406000 1.000000   6.9679e-13 0.228044 -3.18245e-12   3.03243e-08 -3.4925e-17 0.0001   3.2e-05
QR_4 1787064783.062406000 -0.997952   0.00533101 0.0398033 -0.123661   0.0879616 -0.0198834 0.0001   3.2e-05
HR_6 1787064783.072407000 1.000000   6.97012e-13 0.22805 -3.18351e-12   3.03344e-08 -3.49405e-17 0.0001   0.00187
QR_4 1787064783.072407000 -0.997941   0.00546507 0.0400101 -0.125032   0.0896005 -0.0208356 0.0001   0.00187
HR_6 1787064783.082407000 1.000000   6.97442e-13 0.22806 -3.18527e-12   3.03512e-08 -3.48902e-17 0.0001   1e-05
QR_4 1787064783.082407000 -0.997956   0.00567099 0.0403173 -0.127273   0.092037 -0.0225502 0.0001   1e-05
HR_6 1787064783.092407000 1.000000   6.97858e-13 0.22807 -3.18704e-12   3.0368e-08 -3.49016e-17 0.0001   8e-06
QR_4 1787064783.092407000 -0.997941   0.00591333 0.0406697 -0.129695   0.0950298 -0.0246444 0.0001   8e-06
HR_6 1787064783.102407000 1.000000   6.98233e-13 0.22808 -3.1888e-12   3.03848e-08 -3.49276e-17 0.0001   0.003868
QR_4 1787064783.102407000 -0.997957   0.00618743 0.0410825 -0.132727   0.0981423 -0.026881 0.0001   0.003868
HR_6 1787064783.112407000 1.000000   6.98455e-13 0.228086 -3.18986e-12   3.03949e-08 -3.49709e-17 0.0001   5.7e-05
QR_4 1787064783.112407000 -0.997978   0.00638561 0.0413603 -0.13506   0.0999539 -0.0282508 0.0001   5.7e-05
HR_6 1787064783.122407000 1.000000   6.98885e-13 0.228096 -3.19162e-12   3.04117e-08 -3.50553e-17 0.0001   1.8e-05
QR_4 1787064783.122407000 -0.997971   0.00673054 0.0418412 -0.139149   0.103184 -0.0307377 0.0001   1.8e-05
HR_6 1787064783.132407000 1.000000   6.99205e-13 0.228104 -3.19303e-12   3.04251e-08 -3.49987e-17 0.0001   0.000343
QR_4 1787064783.132407000 -0.997941   0.00699722 0.0422491 -0.142851   0.105642 -0.0322065 0.0001   0.000343
HR_6 1787064783.142407000 1.000000   6.99579e-13 0.228114 -3.1948e-12   3.04419e-08 -3.50141e-17 0.0001   2.3e-05
QR_4 1787064783.142407000 -0.997872   0.00734162 0.0427922 -0.147724   0.108576 -0.0339063 0.0001   2.3e-05
HR_6 1787064783.152407000 1.000000   6.99912e-13 0.228122 -3.19621e-12   3.04553e-08 -3.50355e-17 0.0001   7.1e-05
QR_4 1787064783.152407000 -0.997795   0.0076683 0.0432244 -0.151629   0.111075 -0.0353115 0.0001   7.1e-05
HR_6 1787064783.162407000 1.000000   7.00232e-13 0.22813 -3.19762e-12   3.04688e-08 -3.5063e-17 0.0001   1.6e-05
QR_4 1787064783.162407000 -0.997646   0.00805391 0.0437315 -0.15556   0.114101 -0.036412 0.0001   1.6e-05
HR_6 1787064783.172408000 1.000000   7.00565e-13 0.228138 -3.19903e-12   3.04822e-08 -3.50562e-17 0.0001   4.2e-05
QR_4 1787064783.172408000 -0.997430   0.00852438 0.0443041 -0.15983   0.117553 -0.0374602 0.0001   4.2e-05
HR_6 1787064783.182408000 1.000000   7.00884e-13 0.228146 -3.20044e-12   3.04957e-08 -3.50656e-17 0.0001   4.2e-05
QR_4 1787064783.182408000 -0.997155   0.00910477 0.0448085 -0.164249   0.121033 -0.0386734 0.0001   4.2e-05
HR_6 1787064783.192408000 1.000000   7.01314e-13 0.228156 -3.2022e-12   3.05125e-08 -3.50518e-17 0.0001   4.8e-05
QR_4 1787064783.192408000 -0.996638   0.00995233 0.0453583 -0.169428   0.125744 -0.0399796 0.0001   4.8e-05
HR_6 1787064783.202408000 1.000000   7.01633e-13 0.228164 -3.20361e-12   3.05259e-08 -3.50182e-17 0.0001   2e-05
QR_4 1787064783.202408000 -0.996187   0.0106328 0.0458527 -0.172876   0.129614 -0.0410439 0.0001   2e-05
HR_6 1787064783.212408000 1.000000   7.01966e-13 0.228172 -3.20502e-12   3.05393e-08 -3.50263e-17 0.0001   0.000971
QR_4 1787064783.212408000 -0.995640   0.0113816 0.0463888 -0.174804   0.13422 -0.0422561 0.0001   0.000971
HR_6 1787064783.222408000 1.000000   7.02244e-13 0.22818 -3.20643e-12   3.05528e-08 -3.50811e-17 0.0001   3.9e-05
QR_4 1787064783.222408000 -0.995007   0.0122574 0.0468975 -0.176543   0.138637 -0.0436583 0.0001   3.9e-05
HR_6 1787064783.232408000 1.000000   7.02424e-13 0.228184 -3.20714e-12   3.05595e-08 -3.50604e-17 0.0001   2.9e-05
QR_4 1787064783.232408000 -0.994652   0.012738 0.0471695 -0.177118   0.140807 -0.0443912 0.0001   2.9e-05
HR_6 1787064783.242408000 1.000000   7.02799e-13 0.228194 -3.2089e-12   3.05763e-08 -3.51173e-17 0.0001   3.9e-05
QR_4 1787064783.242408000 -0.993670   0.0140668 0.0478824 -0.178095   0.145602 -0.0458503 0.0001   3.9e-05
HR_6 1787064783.252408000 1.000000   7.03215e-13 0.228204 -3.21067e-12   3.05931e-08 -3.51392e-17 0.0001   3.4e-05
QR_4 1787064783.252408000 -0.992516   0.0155756 0.0485787 -0.179336   0.149645 -0.0473614 0.0001   3.4e-05
HR_6 1787064783.262408000 1.000000   7.03548e-13 0.228212 -3.21208e-12   3.06066e-08 -3.51145e-17 0.0001   0.000112
QR_4 1787064783.262408000 -0.991510   0.0168792 0.04918 -0.180079   0.152114 -0.0485133 0.0001   0.000112
HR_6 1787064783.272409000 1.000000   7.03979e-13 0.228222 -3.21384e-12   3.06234e-08 -3.51225e-17 0.0001   2.5e-05
QR_4 1787064783.272409000 -0.990214   0.0186239 0.0499287 -0.181324   0.155166 -0.0498211 0.0001   2.5e-05
HR_6 1787064783.282409000 1.000000   7.04201e-13 0.228228 -3.2149e-12   3.06334e-08 -3.51236e-17 0.0001   0.000345
QR_4 1787064783.282409000 -0.989315   0.0197806 0.0503815 -0.182304   0.15676 -0.0504589 0.0001   0.000345
HR_6 1787064783.292402000 1.000000   7.04534e-13 0.228236 -3.21631e-12   3.06469e-08 -3.51378e-17 0.0001   0
QR_4 1787064783.292402000 -0.988034   0.0214295 0.0509692 -0.182604   0.159494 -0.0514634 0.0001   0
HR_6 1787064783.302402000 1.000000   7.04894e-13 0.228246 -3.21807e-12   3.06637e-08 -3.51791e-17 0.0001   3.4e-05
QR_4 1787064783.302402000 -0.986321   0.0236024 0.0517684 -0.182755   0.16258 -0.0530084 0.0001   3.4e-05
HR_6 1787064783.312402000 1.000000   7.05325e-13 0.228256 -3.21983e-12   3.06805e-08 -3.52219e-17 0.0001   0.000947
QR_4 1787064783.312402000 -0.984427   0.026013 0.0526233 -0.182625   0.165071 -0.0540435 0.0001   0.000947
HR_6 1787064783.322402000 1.000000   7.05463e-13 0.22826 -3.22054e-12   3.06872e-08 -3.52272e-17 0.0001   0.001432
QR_4 1787064783.322402000 -0.983641   0.027007 0.0530085 -0.182331   0.165623 -0.05466 0.0001   0.001432
HR_6 1787064783.332402000 1.000000   7.0588e-13 0.22827 -3.2223e-12   3.0704e-08 -3.5203e-17 0.0001   4.6e-05
QR_4 1787064783.332402000 -0.981505   0.0295628 0.0540167 -0.182042   0.166774 -0.0565369 0.0001   4.6e-05
HR_6 1787064783.342402000 1.000000   7.06352e-13 0.228282 -3.22442e-12   3.07242e-08 -3.5248e-17 0.0001   2.6e-05
QR_4 1787064783.342402000 -0.978711   0.0329287 0.0553459 -0.181908   0.16724 -0.0581015 0.0001   2.6e-05
HR_6 1787064783.352402000 1.000000   7.06768e-13 0.228292 -3.22618e-12   3.0741e-08 -3.52944e-17 0.0001   0.000435
QR_4 1787064783.352402000 -0.976177   0.0359517 0.056566 -0.182122   0.166914 -0.059037 0.0001   0.000435
HR_6 1787064783.362402000 1.000000   7.07198e-13 0.228302 -3.22795e-12   3.07578e-08 -3.53243e-17 0.0001   6.8e-05
QR_4 1787064783.362402000 -0.973418   0.0391454 0.0578906 -0.182528   0.166107 -0.0598599 0.0001   6.8e-05
HR_6 1787064783.372402000 1.000000   7.07517e-13 0.22831 -3.22936e-12   3.07712e-08 -3.53283e-17 0.0001   0.000925
QR_4 1787064783.372402000 -0.971072   0.0418132 0.0590279 -0.182547   0.165363 -0.0604073 0.0001   0.000925
HR_6 1787064783.382402000 1.000000   7.07795e-13 0.228318 -3.23077e-12   3.07847e-08 -3.53139e-17 0.0001   6.4e-05
QR_4 1787064783.382402000 -0.968581   0.0445813 0.060239 -0.182517   0.16444 -0.0607374 0.0001   6.4e-05
HR_6 1787064783.392402000 1.000000   7.08308e-13 0.22833 -3.23288e-12   3.08048e-08 -3.53177e-17 0.0001   4.6e-05
QR_4 1787064783.392402000 -0.964589   0.0489633 0.0622066 -0.182201   0.162908 -0.061187 0.0001   4.6e-05
HR_6 1787064783.402403000 1.000000   7.08641e-13 0.228338 -3.23429e-12   3.08183e-08 -3.52604e-17 0.0001   7e-05
QR_4 1787064783.402403000 -0.961753   0.0520642 0.0636414 -0.181516   0.162198 -0.0617758 0.0001   7e-05
HR_6 1787064783.412403000 1.000000   7.08961e-13 0.228346 -3.2357e-12   3.08317e-08 -3.5234e-17 0.0001   0.001072
QR_4 1787064783.412403000 -0.958797   0.0552604 0.0651015 -0.180517   0.16095 -0.0618525 0.0001   0.001072
HR_6 1787064783.422403000 1.000000   7.09238e-13 0.228354 -3.23712e-12   3.08451e-08 -3.52183e-17 0.0001   2.1e-05
QR_4 1787064783.422403000 -0.955712   0.0585551 0.0666518 -0.179151   0.159811 -0.0613818 0.0001   2.1e-05
HR_6 1787064783.432403000 1.000000   7.09655e-13 0.228364 -3.23888e-12   3.08619e-08 -3.52132e-17 0.0001   4.6e-05
QR_4 1787064783.432403000 -0.951720   0.0628355 0.0687009 -0.177038   0.158223 -0.0610218 0.0001   4.6e-05
HR_6 1787064783.442403000 1.000000   7.09988e-13 0.228372 -3.24029e-12   3.08754e-08 -3.52394e-17 0.0001   0.000191
QR_4 1787064783.442403000 -0.948395   0.0663901 0.0704438 -0.175381   0.156595 -0.060531 0.0001   0.000191
HR_6 1787064783.452403000 1.000000   7.10224e-13 0.228378 -3.24135e-12   3.08855e-08 -3.52701e-17 0.0001   2.4e-05
QR_4 1787064783.452403000 -0.945815   0.0691373 0.0717994 -0.173772   0.155634 -0.0600105 0.0001   2.4e-05
HR_6 1787064783.462403000 1.000000   7.10543e-13 0.228386 -3.24276e-12   3.08989e-08 -3.52707e-17 0.0001   5.9e-05
QR_4 1787064783.462403000 -0.942281   0.0728635 0.0737244 -0.171228   0.154862 -0.0588077 0.0001   5.9e-05
HR_6 1787064783.472403000 1.000000   7.10876e-13 0.228394 -3.24417e-12   3.09124e-08 -3.52608e-17 0.0001   1.8e-05
QR_4 1787064783.472403000 -0.938655   0.0766971 0.0757273 -0.168352   0.154174 -0.0577401 0.0001   1.8e-05
HR_6 1787064783.482403000 1.000000   7.11306e-13 0.228404 -3.24593e-12   3.09292e-08 -3.53099e-17 0.0001   5e-05
QR_4 1787064783.482403000 -0.933999   0.0816925 0.0784626 -0.165248   0.153653 -0.05724 0.0001   5e-05
HR_6 1787064783.492403000 1.000000   7.11625e-13 0.228412 -3.24734e-12   3.09426e-08 -3.53782e-17 0.0001   1.2e-05
QR_4 1787064783.492403000 -0.930099   0.0858129 0.0807538 -0.162839   0.153192 -0.0563575 0.0001   1.2e-05
HR_6 1787064783.502404000 1.000000   7.12e-13 0.228422 -3.24911e-12   3.09594e-08 -3.53923e-17 0.0001   3.2e-05
QR_4 1787064783.502404000 -0.925034   0.0910948 0.083776 -0.160169   0.152234 -0.0546753 0.0001   3.2e-05
HR_6 1787064783.512404000 1.000000   7.12319e-13 0.22843 -3.25052e-12   3.09728e-08 -3.54495e-17 0.0001   3.8e-05
QR_4 1787064783.512404000 -0.920854   0.0954202 0.086274 -0.157917   0.15087 -0.0530163 0.0001   3.8e-05
HR_6 1787064783.522404000 1.000000   7.12791e-13 0.228442 -3.25263e-12   3.0993e-08 -3.54375e-17 0.0001   3.8e-05
QR_4 1787064783.522404000 -0.914364   0.102134 0.090205 -0.154545   0.148389 -0.0506531 0.0001   3.8e-05
HR_6 1787064783.532404000 1.000000   7.1311e-13 0.22845 -3.25404e-12   3.10064e-08 -3.5416e-17 0.0001   2e-05
QR_4 1787064783.532404000 -0.909894   0.106758 0.0929356 -0.152088   0.146653 -0.0491741 0.0001   2e-05
HR_6 1787064783.542404000 1.000000   7.1354e-13 0.22846 -3.25581e-12   3.10232e-08 -3.54388e-17 0.0001   3.7e-05
QR_4 1787064783.542404000 -0.904139   0.112682 0.0964841 -0.148838   0.144328 -0.0474635 0.0001   3.7e-05
HR_6 1787064783.552404000 1.000000   7.13957e-13 0.22847 -3.25757e-12   3.104e-08 -3.54581e-17 0.0001   0.000123
QR_4 1787064783.552404000 -0.898196   0.118788 0.100182 -0.144983   0.142039 -0.0460774 0.0001   0.000123
HR_6 1787064783.562404000 1.000000   7.14234e-13 0.228478 -3.25898e-12   3.10535e-08 -3.54905e-17 0.0001   9.6e-05
QR_4 1787064783.562404000 -0.893334   0.123784 0.103237 -0.14183   0.14032 -0.0448074 0.0001   9.6e-05
HR_6 1787064783.572404000 1.000000   7.14651e-13 0.228488 -3.26074e-12   3.10703e-08 -3.54875e-17 0.0001   3.4e-05
QR_4 1787064783.572404000 -0.887104   0.130161 0.107152 -0.13825   0.138266 -0.0432065 0.0001   3.4e-05
HR_6 1787064783.582404000 1.000000   7.15122e-13 0.2285 -3.26286e-12   3.10905e-08 -3.55046e-17 0.0001   0.000863
QR_4 1787064783.582404000 -0.879417   0.137992 0.112031 -0.13383   0.135867 -0.0415388 0.0001   0.000863
HR_6 1787064783.592404000 1.000000   7.15414e-13 0.228506 -3.26392e-12   3.11005e-08 -3.54528e-17 0.0001   4.5e-05
QR_4 1787064783.592404000 -0.875493   0.141981 0.114533 -0.1313   0.134753 -0.0407552 0.0001   4.5e-05
HR_6 1787064783.602405000 1.000000   7.15775e-13 0.228516 -3.26568e-12   3.11173e-08 -3.54595e-17 0.0001   1.5e-05
QR_4 1787064783.602405000 -0.868767   0.148749 0.11891 -0.125734   0.132723 -0.0404545 0.0001   1.5e-05
HR_6 1787064783.612405000 1.000000   7.16108e-13 0.228524 -3.26709e-12   3.11308e-08 -3.54265e-17 0.0001   0.000123
QR_4 1787064783.612405000 -0.863275   0.154286 0.122507 -0.121161   0.130914 -0.0404573 0.0001   0.000123
HR_6 1787064783.622405000 1.000000   7.1633e-13 0.22853 -3.26815e-12   3.11409e-08 -3.54433e-17 0.0001   1.8e-05
QR_4 1787064783.622405000 -0.859093   0.158503 0.125264 -0.117137   0.129438 -0.0405048 0.0001   1.8e-05
HR_6 1787064783.632405000 1.000000   7.1676e-13 0.22854 -3.26991e-12   3.11577e-08 -3.54064e-17 0.0001   1.8e-05
QR_4 1787064783.632405000 -0.852004   0.165621 0.129993 -0.110493   0.126879 -0.0400423 0.0001   1.8e-05
HR_6 1787064783.642405000 1.000000   7.17176e-13 0.22855 -3.27168e-12   3.11745e-08 -3.5389e-17 0.0001   5.4e-05
QR_4 1787064783.642405000 -0.844783   0.172833 0.134743 -0.104673   0.124324 -0.0387355 0.0001   5.4e-05
HR_6 1787064783.652405000 1.000000   7.17412e-13 0.228556 -3.27273e-12   3.11845e-08 -3.53732e-17 0.0001   0.000412
QR_4 1787064783.652405000 -0.840375   0.177195 0.137595 -0.101444   0.122775 -0.037875 0.0001   0.000412
HR_6 1787064783.662405000 1.000000   7.17745e-13 0.228564 -3.27414e-12   3.1198e-08 -3.53447e-17 0.0001   6.8e-05
QR_4 1787064783.662405000 -0.834427   0.183046 0.141462 -0.0980983   0.120505 -0.0369319 0.0001   6.8e-05
HR_6 1787064783.672405000 1.000000   7.18106e-13 0.228574 -3.27591e-12   3.12148e-08 -3.53816e-17 0.0001   3.6e-05
QR_4 1787064783.672405000 -0.826873   0.190455 0.146387 -0.0949   0.117648 -0.035666 0.0001   3.6e-05
HR_6 1787064783.682405000 1.000000   7.18439e-13 0.228582 -3.27732e-12   3.12282e-08 -3.54057e-17 0.0001   0.002051
QR_4 1787064783.682405000 -0.820723   0.196415 0.150354 -0.0919332   0.11556 -0.0343408 0.0001   0.002051
HR_6 1787064783.692405000 1.000000   7.18675e-13 0.228588 -3.27838e-12   3.12383e-08 -3.54191e-17 0.0001   5.3e-05
QR_4 1787064783.692405000 -0.816045   0.200922 0.153346 -0.0891803   0.11412 -0.0331061 0.0001   5.3e-05
HR_6 1787064783.702406000 1.000000   7.19189e-13 0.2286 -3.28049e-12   3.12585e-08 -3.54514e-17 0.0001   3.4e-05
QR_4 1787064783.702406000 -0.806611   0.210031 0.159375 -0.0839019   0.111181 -0.0318278 0.0001   3.4e-05
HR_6 1787064783.712406000 1.000000   7.19522e-13 0.228608 -3.2819e-12   3.12719e-08 -3.54842e-17 0.0001   3.1e-05
QR_4 1787064783.712406000 -0.800222   0.216165 0.163407 -0.0810185   0.109286 -0.0308237 0.0001   3.1e-05
HR_6 1787064783.722406000 1.000000   7.19647e-13 0.228612 -3.28261e-12   3.12786e-08 -3.54798e-17 0.0001   2.1e-05
QR_4 1787064783.722406000 -0.797016   0.219234 0.16544 -0.0795487   0.10825 -0.0307632 0.0001   2.1e-05
HR_6 1787064783.732406000 1.000000   7.20118e-13 0.228624 -3.28472e-12   3.12988e-08 -3.55009e-17 0.0001   2.5e-05
QR_4 1787064783.732406000 -0.787332   0.228491 0.171625 -0.0749914   0.105032 -0.0314022 0.0001   2.5e-05
HR_6 1787064783.742406000 1.000000   7.20451e-13 0.228632 -3.28614e-12   3.13122e-08 -3.54826e-17 0.0001   3.6e-05
QR_4 1787064783.742406000 -0.780768   0.234748 0.1758 -0.0717304   0.102968 -0.0310301 0.0001   3.6e-05
HR_6 1787064783.752406000 1.000000   7.20729e-13 0.228638 -3.28719e-12   3.13223e-08 -3.54492e-17 0.0001   9e-06
QR_4 1787064783.752406000 -0.775767   0.239456 0.178946 -0.0693129   0.101517 -0.0302968 0.0001   9e-06
HR_6 1787064783.762406000 1.000000   7.21104e-13 0.228648 -3.28896e-12   3.13391e-08 -3.54496e-17 0.0001   1.3e-05
QR_4 1787064783.762406000 -0.767379   0.247276 0.184183 -0.0658529   0.0991546 -0.0300408 0.0001   1.3e-05
HR_6 1787064783.772406000 1.000000   7.2152e-13 0.228658 -3.29072e-12   3.13559e-08 -3.54855e-17 0.0001   3.4e-05
QR_4 1787064783.772406000 -0.758933   0.255178 0.18948 -0.062471   0.0967334 -0.0301881 0.0001   3.4e-05
HR_6 1787064783.782406000 1.000000   7.21853e-13 0.228666 -3.29213e-12   3.13694e-08 -3.54808e-17 0.0001   3.1e-05
QR_4 1787064783.782406000 -0.752068   0.261513 0.193734 -0.0598341   0.0949511 -0.0299998 0.0001   3.1e-05
HR_6 1787064783.792406000 1.000000   7.22186e-13 0.228674 -3.29354e-12   3.13828e-08 -3.54954e-17 0.0001   1e-05
QR_4 1787064783.792406000 -0.745117   0.267876 0.198017 -0.0571419   0.0931818 -0.0295563 0.0001   1e-05
HR_6 1787064783.802407000 1.000000   7.22547e-13 0.228684 -3.29531e-12   3.13996e-08 -3.55154e-17 0.0001   1.5e-05
QR_4 1787064783.802407000 -0.736373   0.275924 0.203409 -0.0539496   0.0908432 -0.029209 0.0001   1.5e-05
HR_6 1787064783.812407000 1.000000   7.2288e-13 0.228692 -3.29672e-12   3.14131e-08 -3.55271e-17 0.0001   5.2e-05
QR_4 1787064783.812407000 -0.729297   0.282461 0.207736 -0.051512   0.0890826 -0.0286955 0.0001   5.2e-05
HR_6 1787064783.822407000 1.000000   7.23199e-13 0.2287 -3.29813e-12   3.14265e-08 -3.54954e-17 0.0001   1.6e-05
QR_4 1787064783.822407000 -0.722155   0.288967 0.212086 -0.0489475   0.0873249 -0.0283322 0.0001   1.6e-05
HR_6 1787064783.832407000 1.000000   7.23532e-13 0.228708 -3.29954e-12   3.14399e-08 -3.55048e-17 0.0001   0.000329
QR_4 1787064783.832407000 -0.714953   0.29547 0.216459 -0.0463279   0.0856267 -0.0281805 0.0001   0.000329
HR_6 1787064783.842407000 1.000000   7.2399e-13 0.22872 -3.30165e-12   3.14601e-08 -3.55318e-17 0.0001   1.8e-05
QR_4 1787064783.842407000 -0.704057   0.305341 0.223047 -0.0424965   0.0830954 -0.0277996 0.0001   1.8e-05
HR_6 1787064783.852407000 1.000000   7.24421e-13 0.22873 -3.30342e-12   3.14769e-08 -3.5612e-17 0.0001   3.3e-05
QR_4 1787064783.852407000 -0.694865   0.313619 0.228563 -0.0393042   0.0809714 -0.0272197 0.0001   3.3e-05
HR_6 1787064783.862407000 1.000000   7.24754e-13 0.228738 -3.30483e-12   3.14903e-08 -3.55516e-17 0.0001   4.5e-05
QR_4 1787064783.862407000 -0.687481   0.320266 0.232988 -0.0369063   0.0792919 -0.0272014 0.0001   4.5e-05
HR_6 1787064783.872407000 1.000000   7.2517e-13 0.228748 -3.30659e-12   3.15071e-08 -3.55361e-17 0.0001   7.8e-05
QR_4 1787064783.872407000 -0.678210   0.328643 0.238554 -0.0339968   0.0770521 -0.0274839 0.0001   7.8e-05
HR_6 1787064783.882407000 1.000000   7.25545e-13 0.228758 -3.30835e-12   3.15239e-08 -3.55192e-17 0.0001   4.3e-05
QR_4 1787064783.882407000 -0.668853   0.337109 0.244144 -0.0311132   0.0747446 -0.0276113 0.0001   4.3e-05
HR_6 1787064783.892407000 1.000000   7.25864e-13 0.228766 -3.30976e-12   3.15374e-08 -3.54775e-17 0.0001   0.005458
QR_4 1787064783.892407000 -0.661326   0.343893 0.248638 -0.0287357   0.0726822 -0.0280919 0.0001   0.005458
HR_6 1787064783.902408000 1.000000   7.261e-13 0.228772 -3.31082e-12   3.15475e-08 -3.54946e-17 0.0001   0.000667
QR_4 1787064783.902408000 -0.655620   0.349002 0.252005 -0.0265416   0.0712159 -0.0278677 0.0001   0.000667
HR_6 1787064783.912408000 1.000000   7.26516e-13 0.228782 -3.31259e-12   3.15643e-08 -3.55205e-17 0.0001   4.7e-05
QR_4 1787064783.912408000 -0.646085   0.357559 0.257639 -0.0228349   0.0687093 -0.0279752 0.0001   4.7e-05
HR_6 1787064783.922408000 1.000000   7.26849e-13 0.22879 -3.314e-12   3.15777e-08 -3.55727e-17 0.0001   6.4e-05
QR_4 1787064783.922408000 -0.638369   0.364402 0.262153 -0.0196959   0.0667797 -0.0275405 0.0001   6.4e-05
HR_6 1787064783.932408000 1.000000   7.27182e-13 0.228798 -3.31541e-12   3.15912e-08 -3.55983e-17 0.0001   0.000176
QR_4 1787064783.932408000 -0.630657   0.371254 0.266699 -0.0167706   0.0647248 -0.0278176 0.0001   0.000176
HR_6 1787064783.942408000 1.000000   7.27543e-13 0.228808 -3.31717e-12   3.1608e-08 -3.56691e-17 0.0001   0.000133
QR_4 1787064783.942408000 -0.621022   0.379843 0.272378 -0.0130239   0.0620554 -0.029066 0.0001   0.000133
HR_6 1787064783.952408000 1.000000   7.2807e-13 0.22882 -3.31929e-12   3.16281e-08 -3.58004e-17 0.0001   0.002627
QR_4 1787064783.952408000 -0.609354   0.390179 0.279222 -0.00857618   0.0590724 -0.0302927 0.0001   0.002627
HR_6 1787064783.962408000 1.000000   7.28292e-13 0.228826 -3.32034e-12   3.16382e-08 -3.5787e-17 0.0001   3e-05
QR_4 1787064783.962408000 -0.603497   0.39534 0.282649 -0.00625389   0.0576844 -0.0308914 0.0001   3e-05
HR_6 1787064783.972408000 1.000000   7.28667e-13 0.228836 -3.32211e-12   3.1655e-08 -3.58853e-17 0.0001   9e-06
QR_4 1787064783.972408000 -0.593648   0.403947 0.288371 -0.00260831   0.0555968 -0.0316078 0.0001   9e-06
HR_6 1787064783.982408000 1.000000   7.29e-13 0.228844 -3.32352e-12   3.16684e-08 -3.59665e-17 0.0001   1.6e-05
QR_4 1787064783.982408000 -0.585754   0.410837 0.292893 0.000623117   0.0541471 -0.0320284 0.0001   1.6e-05
HR_6 1787064783.992408000 1.000000   7.29514e-13 0.228856 -3.32563e-12   3.16886e-08 -3.60077e-17 0.0001   3.5e-05
QR_4 1787064783.992408000 -0.573864   0.42111 0.299712 0.00540518   0.0518896 -0.0321246 0.0001   3.5e-05
HR_6 1787064784.002409000 1.000000   7.29555e-13 0.228858 -3.32599e-12   3.1692e-08 -3.60255e-17 0.0001   4.7e-05
QR_4 1787064784.002409000 -0.571883   0.42283 0.300864 0.00615236   0.051471 -0.0322069 0.0001   4.7e-05
HR_6 1787064784.012409000 1.000000   7.30069e-13 0.22887 -3.3281e-12   3.17121e-08 -3.60493e-17 0.0001   2.6e-05
QR_4 1787064784.012409000 -0.559944   0.433189 0.307815 0.0106293   0.0489941 -0.033142 0.0001   2.6e-05
HR_6 1787064784.022409000 1.000000   7.30443e-13 0.22888 -3.32987e-12   3.17289e-08 -3.60603e-17 0.0001   1.5e-05
QR_4 1787064784.022409000 -0.549929   0.441779 0.313629 0.0144404   0.0470749 -0.0338404 0.0001   1.5e-05
HR_6 1787064784.032409000 1.000000   7.30777e-13 0.228888 -3.33128e-12   3.17424e-08 -3.60555e-17 0.0001   3.6e-05
QR_4 1787064784.032409000 -0.541904   0.448647 0.318305 0.0174123   0.0455695 -0.0342026 0.0001   3.6e-05
HR_6 1787064784.042409000 1.000000   7.31096e-13 0.228896 -3.33269e-12   3.17558e-08 -3.60535e-17 0.0001   0.000485
QR_4 1787064784.042409000 -0.533870   0.455487 0.323023 0.0203117   0.0439101 -0.0341622 0.0001   0.000485
HR_6 1787064784.052409000 1.000000   7.31623e-13 0.228908 -3.3348e-12   3.1776e-08 -3.60752e-17 0.0001   0.00017
QR_4 1787064784.052409000 -0.521789   0.465698 0.330082 0.0247605   0.0420148 -0.0336348 0.0001   0.00017
HR_6 1787064784.062409000 1.000000   7.31942e-13 0.228916 -3.33621e-12   3.17894e-08 -3.60878e-17 0.0001   0.000321
QR_4 1787064784.062409000 -0.513730   0.472495 0.334794 0.0277655   0.0410163 -0.0328134 0.0001   0.000321
HR_6 1787064784.072409000 1.000000   7.32178e-13 0.228922 -3.33727e-12   3.17995e-08 -3.60712e-17 0.0001   2.2e-05
QR_4 1787064784.072409000 -0.507650   0.477606 0.338327 0.0300354   0.0405467 -0.0325569 0.0001   2.2e-05
HR_6 1787064784.082409000 1.000000   7.32511e-13 0.22893 -3.33868e-12   3.18129e-08 -3.60781e-17 0.0001   5.9e-05
QR_4 1787064784.082409000 -0.499507   0.48439 0.343031 0.032834   0.0396264 -0.0323588 0.0001   5.9e-05
HR_6 1787064784.092409000 1.000000   7.32969e-13 0.228942 -3.3408e-12   3.18331e-08 -3.61002e-17 0.0001   6.1e-05
QR_4 1787064784.092409000 -0.487252   0.494488 0.350106 0.0366392   0.0375559 -0.031651 0.0001   6.1e-05
HR_6 1787064784.102410000 1.000000   7.33205e-13 0.228948 -3.34186e-12   3.18432e-08 -3.60687e-17 0.0001   4.4e-05
QR_4 1787064784.102410000 -0.481103   0.499522 0.353636 0.0384989   0.0364555 -0.0314322 0.0001   4.4e-05
HR_6 1787064784.112410000 1.000000   7.33621e-13 0.228958 -3.34362e-12   3.186e-08 -3.60707e-17 0.0001   2.8e-05
QR_4 1787064784.112410000 -0.470842   0.507871 0.359509 0.0415751   0.0346747 -0.03105 0.0001   2.8e-05
HR_6 1787064784.122410000 1.000000   7.33955e-13 0.228966 -3.34503e-12   3.18734e-08 -3.61064e-17 0.0001   1.4e-05
QR_4 1787064784.122410000 -0.462599   0.514526 0.364214 0.0437833   0.0331141 -0.030944 0.0001   1.4e-05
HR_6 1787064784.132410000 1.000000   7.34329e-13 0.228976 -3.34679e-12   3.18902e-08 -3.61338e-17 0.0001   1.8e-05
QR_4 1787064784.132410000 -0.452298   0.522833 0.370105 0.0465592   0.0310721 -0.0306827 0.0001   1.8e-05
HR_6 1787064784.142410000 1.000000   7.34648e-13 0.228984 -3.3482e-12   3.19037e-08 -3.61728e-17 0.0001   2.6e-05
QR_4 1787064784.142410000 -0.444038   0.529479 0.37479 0.0493095   0.0300016 -0.030893 0.0001   2.6e-05
HR_6 1787064784.152410000 1.000000   7.34982e-13 0.228992 -3.34962e-12   3.19171e-08 -3.62333e-17 0.0001   1.6e-05
QR_4 1787064784.152410000 -0.435763   0.536072 0.379454 0.0521726   0.0292086 -0.0307522 0.0001   1.6e-05
HR_6 1787064784.162410000 1.000000   7.35398e-13 0.229002 -3.35138e-12   3.19339e-08 -3.6204e-17 0.0001   7.7e-05
QR_4 1787064784.162410000 -0.425439   0.54424 0.385275 0.0556774   0.0281241 -0.029802 0.0001   7.7e-05
HR_6 1787064784.172410000 1.000000   7.35731e-13 0.22901 -3.35279e-12   3.19474e-08 -3.61938e-17 0.0001   0.001944
QR_4 1787064784.172410000 -0.417159   0.550728 0.389941 0.0581058   0.0269517 -0.0292091 0.0001   0.001944
HR_6 1787064784.182410000 1.000000   7.36064e-13 0.229018 -3.3542e-12   3.19608e-08 -3.62107e-17 0.0001   0.000273
QR_4 1787064784.182410000 -0.408862   0.557188 0.394618 0.060113   0.0254103 -0.0291327 0.0001   0.000273
HR_6 1787064784.192410000 1.000000   7.36425e-13 0.229028 -3.35596e-12   3.19776e-08 -3.62077e-17 0.0001   3.6e-05
QR_4 1787064784.192410000 -0.398457   0.56521 0.400438 0.0625902   0.0238845 -0.0288639 0.0001   3.6e-05
HR_6 1787064784.202411000 1.000000   7.36758e-13 0.229036 -3.35737e-12   3.1991e-08 -3.62071e-17 0.0001   3.5e-05
QR_4 1787064784.202411000 -0.390126   0.571605 0.405104 0.0640562   0.0227347 -0.0292003 0.0001   3.5e-05
HR_6 1787064784.212411000 1.000000   7.37077e-13 0.229044 -3.35879e-12   3.20045e-08 -3.61725e-17 0.0001   5.3e-05
QR_4 1787064784.212411000 -0.381760   0.577964 0.409761 0.065372   0.0213819 -0.0298828 0.0001   5.3e-05
HR_6 1787064784.222411000 1.000000   7.37507e-13 0.229054 -3.36055e-12   3.20213e-08 -3.62508e-17 0.0001   4.7e-05
QR_4 1787064784.222411000 -0.371287   0.585834 0.415538 0.0681394   0.020173 -0.0297251 0.0001   4.7e-05
HR_6 1787064784.232411000 1.000000   7.3784e-13 0.229062 -3.36196e-12   3.20347e-08 -3.6276e-17 0.0001   6.8e-05
QR_4 1787064784.232411000 -0.362907   0.5921 0.420143 0.0706872   0.0195788 -0.0300032 0.0001   6.8e-05
HR_6 1787064784.242411000 1.000000   7.38201e-13 0.229072 -3.36372e-12   3.20515e-08 -3.63365e-17 0.0001   5.7e-05
QR_4 1787064784.242411000 -0.352413   0.599875 0.425875 0.0740236   0.0191713 -0.0301713 0.0001   5.7e-05
HR_6 1787064784.252411000 1.000000   7.38534e-13 0.22908 -3.36513e-12   3.2065e-08 -3.63454e-17 0.0001   1.2e-05
QR_4 1787064784.252411000 -0.344007   0.60604 0.430451 0.0766184   0.0189143 -0.0302124 0.0001   1.2e-05
HR_6 1787064784.262411000 1.000000   7.38951e-13 0.22909 -3.3669e-12   3.20818e-08 -3.62968e-17 0.0001   1.1e-05
QR_4 1787064784.262411000 -0.333479   0.613675 0.436164 0.0789806   0.0178899 -0.0300695 0.0001   1.1e-05
HR_6 1787064784.272411000 1.000000   7.39186e-13 0.229096 -3.36795e-12   3.20919e-08 -3.63331e-17 0.0001   4.5e-05
QR_4 1787064784.272411000 -0.327141   0.618213 0.43955 0.0802505   0.0172771 -0.0303227 0.0001   4.5e-05
HR_6 1787064784.282411000 1.000000   7.39617e-13 0.229106 -3.36972e-12   3.21087e-08 -3.63425e-17 0.0001   5.4e-05
QR_4 1787064784.282411000 -0.316575   0.625717 0.445123 0.0817752   0.0160002 -0.0308205 0.0001   5.4e-05
HR_6 1787064784.292411000 1.000000   7.39978e-13 0.229116 -3.37148e-12   3.21255e-08 -3.63749e-17 0.0001   6.1e-05
QR_4 1787064784.292411000 -0.306000   0.633138 0.450649 0.0832152   0.0145769 -0.0311197 0.0001   6.1e-05
HR_6 1787064784.302412000 1.000000   7.40311e-13 0.229124 -3.37289e-12   3.21389e-08 -3.63863e-17 0.0001   0.00229
QR_4 1787064784.302412000 -0.297519   0.639017 0.455059 0.084433   0.013481 -0.0318144 0.0001   0.00229
HR_6 1787064784.312412000 1.000000   7.40644e-13 0.229132 -3.3743e-12   3.21523e-08 -3.64172e-17 0.0001   5.5e-05
QR_4 1787064784.312412000 -0.289026   0.644845 0.459369 0.0851507   0.0125193 -0.0326971 0.0001   5.5e-05
HR_6 1787064784.322412000 1.000000   7.4106e-13 0.229142 -3.37607e-12   3.21691e-08 -3.63711e-17 0.0001   2.3e-05
QR_4 1787064784.322412000 -0.278428   0.652058 0.464731 0.0863381   0.0113715 -0.0332624 0.0001   2.3e-05
HR_6 1787064784.332412000 1.000000   7.41393e-13 0.22915 -3.37748e-12   3.21826e-08 -3.6391e-17 0.0001   0.003902
QR_4 1787064784.332412000 -0.269926   0.657765 0.469044 0.0877087   0.0104726 -0.0339395 0.0001   0.003902
HR_6 1787064784.342412000 1.000000   7.41615e-13 0.229156 -3.37853e-12   3.21927e-08 -3.64389e-17 0.0001   6.7e-05
QR_4 1787064784.342412000 -0.263550   0.662008 0.472306 0.0892842   0.00958465 -0.0342724 0.0001   6.7e-05
HR_6 1787064784.352412000 1.000000   7.42087e-13 0.229168 -3.38065e-12   3.22128e-08 -3.6389e-17 0.0001   5.3e-05
QR_4 1787064784.352412000 -0.250791   0.67041 0.478802 0.0928601   0.00760445 -0.0346214 0.0001   5.3e-05
HR_6 1787064784.362412000 1.000000   7.42517e-13 0.229178 -3.38241e-12   3.22296e-08 -3.63866e-17 0.0001   4.8e-05
QR_4 1787064784.362412000 -0.240146   0.677312 0.484192 0.0954763   0.00596077 -0.0348305 0.0001   4.8e-05
HR_6 1787064784.372412000 1.000000   7.42836e-13 0.229186 -3.38382e-12   3.22431e-08 -3.63863e-17 0.0001   1.1e-05
QR_4 1787064784.372412000 -0.231634   0.68275 0.488493 0.0972008   0.00481574 -0.0350674 0.0001   1.1e-05
HR_6 1787064784.382412000 1.000000   7.43211e-13 0.229196 -3.38559e-12   3.22599e-08 -3.64744e-17 0.0001   3e-05
QR_4 1787064784.382412000 -0.221014   0.689476 0.493873 0.0987936   0.00350744 -0.0355024 0.0001   3e-05
HR_6 1787064784.392412000 1.000000   7.43725e-13 0.229208 -3.3877e-12   3.228e-08 -3.6549e-17 0.0001   0.00133
QR_4 1787064784.392412000 -0.208274   0.697408 0.500327 0.0999049   0.00246216 -0.0360868 0.0001   0.00133
HR_6 1787064784.402413000 1.000000   7.4396e-13 0.229214 -3.38876e-12   3.22901e-08 -3.65906e-17 0.0001   2.5e-05
QR_4 1787064784.402413000 -0.201910   0.70131 0.503535 0.100135   0.00196158 -0.0362009 0.0001   2.5e-05
HR_6 1787064784.412413000 1.000000   7.44294e-13 0.229222 -3.39017e-12   3.23036e-08 -3.66331e-17 0.0001   9e-05
QR_4 1787064784.412413000 -0.193423   0.706454 0.507862 0.100646   0.0018949 -0.0363188 0.0001   9e-05
HR_6 1787064784.422413000 1.000000   7.4471e-13 0.229232 -3.39194e-12   3.23204e-08 -3.66667e-17 0.0001   3.3e-05
QR_4 1787064784.422413000 -0.182815   0.712793 0.513285 0.101607   0.0015065 -0.0367168 0.0001   3.3e-05
HR_6 1787064784.432413000 1.000000   7.44946e-13 0.229238 -3.39299e-12   3.23304e-08 -3.6696e-17 0.0001   3.7e-05
QR_4 1787064784.432413000 -0.176457   0.716546 0.516577 0.102358   0.000997317 -0.0365439 0.0001   3.7e-05
HR_6 1787064784.442413000 1.000000   7.45307e-13 0.229248 -3.39476e-12   3.23472e-08 -3.67607e-17 0.0001   0.000165
QR_4 1787064784.442413000 -0.165857   0.722728 0.522077 0.103314   -3.94443e-06 -0.0357971 0.0001   0.000165
HR_6 1787064784.452413000 1.000000   7.45737e-13 0.229258 -3.39652e-12   3.2364e-08 -3.68093e-17 0.0001   8.2e-05
QR_4 1787064784.452413000 -0.155249   0.728796 0.527593 0.104271   -0.00126955 -0.0354764 0.0001   8.2e-05
HR_6 1787064784.462413000 1.000000   7.45973e-13 0.229264 -3.39758e-12   3.23741e-08 -3.68611e-17 0.0001   0.000153
QR_4 1787064784.462413000 -0.148896   0.732391 0.53087 0.104483   -0.00226773 -0.0348421 0.0001   0.000153
HR_6 1787064784.472413000 1.000000   7.46292e-13 0.229272 -3.39899e-12   3.23876e-08 -3.69176e-17 0.0001   7.3e-05
QR_4 1787064784.472413000 -0.140433   0.73713 0.535236 0.10403   -0.00412407 -0.0335395 0.0001   7.3e-05
HR_6 1787064784.482413000 1.000000   7.46625e-13 0.22928 -3.4004e-12   3.2401e-08 -3.69055e-17 0.0001   2e-05
QR_4 1787064784.482413000 -0.131963   0.741758 0.539606 0.104071   -0.00574353 -0.0329369 0.0001   2e-05
HR_6 1787064784.492413000 1.000000   7.46958e-13 0.229288 -3.40181e-12   3.24145e-08 -3.69754e-17 0.0001   2.4e-05
QR_4 1787064784.492413000 -0.123509   0.746321 0.543871 0.104089   -0.0069685 -0.0321771 0.0001   2.4e-05
HR_6 1787064784.502414000 1.000000   7.47374e-13 0.229298 -3.40357e-12   3.24313e-08 -3.69847e-17 0.0001   1.8e-05
QR_4 1787064784.502414000 -0.112954   0.751939 0.549153 0.10419   -0.00820654 -0.0310696 0.0001   1.8e-05
HR_6 1787064784.512414000 1.000000   7.47652e-13 0.229306 -3.40498e-12   3.24447e-08 -3.69844e-17 0.0001   0.003289
QR_4 1787064784.512414000 -0.104516   0.756361 0.553354 0.10444   -0.00892444 -0.0304253 0.0001   0.003289
HR_6 1787064784.522414000 1.000000   7.48068e-13 0.229316 -3.40675e-12   3.24615e-08 -3.70173e-17 0.0001   3.8e-05
QR_4 1787064784.522414000 -0.093983   0.761795 0.558545 0.104694   -0.00999391 -0.029445 0.0001   3.8e-05
HR_6 1787064784.532414000 1.000000   7.48498e-13 0.229326 -3.40851e-12   3.24783e-08 -3.70225e-17 0.0001   2.2e-05
QR_4 1787064784.532414000 -0.083478   0.767132 0.563696 0.10469   -0.0111269 -0.0285589 0.0001   2.2e-05
HR_6 1787064784.542414000 1.000000   7.4897e-13 0.229338 -3.41063e-12   3.24985e-08 -3.70053e-17 0.0001   6.6e-05
QR_4 1787064784.542414000 -0.070891   0.773411 0.569828 0.104537   -0.0124512 -0.0276037 0.0001   6.6e-05
HR_6 1787064784.552410000 1.000000   7.4929e-13 0.229346 -3.41204e-12   3.25119e-08 -3.69925e-17 0.0001   2e-06
QR_4 1787064784.552410000 -0.062505   0.777523 0.573886 0.104299   -0.0132733 -0.0269355 0.0001   2e-06
HR_6 1787064784.562410000 1.000000   7.49623e-13 0.229354 -3.41345e-12   3.25253e-08 -3.70047e-17 0.0001   4e-05
QR_4 1787064784.562410000 -0.054137   0.781574 0.577911 0.104182   -0.0140442 -0.0263183 0.0001   4e-05
HR_6 1787064784.572410000 1.000000   7.50039e-13 0.229364 -3.41521e-12   3.25422e-08 -3.70024e-17 0.0001   0.004262
QR_4 1787064784.572410000 -0.043693   0.786578 0.582908 0.103924   -0.0149272 -0.0252283 0.0001   0.004262
HR_6 1787064784.582410000 1.000000   7.50275e-13 0.22937 -3.41627e-12   3.25522e-08 -3.70324e-17 0.0001   4.3e-05
QR_4 1787064784.582410000 -0.037450   0.789509 0.585935 0.103599   -0.0157336 -0.0249144 0.0001   4.3e-05
HR_6 1787064784.592410000 1.000000   7.5065e-13 0.22938 -3.41803e-12   3.2569e-08 -3.70223e-17 0.0001   8.3e-05
QR_4 1787064784.592410000 -0.027061   0.794275 0.590965 0.10313   -0.0171546 -0.024859 0.0001   8.3e-05
HR_6 1787064784.602410000 1.000000   7.51066e-13 0.22939 -3.4198e-12   3.25858e-08 -3.70745e-17 0.0001   0.002227
QR_4 1787064784.602410000 -0.016672   0.798962 0.595897 0.102675   -0.0178001 -0.0243114 0.0001   0.002227
HR_6 1787064784.612410000 1.000000   7.51399e-13 0.229398 -3.42121e-12   3.25993e-08 -3.7132e-17 0.0001   3.9e-05
QR_4 1787064784.612410000 -0.008359   0.802666 0.599798 0.102287   -0.0178203 -0.0233068 0.0001   3.9e-05
HR_6 1787064784.622410000 1.000000   7.51732e-13 0.229406 -3.42262e-12   3.26127e-08 -3.71647e-17 0.0001   1.6e-05
QR_4 1787064784.622410000 -0.000066   0.806278 0.603683 0.102022   -0.0177958 -0.022816 0.0001   1.6e-05
HR_6 1787064784.632410000 1.000000   7.51954e-13 0.229412 -3.42368e-12   3.26228e-08 -3.71818e-17 0.0001   0.000439
QR_4 1787064784.632410000 0.006179   0.808967 0.606602 0.101845   -0.0179432 -0.0218245 0.0001   0.000439
HR_6 1787064784.642410000 1.000000   7.52384e-13 0.229422 -3.42544e-12   3.26396e-08 -3.72325e-17 0.0001   5e-05
QR_4 1787064784.642410000 0.016628   0.813392 0.611391 0.101672   -0.0191526 -0.0194012 0.0001   5e-05
HR_6 1787064784.652410000 1.000000   7.52759e-13 0.229432 -3.4272e-12   3.26564e-08 -3.7258e-17 0.0001   3.1e-05
QR_4 1787064784.652410000 0.027033   0.817715 0.616127 0.101188   -0.0198976 -0.017464 0.0001   3.1e-05
HR_6 1787064784.662411000 1.000000   7.53078e-13 0.22944 -3.42861e-12   3.26698e-08 -3.73186e-17 0.0001   3.5e-05
QR_4 1787064784.662411000 0.035318   0.821116 0.619887 0.100428   -0.0200924 -0.0163583 0.0001   3.5e-05
HR_6 1787064784.672411000 1.000000   7.53508e-13 0.22945 -3.43038e-12   3.26866e-08 -3.7332e-17 0.0001   5.9e-05
QR_4 1787064784.672411000 0.045688   0.825283 0.624544 0.0993844   -0.0204602 -0.0141199 0.0001   5.9e-05
HR_6 1787064784.682411000 1.000000   7.53925e-13 0.22946 -3.43214e-12   3.27035e-08 -3.73885e-17 0.0001   1.1e-05
QR_4 1787064784.682411000 0.056016   0.82935 0.62913 0.0987946   -0.0206814 -0.0128994 0.0001   1.1e-05
HR_6 1787064784.692411000 1.000000   7.54299e-13 0.22947 -3.4339e-12   3.27203e-08 -3.74437e-17 0.0001   4.7e-05
QR_4 1787064784.692411000 0.066304   0.833334 0.633652 0.0984981   -0.0210851 -0.012578 0.0001   4.7e-05
HR_6 1787064784.702411000 1.000000   7.54716e-13 0.22948 -3.43567e-12   3.27371e-08 -3.74577e-17 0.0001   5e-05
QR_4 1787064784.702411000 0.076591   0.837226 0.638136 0.0982036   -0.0219942 -0.0112547 0.0001   5e-05
HR_6 1787064784.712411000 1.000000   7.55049e-13 0.229488 -3.43708e-12   3.27505e-08 -3.75121e-17 0.0001   0.001891
QR_4 1787064784.712411000 0.084813   0.840265 0.641648 0.0979586   -0.0228685 -0.0111473 0.0001   0.001891
HR_6 1787064784.722411000 1.000000   7.55424e-13 0.229498 -3.43884e-12   3.27673e-08 -3.74953e-17 0.0001   9e-06
QR_4 1787064784.722411000 0.095080   0.843956 0.646033 0.0972361   -0.024183 -0.0121437 0.0001   9e-06
HR_6 1787064784.732411000 1.000000   7.55701e-13 0.229504 -3.4399e-12   3.27774e-08 -3.7517e-17 0.0001   5.6e-05
QR_4 1787064784.732411000 0.101225   0.846137 0.648657 0.0966371   -0.0251347 -0.0121896 0.0001   5.6e-05
HR_6 1787064784.742411000 1.000000   7.56076e-13 0.229514 -3.44166e-12   3.27942e-08 -3.75077e-17 0.0001   6e-05
QR_4 1787064784.742411000 0.111463   0.84971 0.652936 0.0954648   -0.0271275 -0.012584 0.0001   6e-05
HR_6 1787064784.752411000 1.000000   7.56506e-13 0.229524 -3.44343e-12   3.2811e-08 -3.75834e-17 0.0001   4.8e-05
QR_4 1787064784.752411000 0.121676   0.853169 0.657142 0.0943256   -0.0293932 -0.0138138 0.0001   4.8e-05
HR_6 1787064784.762406000 1.000000   7.56825e-13 0.229532 -3.44484e-12   3.28244e-08 -3.76277e-17 0.0001   2e-06
QR_4 1787064784.762406000 0.129828   0.855873 0.660456 0.0932826   -0.0315921 -0.014737 0.0001   2e-06
HR_6 1787064784.772407000 1.000000   7.57158e-13 0.22954 -3.44625e-12   3.28379e-08 -3.76701e-17 0.0001   2.3e-05
QR_4 1787064784.772407000 0.137968   0.85853 0.663748 0.0920589   -0.0340769 -0.0156168 0.0001   2.3e-05
HR_6 1787064784.782407000 1.000000   7.57491e-13 0.229548 -3.44766e-12   3.28513e-08 -3.76788e-17 0.0001   6.5e-05
QR_4 1787064784.782407000 0.146079   0.861107 0.66702 0.0908494   -0.0364262 -0.0173666 0.0001   6.5e-05
HR_6 1787064784.792407000 1.000000   7.57852e-13 0.229558 -3.44942e-12   3.28681e-08 -3.77017e-17 0.0001   0.000429
QR_4 1787064784.792407000 0.156180   0.864267 0.671068 0.0897248   -0.0389245 -0.0189416 0.0001   0.000429
HR_6 1787064784.802407000 1.000000   7.58282e-13 0.229568 -3.45118e-12   3.28849e-08 -3.77357e-17 0.0001   1.7e-05
QR_4 1787064784.802407000 0.166248   0.867351 0.675083 0.0889322   -0.040989 -0.0193279 0.0001   1.7e-05
HR_6 1787064784.812407000 1.000000   7.58518e-13 0.229574 -3.45224e-12   3.2895e-08 -3.77315e-17 0.0001   3.7e-05
QR_4 1787064784.812407000 0.172267   0.869157 0.677485 0.0885487   -0.0422272 -0.0193669 0.0001   3.7e-05
HR_6 1787064784.822407000 1.000000   7.58837e-13 0.229582 -3.45365e-12   3.29084e-08 -3.77201e-17 0.0001   3.8e-05
QR_4 1787064784.822407000 0.180262   0.871527 0.680604 0.0880657   -0.0441933 -0.0201919 0.0001   3.8e-05
HR_6 1787064784.832407000 1.000000   7.59268e-13 0.229592 -3.45542e-12   3.29252e-08 -3.77361e-17 0.0001   0.002261
QR_4 1787064784.832407000 0.190237   0.874418 0.684424 0.0872868   -0.0468038 -0.0201968 0.0001   0.002261
HR_6 1787064784.842407000 1.000000   7.59587e-13 0.2296 -3.45683e-12   3.29387e-08 -3.77707e-17 0.0001   3.1e-05
QR_4 1787064784.842407000 0.198158   0.876663 0.687475 0.0866076   -0.0484923 -0.0209814 0.0001   3.1e-05
HR_6 1787064784.852407000 1.000000   7.59962e-13 0.22961 -3.45859e-12   3.29555e-08 -3.78075e-17 0.0001   1.8e-05
QR_4 1787064784.852407000 0.207989   0.879411 0.691252 0.0856597   -0.0504683 -0.0222692 0.0001   1.8e-05
HR_6 1787064784.862407000 1.000000   7.60392e-13 0.22962 -3.46035e-12   3.29723e-08 -3.78122e-17 0.0001   4.6e-05
QR_4 1787064784.862407000 0.217807   0.882085 0.694965 0.0844304   -0.0518875 -0.0227021 0.0001   4.6e-05
HR_6 1787064784.872408000 1.000000   7.60808e-13 0.22963 -3.46212e-12   3.29891e-08 -3.7873e-17 0.0001   4.3e-05
QR_4 1787064784.872408000 0.227547   0.884644 0.69866 0.0831951   -0.052942 -0.0237192 0.0001   4.3e-05
HR_6 1787064784.882408000 1.000000   7.61086e-13 0.229638 -3.46353e-12   3.30025e-08 -3.78928e-17 0.0001   9.7e-05
QR_4 1787064784.882408000 0.235282   0.886656 0.701568 0.0822721   -0.0541299 -0.024309 0.0001   9.7e-05
HR_6 1787064784.892408000 1.000000   7.61419e-13 0.229646 -3.46494e-12   3.3016e-08 -3.78998e-17 0.0001   4e-05
QR_4 1787064784.892408000 0.242982   0.888632 0.704425 0.0813303   -0.0552234 -0.0246562 0.0001   4e-05
HR_6 1787064784.902408000 1.000000   7.61932e-13 0.229658 -3.46705e-12   3.30361e-08 -3.79127e-17 0.0001   0.002967
QR_4 1787064784.902408000 0.254455   0.891464 0.708698 0.0798005   -0.0568271 -0.0259013 0.0001   0.002967
HR_6 1787064784.912408000 1.000000   7.62071e-13 0.229662 -3.46776e-12   3.30429e-08 -3.79292e-17 0.0001   2.2e-05
QR_4 1787064784.912408000 0.258268   0.892381 0.710142 0.0792518   -0.0577157 -0.0262516 0.0001   2.2e-05
HR_6 1787064784.922408000 1.000000   7.62501e-13 0.229672 -3.46952e-12   3.30597e-08 -3.79545e-17 0.0001   2.1e-05
QR_4 1787064784.922408000 0.267771   0.894656 0.71373 0.0778276   -0.0600739 -0.0265204 0.0001   2.1e-05
HR_6 1787064784.932408000 1.000000   7.6282e-13 0.22968 -3.47093e-12   3.30731e-08 -3.79552e-17 0.0001   4.3e-05
QR_4 1787064784.932408000 0.275342   0.896401 0.71658 0.0768261   -0.0619486 -0.0269285 0.0001   4.3e-05
HR_6 1787064784.942408000 1.000000   7.63195e-13 0.22969 -3.4727e-12   3.30899e-08 -3.79458e-17 0.0001   7.2e-05
QR_4 1787064784.942408000 0.284736   0.898498 0.720073 0.075922   -0.0633059 -0.0273516 0.0001   7.2e-05
HR_6 1787064784.952408000 1.000000   7.63611e-13 0.2297 -3.47446e-12   3.31067e-08 -3.79523e-17 0.0001   5.1e-05
QR_4 1787064784.952408000 0.294079   0.900522 0.723531 0.0748871   -0.0651444 -0.0278693 0.0001   5.1e-05
HR_6 1787064784.962408000 1.000000   7.64042e-13 0.22971 -3.47622e-12   3.31235e-08 -3.79606e-17 0.0001   0.000143
QR_4 1787064784.962408000 0.303373   0.902495 0.726979 0.0737195   -0.0668672 -0.028395 0.0001   0.000143
HR_6 1787064784.972409000 1.000000   7.64278e-13 0.229716 -3.47728e-12   3.31336e-08 -3.80009e-17 0.0001   6e-05
QR_4 1787064784.972409000 0.308888   0.903634 0.729044 0.072998   -0.067723 -0.0285369 0.0001   6e-05
HR_6 1787064784.982409000 1.000000   7.64694e-13 0.229726 -3.47905e-12   3.31504e-08 -3.80367e-17 0.0001   0.000577
QR_4 1787064784.982409000 0.317992   0.905463 0.732483 0.0715109   -0.0696538 -0.0285984 0.0001   0.000577
HR_6 1787064784.992409000 1.000000   7.65069e-13 0.229736 -3.48081e-12   3.31672e-08 -3.80706e-17 0.0001   4e-05
QR_4 1787064784.992409000 0.327045   0.907237 0.735909 0.0699431   -0.0711245 -0.02885 0.0001   4e-05
HR_6 1787064785.002409000 1.000000   7.65499e-13 0.229746 -3.48257e-12   3.3184e-08 -3.80942e-17 0.0001   9.6e-05
QR_4 1787064785.002409000 0.335995   0.908945 0.739259 0.068372   -0.0727531 -0.0288784 0.0001   9.6e-05
HR_6 1787064785.012409000 1.000000   7.65721e-13 0.229752 -3.48363e-12   3.31941e-08 -3.81481e-17 0.0001   2.8e-05
QR_4 1787064785.012409000 0.341320   0.909949 0.741227 0.0674189   -0.0740316 -0.0288264 0.0001   2.8e-05
HR_6 1787064785.022409000 1.000000   7.66193e-13 0.229764 -3.48575e-12   3.32142e-08 -3.81279e-17 0.0001   3.1e-05
QR_4 1787064785.022409000 0.351921   0.91192 0.745162 0.065612   -0.0760489 -0.0292069 0.0001   3.1e-05
HR_6 1787064785.032409000 1.000000   7.66512e-13 0.229772 -3.48716e-12   3.32277e-08 -3.80762e-17 0.0001   0.000498
QR_4 1787064785.032409000 0.358946   0.913178 0.747827 0.0644833   -0.0767777 -0.029537 0.0001   0.000498
HR_6 1787064785.042409000 1.000000   7.66845e-13 0.22978 -3.48857e-12   3.32411e-08 -3.7998e-17 0.0001   3.8e-05
QR_4 1787064785.042409000 0.365881   0.914361 0.750536 0.0633773   -0.0770163 -0.0292641 0.0001   3.8e-05
HR_6 1787064785.052409000 1.000000   7.67275e-13 0.22979 -3.49033e-12   3.32579e-08 -3.79188e-17 0.0001   3.7e-05
QR_4 1787064785.052409000 0.374474   0.915831 0.753883 0.0619989   -0.0770927 -0.0291281 0.0001   3.7e-05
HR_6 1787064785.062409000 1.000000   7.67594e-13 0.229798 -3.49174e-12   3.32714e-08 -3.78995e-17 0.0001   1.1e-05
QR_4 1787064785.062409000 0.381313   0.916931 0.756557 0.0610067   -0.077107 -0.0287675 0.0001   1.1e-05
HR_6 1787064785.072410000 1.000000   7.67927e-13 0.229806 -3.49315e-12   3.32848e-08 -3.79434e-17 0.0001   1.4e-05
QR_4 1787064785.072410000 0.388102   0.917947 0.759268 0.060086   -0.0768701 -0.0280055 0.0001   1.4e-05
HR_6 1787064785.082410000 1.000000   7.68302e-13 0.229816 -3.49492e-12   3.33016e-08 -3.79677e-17 0.0001   0.000132
QR_4 1787064785.082410000 0.396511   0.919214 0.762634 0.0588117   -0.0767083 -0.0276559 0.0001   0.000132
HR_6 1787064785.092410000 1.000000   7.68621e-13 0.229824 -3.49633e-12   3.3315e-08 -3.79781e-17 0.0001   0.00232
QR_4 1787064785.092410000 0.403209   0.920176 0.765286 0.057762   -0.0769104 -0.0273554 0.0001   0.00232
HR_6 1787064785.102410000 1.000000   7.68913e-13 0.22983 -3.49738e-12   3.33251e-08 -3.79724e-17 0.0001   5.7e-05
QR_4 1787064785.102410000 0.408227   0.920873 0.767207 0.0569773   -0.0778145 -0.0271884 0.0001   5.7e-05
HR_6 1787064785.112410000 1.000000   7.69287e-13 0.22984 -3.49915e-12   3.33419e-08 -3.80024e-17 0.0001   4.7e-05
QR_4 1787064785.112410000 0.416505   0.922006 0.770355 0.0555966   -0.0799948 -0.0269152 0.0001   4.7e-05
HR_6 1787064785.122410000 1.000000   7.69607e-13 0.229848 -3.50056e-12   3.33554e-08 -3.79949e-17 0.0001   0.002969
QR_4 1787064785.122410000 0.423086   0.922856 0.772848 0.0544488   -0.0816838 -0.0265874 0.0001   0.002969
HR_6 1787064785.132410000 1.000000   7.6994e-13 0.229856 -3.50197e-12   3.33688e-08 -3.80059e-17 0.0001   6.1e-05
QR_4 1787064785.132410000 0.429594   0.923685 0.775355 0.0531338   -0.083027 -0.0264304 0.0001   6.1e-05
HR_6 1787064785.142410000 1.000000   7.7037e-13 0.229866 -3.50373e-12   3.33856e-08 -3.80224e-17 0.0001   2.5e-05
QR_4 1787064785.142410000 0.437607   0.924697 0.778438 0.0513072   -0.0844387 -0.0257823 0.0001   2.5e-05
HR_6 1787064785.152410000 1.000000   7.70689e-13 0.229874 -3.50514e-12   3.33991e-08 -3.80338e-17 0.0001   2.5e-05
QR_4 1787064785.152410000 0.443994   0.925472 0.780961 0.0498227   -0.0849492 -0.0258077 0.0001   2.5e-05
HR_6 1787064785.162410000 1.000000   7.71022e-13 0.229882 -3.50655e-12   3.34125e-08 -3.80017e-17 0.0001   0.000792
QR_4 1787064785.162410000 0.450315   0.9262 0.783529 0.0483899   -0.0853304 -0.0257465 0.0001   0.000792
HR_6 1787064785.172411000 1.000000   7.71397e-13 0.229892 -3.50832e-12   3.34293e-08 -3.80399e-17 0.0001   2.9e-05
QR_4 1787064785.172411000 0.458110   0.927067 0.786765 0.0466946   -0.0857877 -0.0251811 0.0001   2.9e-05
HR_6 1787064785.182411000 1.000000   7.71716e-13 0.2299 -3.50973e-12   3.34427e-08 -3.80269e-17 0.0001   0.000874
QR_4 1787064785.182411000 0.464304   0.927752 0.789328 0.0455521   -0.0857743 -0.0251908 0.0001   0.000874
HR_6 1787064785.192411000 1.000000   7.72188e-13 0.229912 -3.51184e-12   3.34629e-08 -3.80255e-17 0.0001   0.000421
QR_4 1787064785.192411000 0.473472   0.928673 0.79312 0.0441319   -0.0855191 -0.0244704 0.0001   0.000421
HR_6 1787064785.202411000 1.000000   7.72521e-13 0.22992 -3.51325e-12   3.34763e-08 -3.79616e-17 0.0001   6.7e-05
QR_4 1787064785.202411000 0.479484   0.929258 0.795622 0.0431885   -0.0853257 -0.0234089 0.0001   6.7e-05
HR_6 1787064785.212411000 1.000000   7.7284e-13 0.229928 -3.51466e-12   3.34898e-08 -3.79421e-17 0.0001   3.9e-05
QR_4 1787064785.212411000 0.485500   0.929828 0.798089 0.042259   -0.085146 -0.0234657 0.0001   3.9e-05
HR_6 1787064785.222411000 1.000000   7.73173e-13 0.229936 -3.51608e-12   3.35032e-08 -3.79026e-17 0.0001   5e-05
QR_4 1787064785.222411000 0.491511   0.93039 0.800491 0.0413503   -0.0849183 -0.0246273 0.0001   5e-05
HR_6 1787064785.232411000 1.000000   7.73603e-13 0.229946 -3.51784e-12   3.352e-08 -3.78662e-17 0.0001   5e-05
QR_4 1787064785.232411000 0.498886   0.931078 0.803493 0.0399681   -0.0850878 -0.0251402 0.0001   5e-05
HR_6 1787064785.242411000 1.000000   7.73825e-13 0.229952 -3.5189e-12   3.35301e-08 -3.78573e-17 0.0001   2.6e-05
QR_4 1787064785.242411000 0.503257   0.931449 0.805344 0.0391404   -0.0855075 -0.0252456 0.0001   2.6e-05
HR_6 1787064785.252411000 1.000000   7.74256e-13 0.229962 -3.52066e-12   3.35469e-08 -3.78169e-17 0.0001   4.2e-05
QR_4 1787064785.252411000 0.510551   0.932041 0.808372 0.0378638   -0.0859147 -0.026508 0.0001   4.2e-05
HR_6 1787064785.262411000 1.000000   7.7463e-13 0.229972 -3.52242e-12   3.35637e-08 -3.7806e-17 0.0001   5.2e-05
QR_4 1787064785.262411000 0.517710   0.932585 0.811358 0.0366   -0.0862418 -0.0268104 0.0001   5.2e-05
HR_6 1787064785.272412000 1.000000   7.74908e-13 0.229978 -3.52348e-12   3.35738e-08 -3.77809e-17 0.0001   5.1e-05
QR_4 1787064785.272412000 0.521992   0.932922 0.813119 0.0358055   -0.0862288 -0.0276762 0.0001   5.1e-05
HR_6 1787064785.282412000 1.000000   7.75283e-13 0.229988 -3.52524e-12   3.35906e-08 -3.77563e-17 0.0001   4.7e-05
QR_4 1787064785.282412000 0.529099   0.933466 0.815986 0.0344293   -0.0856418 -0.0296452 0.0001   4.7e-05
HR_6 1787064785.292412000 1.000000   7.75616e-13 0.229996 -3.52665e-12   3.3604e-08 -3.77374e-17 0.0001   0.001889
QR_4 1787064785.292412000 0.534698   0.933862 0.818257 0.0333725   -0.0855426 -0.030684 0.0001   0.001889
HR_6 1787064785.302412000 1.000000   7.75935e-13 0.230004 -3.52807e-12   3.36175e-08 -3.77109e-17 0.0001   6.3e-05
QR_4 1787064785.302412000 0.540224   0.934225 0.820489 0.0323832   -0.0858553 -0.0316312 0.0001   6.3e-05
HR_6 1787064785.312412000 1.000000   7.76407e-13 0.230016 -3.53018e-12   3.36376e-08 -3.76868e-17 0.0001   5.7e-05
QR_4 1787064785.312412000 0.548440   0.934761 0.823785 0.0310017   -0.0863712 -0.0334182 0.0001   5.7e-05
HR_6 1787064785.322412000 1.000000   7.7674e-13 0.230024 -3.53159e-12   3.36511e-08 -3.77111e-17 0.0001   0.00095
QR_4 1787064785.322412000 0.553856   0.935071 0.825959 0.0301408   -0.0864801 -0.0342703 0.0001   0.00095
HR_6 1787064785.332412000 1.000000   7.77059e-13 0.230032 -3.533e-12   3.36645e-08 -3.77415e-17 0.0001   4.9e-05
QR_4 1787064785.332412000 0.559203   0.935364 0.828072 0.0292916   -0.0866049 -0.0353639 0.0001   4.9e-05
HR_6 1787064785.342412000 1.000000   7.77489e-13 0.230042 -3.53477e-12   3.36813e-08 -3.77265e-17 0.0001   4.9e-05
QR_4 1787064785.342412000 0.565830   0.935714 0.830637 0.0281645   -0.086628 -0.0363912 0.0001   4.9e-05
HR_6 1787064785.352412000 1.000000   7.77725e-13 0.230048 -3.53582e-12   3.36914e-08 -3.76741e-17 0.0001   0.001005
QR_4 1787064785.352412000 0.569773   0.935915 0.832195 0.0274049   -0.0870483 -0.0368893 0.0001   0.001005
HR_6 1787064785.362412000 1.000000   7.78141e-13 0.230058 -3.53759e-12   3.37082e-08 -3.76577e-17 0.0001   3.7e-05
QR_4 1787064785.362412000 0.576283   0.936218 0.8348 0.0260527   -0.0882305 -0.0380425 0.0001   3.7e-05
HR_6 1787064785.372413000 1.000000   7.78516e-13 0.230068 -3.53935e-12   3.3725e-08 -3.75793e-17 0.0001   3.9e-05
QR_4 1787064785.372413000 0.582678   0.936501 0.837358 0.0246923   -0.0891397 -0.0386918 0.0001   3.9e-05
HR_6 1787064785.382413000 1.000000   7.78849e-13 0.230076 -3.54076e-12   3.37385e-08 -3.76003e-17 0.0001   0.002942
QR_4 1787064785.382413000 0.587740   0.936715 0.839357 0.0236054   -0.0894859 -0.0391431 0.0001   0.002942
HR_6 1787064785.392413000 1.000000   7.79168e-13 0.230084 -3.54217e-12   3.37519e-08 -3.75823e-17 0.0001   0.00052
QR_4 1787064785.392413000 0.592747   0.936933 0.841249 0.022549   -0.0897746 -0.0394205 0.0001   0.00052
HR_6 1787064785.402413000 1.000000   7.79599e-13 0.230094 -3.54394e-12   3.37687e-08 -3.75764e-17 0.0001   1.8e-05
QR_4 1787064785.402413000 0.598909   0.937189 0.843615 0.0211374   -0.0894969 -0.0386999 0.0001   1.8e-05
HR_6 1787064785.412413000 1.000000   7.80015e-13 0.230104 -3.5457e-12   3.37855e-08 -3.75744e-17 0.0001   2.2e-05
QR_4 1787064785.412413000 0.604978   0.937432 0.845939 0.0199271   -0.0889866 -0.0384453 0.0001   2.2e-05
HR_6 1787064785.422413000 1.000000   7.80154e-13 0.230108 -3.5464e-12   3.37922e-08 -3.7568e-17 0.0001   2.3e-05
QR_4 1787064785.422413000 0.607387   0.937528 0.846864 0.0194346   -0.0886782 -0.0388268 0.0001   2.3e-05
HR_6 1787064785.432413000 1.000000   7.80584e-13 0.230118 -3.54817e-12   3.3809e-08 -3.75691e-17 0.0001   6.6e-05
QR_4 1787064785.432413000 0.613377   0.937753 0.8491 0.0179308   -0.0879123 -0.0392096 0.0001   6.6e-05
HR_6 1787064785.442413000 1.000000   7.80959e-13 0.230128 -3.54993e-12   3.38258e-08 -3.75234e-17 0.0001   6e-05
QR_4 1787064785.442413000 0.619274   0.937951 0.85134 0.0168329   -0.087355 -0.0389631 0.0001   6e-05
HR_6 1787064785.452413000 1.000000   7.81278e-13 0.230136 -3.55134e-12   3.38393e-08 -3.75511e-17 0.0001   6.3e-05
QR_4 1787064785.452413000 0.623941   0.938104 0.853112 0.016136   -0.0869091 -0.0395416 0.0001   6.3e-05
HR_6 1787064785.462413000 1.000000   7.81611e-13 0.230144 -3.55275e-12   3.38527e-08 -3.75278e-17 0.0001   3.7e-05
QR_4 1787064785.462413000 0.628575   0.93824 0.854889 0.0153994   -0.0867123 -0.0399814 0.0001   3.7e-05
HR_6 1787064785.472414000 1.000000   7.81847e-13 0.23015 -3.55381e-12   3.38628e-08 -3.75265e-17 0.0001   5.6e-05
QR_4 1787064785.472414000 0.632002   0.938349 0.856238 0.015124   -0.0866199 -0.0405356 0.0001   5.6e-05
HR_6 1787064785.482408000 1.000000   7.82263e-13 0.23016 -3.55557e-12   3.38796e-08 -3.74938e-17 0.0001   2e-06
QR_4 1787064785.482408000 0.637635   0.938563 0.858478 0.0147226   -0.0864198 -0.0431227 0.0001   2e-06
HR_6 1787064785.492409000 1.000000   7.82596e-13 0.230168 -3.55698e-12   3.3893e-08 -3.74616e-17 0.0001   1.4e-05
QR_4 1787064785.492409000 0.642079   0.938705 0.860301 0.014084   -0.0861321 -0.0443998 0.0001   1.4e-05
HR_6 1787064785.502409000 1.000000   7.83026e-13 0.230178 -3.55875e-12   3.39098e-08 -3.74462e-17 0.0001   1.2e-05
QR_4 1787064785.502409000 0.647537   0.938857 0.862559 0.0133402   -0.0856388 -0.0446782 0.0001   1.2e-05
HR_6 1787064785.512409000 1.000000   7.83387e-13 0.230188 -3.56051e-12   3.39266e-08 -3.74082e-17 0.0001   1.8e-05
QR_4 1787064785.512409000 0.652890   0.939017 0.864831 0.012647   -0.0851429 -0.0449214 0.0001   1.8e-05
HR_6 1787064785.522409000 1.000000   7.8372e-13 0.230196 -3.56192e-12   3.39401e-08 -3.73747e-17 0.0001   2.2e-05
QR_4 1787064785.522409000 0.657125   0.939103 0.86662 0.0117828   -0.0846742 -0.0449088 0.0001   2.2e-05
HR_6 1787064785.532409000 1.000000   7.84053e-13 0.230204 -3.56333e-12   3.39535e-08 -3.73709e-17 0.0001   8.7e-05
QR_4 1787064785.532409000 0.661282   0.939181 0.868367 0.0112451   -0.0842475 -0.0441528 0.0001   8.7e-05
HR_6 1787064785.542409000 1.000000   7.8447e-13 0.230214 -3.56509e-12   3.39703e-08 -3.73994e-17 0.0001   2.6e-05
QR_4 1787064785.542409000 0.666404   0.939314 0.870607 0.0113843   -0.0837121 -0.0433603 0.0001   2.6e-05
HR_6 1787064785.552409000 1.000000   7.84803e-13 0.230222 -3.5665e-12   3.39838e-08 -3.74051e-17 0.0001   8e-05
QR_4 1787064785.552409000 0.670466   0.939406 0.872392 0.0116162   -0.0832119 -0.0430874 0.0001   8e-05
HR_6 1787064785.562409000 1.000000   7.85136e-13 0.23023 -3.56792e-12   3.39972e-08 -3.7464e-17 0.0001   0.000443
QR_4 1787064785.562409000 0.674472   0.939477 0.874207 0.011681   -0.0828047 -0.0426953 0.0001   0.000443
HR_6 1787064785.572409000 1.000000   7.85358e-13 0.230236 -3.56897e-12   3.40073e-08 -3.74265e-17 0.0001   8e-06
QR_4 1787064785.572409000 0.677437   0.93952 0.875532 0.0114007   -0.0825101 -0.0421561 0.0001   8e-06
HR_6 1787064785.582409000 1.000000   7.8583e-13 0.230248 -3.57109e-12   3.40275e-08 -3.74859e-17 0.0001   2.3e-05
QR_4 1787064785.582409000 0.683299   0.939608 0.878125 0.0105301   -0.0818149 -0.0418385 0.0001   2.3e-05
HR_6 1787064785.592410000 1.000000   7.8626e-13 0.230258 -3.57285e-12   3.40443e-08 -3.74086e-17 0.0001   3.5e-05
QR_4 1787064785.592410000 0.688092   0.939659 0.880276 0.00946749   -0.0812232 -0.0412334 0.0001   3.5e-05
HR_6 1787064785.602410000 1.000000   7.86482e-13 0.230264 -3.57391e-12   3.40543e-08 -3.73922e-17 0.0001   4.5e-05
QR_4 1787064785.602410000 0.690934   0.939686 0.881527 0.00858253   -0.0808762 -0.0410482 0.0001   4.5e-05
HR_6 1787064785.612410000 1.000000   7.86954e-13 0.230276 -3.57603e-12   3.40745e-08 -3.74223e-17 0.0001   2.2e-05
QR_4 1787064785.612410000 0.696540   0.939746 0.883963 0.0070581   -0.080114 -0.0413903 0.0001   2.2e-05
HR_6 1787064785.622410000 1.000000   7.87384e-13 0.230286 -3.57779e-12   3.40913e-08 -3.74473e-17 0.0001   9e-06
QR_4 1787064785.622410000 0.701131   0.939772 0.885926 0.0061692   -0.0794242 -0.0415 0.0001   9e-06
HR_6 1787064785.632410000 1.000000   7.878e-13 0.230296 -3.57955e-12   3.41081e-08 -3.74731e-17 0.0001   8.7e-05
QR_4 1787064785.632410000 0.705636   0.939809 0.887757 0.00575165   -0.0783726 -0.0410336 0.0001   8.7e-05
HR_6 1787064785.642410000 1.000000   7.88133e-13 0.230304 -3.58096e-12   3.41215e-08 -3.7461e-17 0.0001   2.6e-05
QR_4 1787064785.642410000 0.709191   0.939851 0.889167 0.00542012   -0.0774746 -0.0405826 0.0001   2.6e-05
HR_6 1787064785.652410000 1.000000   7.88508e-13 0.230314 -3.58273e-12   3.41383e-08 -3.74412e-17 0.0001   0.000223
QR_4 1787064785.652410000 0.713595   0.939865 0.890884 0.00481515   -0.0763509 -0.0402438 0.0001   0.000223
HR_6 1787064785.662410000 1.000000   7.88827e-13 0.230322 -3.58414e-12   3.41518e-08 -3.74311e-17 0.0001   0.000296
QR_4 1787064785.662410000 0.717052   0.939887 0.892232 0.0042373   -0.0756022 -0.039682 0.0001   0.000296
HR_6 1787064785.672410000 1.000000   7.89258e-13 0.230332 -3.5859e-12   3.41686e-08 -3.74312e-17 0.0001   7e-06
QR_4 1787064785.672410000 0.721278   0.939917 0.893938 0.00361178   -0.0749679 -0.0385941 0.0001   7e-06
HR_6 1787064785.682410000 1.000000   7.89688e-13 0.230342 -3.58766e-12   3.41854e-08 -3.74718e-17 0.0001   1.6e-05
QR_4 1787064785.682410000 0.725453   0.939931 0.895622 0.00283815   -0.0744656 -0.0377662 0.0001   1.6e-05
HR_6 1787064785.692411000 1.000000   7.90049e-13 0.230352 -3.58943e-12   3.42022e-08 -3.74706e-17 0.0001   0.00289
QR_4 1787064785.692411000 0.729529   0.93994 0.897273 0.00230932   -0.0743591 -0.0364207 0.0001   0.00289
HR_6 1787064785.702411000 1.000000   7.90382e-13 0.23036 -3.59084e-12   3.42156e-08 -3.74588e-17 0.0001   4.3e-05
QR_4 1787064785.702411000 0.732726   0.939937 0.89855 0.00191786   -0.07443 -0.0351855 0.0001   4.3e-05
HR_6 1787064785.712411000 1.000000   7.90812e-13 0.23037 -3.5926e-12   3.42324e-08 -3.74605e-17 0.0001   1.9e-05
QR_4 1787064785.712411000 0.736642   0.939902 0.900187 0.00107636   -0.0740979 -0.0334666 0.0001   1.9e-05
HR_6 1787064785.722411000 1.000000   7.91131e-13 0.230378 -3.59401e-12   3.42459e-08 -3.75329e-17 0.0001   7.6e-05
QR_4 1787064785.722411000 0.739694   0.939841 0.90147 0.000512233   -0.0737566 -0.0313077 0.0001   7.6e-05
HR_6 1787064785.732411000 1.000000   7.91464e-13 0.230386 -3.59542e-12   3.42593e-08 -3.75099e-17 0.0001   4.2e-05
QR_4 1787064785.732411000 0.742713   0.939748 0.9027 0.000374933   -0.0733515 -0.0285837 0.0001   4.2e-05
HR_6 1787064785.742411000 1.000000   7.91839e-13 0.230396 -3.59719e-12   3.42761e-08 -3.74956e-17 0.0001   2.2e-05
QR_4 1787064785.742411000 0.746420   0.93965 0.904241 0.000272826   -0.0728657 -0.0257163 0.0001   2.2e-05
HR_6 1787064785.752411000 1.000000   7.92116e-13 0.230402 -3.59824e-12   3.42862e-08 -3.75127e-17 0.0001   0.000286
QR_4 1787064785.752411000 0.748601   0.939571 0.905138 0.000457364   -0.0725865 -0.0233265 0.0001   0.000286
HR_6 1787064785.762411000 1.000000   7.92449e-13 0.23041 -3.59965e-12   3.42996e-08 -3.7483e-17 0.0001   4.6e-05
QR_4 1787064785.762411000 0.751481   0.939485 0.906329 -2.57826e-05   -0.0722249 -0.0207819 0.0001   4.6e-05
HR_6 1787064785.772411000 1.000000   7.92824e-13 0.23042 -3.60142e-12   3.43164e-08 -3.7497e-17 0.0001   2.3e-05
QR_4 1787064785.772411000 0.755025   0.939371 0.907799 -0.00102305   -0.0717666 -0.0179131 0.0001   2.3e-05
HR_6 1787064785.782411000 1.000000   7.93046e-13 0.230426 -3.60248e-12   3.43265e-08 -3.75101e-17 0.0001   0.00049
QR_4 1787064785.782411000 0.757129   0.939309 0.908667 -0.0018343   -0.0714531 -0.016009 0.0001   0.00049
HR_6 1787064785.792412000 1.000000   7.93574e-13 0.230438 -3.60459e-12   3.43467e-08 -3.75267e-17 0.0001   7.1e-05
QR_4 1787064785.792412000 0.761256   0.939199 0.910279 -0.00391142   -0.0708444 -0.0130298 0.0001   7.1e-05
HR_6 1787064785.802412000 1.000000   7.93948e-13 0.230448 -3.60635e-12   3.43635e-08 -3.75566e-17 0.0001   4e-06
QR_4 1787064785.802412000 0.764603   0.939106 0.9116 -0.00530967   -0.0703017 -0.0109164 0.0001   4e-06
HR_6 1787064785.812412000 1.000000   7.94267e-13 0.230456 -3.60777e-12   3.43769e-08 -3.75267e-17 0.0001   6.4e-05
QR_4 1787064785.812412000 0.767234   0.939068 0.912629 -0.00666596   -0.0697479 -0.00923682 0.0001   6.4e-05
HR_6 1787064785.822412000 1.000000   7.946e-13 0.230464 -3.60918e-12   3.43904e-08 -3.75546e-17 0.0001   4e-06
QR_4 1787064785.822412000 0.769819   0.939041 0.913633 -0.00789185   -0.0691192 -0.00770147 0.0001   4e-06
HR_6 1787064785.832412000 1.000000   7.95031e-13 0.230474 -3.61094e-12   3.44072e-08 -3.75622e-17 0.0001   4.6e-05
QR_4 1787064785.832412000 0.772989   0.938998 0.914844 -0.00950937   -0.0681946 -0.00574956 0.0001   4.6e-05
HR_6 1787064785.842412000 1.000000   7.95267e-13 0.23048 -3.612e-12   3.44173e-08 -3.75731e-17 0.0001   3.3e-05
QR_4 1787064785.842412000 0.774860   0.938972 0.915559 -0.00987872   -0.0674074 -0.00455812 0.0001   3.3e-05
HR_6 1787064785.852412000 1.000000   7.95683e-13 0.23049 -3.61376e-12   3.44341e-08 -3.75722e-17 0.0001   5.8e-05
QR_4 1787064785.852412000 0.777911   0.938968 0.916731 -0.0101264   -0.0658771 -0.00311624 0.0001   5.8e-05
HR_6 1787064785.862412000 1.000000   7.96058e-13 0.2305 -3.61552e-12   3.44509e-08 -3.7564e-17 0.0001   0.000112
QR_4 1787064785.862412000 0.780916   0.938962 0.917903 -0.010296   -0.0643511 -0.00144493 0.0001   0.000112
HR_6 1787064785.872412000 1.000000   7.96349e-13 0.230506 -3.61658e-12   3.44609e-08 -3.75693e-17 0.0001   3.9e-05
QR_4 1787064785.872412000 0.782666   0.93896 0.918549 -0.0103243   -0.0635627 -0.000510593 0.0001   3.9e-05
HR_6 1787064785.882412000 1.000000   7.96668e-13 0.230513 -3.61799e-12   3.44744e-08 -3.75844e-17 0.0001   4.3e-05
QR_4 1787064785.882412000 0.784920   0.938978 0.919383 -0.0106184   -0.0626037 0.000182585 0.0001   4.3e-05
HR_6 1787064785.892413000 1.000000   7.9714e-13 0.230525 -3.62011e-12   3.44945e-08 -3.75529e-17 0.0001   2.2e-05
QR_4 1787064785.892413000 0.788242   0.939072 0.920721 -0.0103954   -0.0613903 0.000300503 0.0001   2.2e-05
HR_6 1787064785.902413000 1.000000   7.97376e-13 0.230531 -3.62117e-12   3.45046e-08 -3.75315e-17 0.0001   6e-05
QR_4 1787064785.902413000 0.789870   0.93909 0.921366 -0.0105736   -0.0607963 0.000882496 0.0001   6e-05
HR_6 1787064785.912413000 1.000000   7.97695e-13 0.23054 -3.62258e-12   3.45181e-08 -3.74487e-17 0.0001   3.3e-05
QR_4 1787064785.912413000 0.791996   0.939083 0.92224 -0.0108005   -0.0600115 0.00207875 0.0001   3.3e-05
HR_6 1787064785.922413000 1.000000   7.98125e-13 0.230549 -3.62434e-12   3.45349e-08 -3.74746e-17 0.0001   0.002935
QR_4 1787064785.922413000 0.794607   0.939127 0.923336 -0.0111721   -0.0590264 0.00283015 0.0001   0.002935
HR_6 1787064785.932413000 1.000000   7.98264e-13 0.230553 -3.62505e-12   3.45416e-08 -3.74433e-17 0.0001   1.5e-05
QR_4 1787064785.932413000 0.795603   0.939141 0.923767 -0.0115041   -0.0586928 0.00278244 0.0001   1.5e-05
HR_6 1787064785.942413000 1.000000   7.98694e-13 0.230563 -3.62681e-12   3.45584e-08 -3.74076e-17 0.0001   6.5e-05
QR_4 1787064785.942413000 0.798074   0.939136 0.924846 -0.0122553   -0.0576828 0.00353534 0.0001   6.5e-05
HR_6 1787064785.952413000 1.000000   7.98916e-13 0.230569 -3.62787e-12   3.45685e-08 -3.74236e-17 0.0001   0.000942
QR_4 1787064785.952413000 0.799518   0.939184 0.925496 -0.012675   -0.0569572 0.00351453 0.0001   0.000942
HR_6 1787064785.962409000 1.000000   7.99347e-13 0.230579 -3.62963e-12   3.45853e-08 -3.73809e-17 0.0001   2e-06
QR_4 1787064785.962409000 0.801825   0.93927 0.926576 -0.0129048   -0.055552 0.00293225 0.0001   2e-06
HR_6 1787064785.972409000 1.000000   7.99819e-13 0.230591 -3.63175e-12   3.46054e-08 -3.73651e-17 0.0001   5e-05
QR_4 1787064785.972409000 0.804550   0.939346 0.927852 -0.0129971   -0.0534857 0.00230362 0.0001   5e-05
HR_6 1787064785.982409000 1.000000   8.00041e-13 0.230597 -3.6328e-12   3.46155e-08 -3.73618e-17 0.0001   0.000123
QR_4 1787064785.982409000 0.805855   0.93941 0.928478 -0.0129265   -0.0524241 0.00160533 0.0001   0.000123
HR_6 1787064785.992409000 1.000000   8.00471e-13 0.230607 -3.63457e-12   3.46323e-08 -3.73175e-17 0.0001   8.6e-05
QR_4 1787064785.992409000 0.807992   0.939503 0.929534 -0.0131185   -0.0508496 0.000437965 0.0001   8.6e-05
HR_6 1787064786.002409000 1.000000   8.00901e-13 0.230617 -3.63633e-12   3.46491e-08 -3.7291e-17 0.0001   4.5e-05
QR_4 1787064786.002409000 0.810122   0.939556 0.930607 -0.0137838   -0.0495795 -1.65303e-05 0.0001   4.5e-05
HR_6 1787064786.012409000 1.000000   8.0122e-13 0.230625 -3.63774e-12   3.46626e-08 -3.73137e-17 0.0001   0.001224
QR_4 1787064786.012409000 0.811774   0.939611 0.931457 -0.0146512   -0.0488316 -0.0006052 0.0001   0.001224
HR_6 1787064786.022409000 1.000000   8.01553e-13 0.230633 -3.63915e-12   3.4676e-08 -3.73069e-17 0.0001   2.7e-05
QR_4 1787064786.022409000 0.813418   0.939637 0.932308 -0.0156316   -0.0482493 -0.00074393 0.0001   2.7e-05
HR_6 1787064786.032409000 1.000000   8.01831e-13 0.230641 -3.64056e-12   3.46895e-08 -3.7289e-17 0.0001   7.7e-05
QR_4 1787064786.032409000 0.815103   0.939665 0.933163 -0.0164767   -0.0474237 -4.00498e-05 0.0001   7.7e-05
HR_6 1787064786.042409000 1.000000   8.02122e-13 0.230647 -3.64162e-12   3.46995e-08 -3.72961e-17 0.0001   0.000641
QR_4 1787064786.042409000 0.816322   0.939708 0.93378 -0.0171591   -0.0469461 0.000115345 0.0001   0.000641
HR_6 1787064786.052409000 1.000000   8.0258e-13 0.230659 -3.64374e-12   3.47197e-08 -3.73007e-17 0.0001   4.6e-05
QR_4 1787064786.052409000 0.818710   0.939718 0.935015 -0.0184052   -0.0454943 0.00089787 0.0001   4.6e-05
HR_6 1787064786.062409000 1.000000   8.02913e-13 0.230667 -3.64515e-12   3.47331e-08 -3.72574e-17 0.0001   7.6e-05
QR_4 1787064786.062409000 0.820312   0.939734 0.935844 -0.0189173   -0.0439436 0.001741 0.0001   7.6e-05
HR_6 1787064786.072410000 1.000000   8.03246e-13 0.230675 -3.64656e-12   3.47466e-08 -3.73033e-17 0.0001   5e-06
QR_4 1787064786.072410000 0.821810   0.939733 0.936671 -0.0190514   -0.0423624 0.00203243 0.0001   5e-06
HR_6 1787064786.082410000 1.000000   8.03663e-13 0.230685 -3.64832e-12   3.47634e-08 -3.73291e-17 0.0001   2.2e-05
QR_4 1787064786.082410000 0.823605   0.939727 0.937707 -0.0186222   -0.0407896 0.00201466 0.0001   2.2e-05
HR_6 1787064786.092410000 1.000000   8.04037e-13 0.230695 -3.65008e-12   3.47802e-08 -3.73231e-17 0.0001   5e-05
QR_4 1787064786.092410000 0.825419   0.939761 0.938751 -0.0179968   -0.0391393 0.0023675 0.0001   5e-05
HR_6 1787064786.102410000 1.000000   8.04468e-13 0.230705 -3.65185e-12   3.4797e-08 -3.73756e-17 0.0001   1.2e-05
QR_4 1787064786.102410000 0.827214   0.93977 0.939814 -0.0166976   -0.0382912 0.00267025 0.0001   1.2e-05
HR_6 1787064786.112410000 1.000000   8.04787e-13 0.230713 -3.65326e-12   3.48104e-08 -3.74089e-17 0.0001   4.4e-05
QR_4 1787064786.112410000 0.828595   0.939779 0.940702 -0.0157673   -0.0378448 0.0026914 0.0001   4.4e-05
HR_6 1787064786.122410000 1.000000   8.05161e-13 0.230723 -3.65502e-12   3.48272e-08 -3.74769e-17 0.0001   6.1e-05
QR_4 1787064786.122410000 0.830375   0.939903 0.941811 -0.0153654   -0.0366492 0.00328482 0.0001   6.1e-05
HR_6 1787064786.132410000 1.000000   8.05495e-13 0.230731 -3.65643e-12   3.48407e-08 -3.74508e-17 0.0001   5.4e-05
QR_4 1787064786.132410000 0.831743   0.940015 0.942694 -0.015251   -0.0361439 0.00372645 0.0001   5.4e-05
HR_6 1787064786.142410000 1.000000   8.05911e-13 0.230741 -3.6582e-12   3.48575e-08 -3.74599e-17 0.0001   4.7e-05
QR_4 1787064786.142410000 0.833329   0.940136 0.943793 -0.0152209   -0.0357139 0.00394295 0.0001   4.7e-05
HR_6 1787064786.152410000 1.000000   8.06341e-13 0.230751 -3.65996e-12   3.48743e-08 -3.74553e-17 0.0001   6.3e-05
QR_4 1787064786.152410000 0.834902   0.940337 0.944888 -0.0153462   -0.035035 0.00420312 0.0001   6.3e-05
HR_6 1787064786.162410000 1.000000   8.06674e-13 0.230759 -3.66137e-12   3.48877e-08 -3.74214e-17 0.0001   4.4e-05
QR_4 1787064786.162410000 0.836075   0.940491 0.945724 -0.0155486   -0.034658 0.0042011 0.0001   4.4e-05
HR_6 1787064786.172411000 1.000000   8.07035e-13 0.230769 -3.66313e-12   3.49045e-08 -3.7423e-17 0.0001   3.8e-05
QR_4 1787064786.172411000 0.837429   0.940657 0.946809 -0.0155765   -0.0342657 0.00389685 0.0001   3.8e-05
HR_6 1787064786.182411000 1.000000   8.07368e-13 0.230777 -3.66454e-12   3.4918e-08 -3.73209e-17 0.0001   3.5e-05
QR_4 1787064786.182411000 0.838476   0.940838 0.947651 -0.0155955   -0.0337569 0.00359865 0.0001   3.5e-05
HR_6 1787064786.192411000 1.000000   8.07604e-13 0.230783 -3.6656e-12   3.4928e-08 -3.73355e-17 0.0001   0.000343
QR_4 1787064786.192411000 0.839272   0.940988 0.948249 -0.0155817   -0.0332086 0.00341129 0.0001   0.000343
HR_6 1787064786.202411000 1.000000   8.08034e-13 0.230793 -3.66737e-12   3.49448e-08 -3.72775e-17 0.0001   5.7e-05
QR_4 1787064786.202411000 0.840559   0.941221 0.949238 -0.015363   -0.0320829 0.00308972 0.0001   5.7e-05
HR_6 1787064786.212411000 1.000000   8.08256e-13 0.230799 -3.66842e-12   3.49549e-08 -3.7259e-17 0.0001   0.00197
QR_4 1787064786.212411000 0.841311   0.941422 0.949815 -0.0153211   -0.0313708 0.00299571 0.0001   0.00197
HR_6 1787064786.222411000 1.000000   8.08589e-13 0.230807 -3.66983e-12   3.49684e-08 -3.72583e-17 0.0001   1.2e-05
QR_4 1787064786.222411000 0.842176   0.941767 0.950541 -0.0152301   -0.0306421 0.00317434 0.0001   1.2e-05
HR_6 1787064786.232411000 1.000000   8.0902e-13 0.230817 -3.6716e-12   3.49852e-08 -3.7247e-17 0.0001   4.6e-05
QR_4 1787064786.232411000 0.843214   0.942114 0.951449 -0.0147448   -0.0296767 0.00337343 0.0001   4.6e-05
HR_6 1787064786.242411000 1.000000   8.09353e-13 0.230825 -3.67301e-12   3.49986e-08 -3.72123e-17 0.0001   0.00095
QR_4 1787064786.242411000 0.844019   0.942468 0.952118 -0.0142061   -0.0290108 0.00366696 0.0001   0.00095
HR_6 1787064786.252411000 1.000000   8.09769e-13 0.230835 -3.67477e-12   3.50154e-08 -3.72002e-17 0.0001   1.9e-05
QR_4 1787064786.252411000 0.844995   0.943003 0.952912 -0.0136481   -0.0285672 0.00426638 0.0001   1.9e-05
HR_6 1787064786.262411000 1.000000   8.10046e-13 0.230843 -3.67618e-12   3.50289e-08 -3.72234e-17 0.0001   7.4e-05
QR_4 1787064786.262411000 0.845806   0.943374 0.953553 -0.01273   -0.0276631 0.00439849 0.0001   7.4e-05
HR_6 1787064786.272412000 1.000000   8.10338e-13 0.230849 -3.67724e-12   3.50389e-08 -3.72686e-17 0.0001   3.5e-05
QR_4 1787064786.272412000 0.846316   0.943656 0.954066 -0.0125337   -0.0268921 0.00456478 0.0001   3.5e-05
HR_6 1787064786.282412000 1.000000   8.10699e-13 0.230859 -3.679e-12   3.50557e-08 -3.72678e-17 0.0001   4.1e-05
QR_4 1787064786.282412000 0.847053   0.944144 0.954889 -0.0122152   -0.0265786 0.00505429 0.0001   4.1e-05
HR_6 1787064786.292412000 1.000000   8.11032e-13 0.230867 -3.68041e-12   3.50692e-08 -3.73151e-17 0.0001   9.4e-05
QR_4 1787064786.292412000 0.847691   0.944516 0.955552 -0.0120653   -0.0259713 0.00514032 0.0001   9.4e-05
HR_6 1787064786.302412000 1.000000   8.11365e-13 0.230875 -3.68182e-12   3.50826e-08 -3.73351e-17 0.0001   5.6e-05
QR_4 1787064786.302412000 0.848280   0.944887 0.956211 -0.0124001   -0.0253499 0.00527884 0.0001   5.6e-05
HR_6 1787064786.312412000 1.000000   8.11878e-13 0.230887 -3.68394e-12   3.51028e-08 -3.73731e-17 0.0001   5.3e-05
QR_4 1787064786.312412000 0.849101   0.945542 0.957215 -0.0120696   -0.0241233 0.00560632 0.0001   5.3e-05
HR_6 1787064786.322412000 1.000000   8.12253e-13 0.230897 -3.6857e-12   3.51196e-08 -3.73669e-17 0.0001   4.7e-05
QR_4 1787064786.322412000 0.849782   0.946126 0.958057 -0.0113487   -0.0222072 0.005893 0.0001   4.7e-05
HR_6 1787064786.332412000 1.000000   8.12586e-13 0.230905 -3.68711e-12   3.5133e-08 -3.73877e-17 0.0001   5.8e-05
QR_4 1787064786.332412000 0.850298   0.946583 0.958743 -0.010049   -0.0209715 0.00610678 0.0001   5.8e-05
HR_6 1787064786.342412000 1.000000   8.12919e-13 0.230913 -3.68853e-12   3.51465e-08 -3.73885e-17 0.0001   3.3e-05
QR_4 1787064786.342412000 0.850795   0.947038 0.959422 -0.00848998   -0.0199831 0.00630022 0.0001   3.3e-05
HR_6 1787064786.352412000 1.000000   8.13141e-13 0.230919 -3.68958e-12   3.51565e-08 -3.73794e-17 0.0001   5.5e-05
QR_4 1787064786.352412000 0.851191   0.947396 0.959933 -0.00729943   -0.019343 0.00642467 0.0001   5.5e-05
HR_6 1787064786.362412000 1.000000   8.13571e-13 0.230929 -3.69135e-12   3.51734e-08 -3.73789e-17 0.0001   0.000773
QR_4 1787064786.362412000 0.851834   0.948005 0.960778 -0.0047616   -0.0191832 0.00658499 0.0001   0.000773
HR_6 1787064786.372413000 1.000000   8.13904e-13 0.230937 -3.69276e-12   3.51868e-08 -3.73474e-17 0.0001   3.9e-05
QR_4 1787064786.372413000 0.852325   0.948488 0.961457 -0.00302267   -0.0190939 0.00677602 0.0001   3.9e-05
HR_6 1787064786.382413000 1.000000   8.14362e-13 0.230949 -3.69487e-12   3.5207e-08 -3.73676e-17 0.0001   0.00296
QR_4 1787064786.382413000 0.853042   0.949248 0.962448 -0.00108134   -0.0186438 0.00693105 0.0001   0.00296
HR_6 1787064786.392413000 1.000000   8.14654e-13 0.230955 -3.69593e-12   3.5217e-08 -3.73638e-17 0.0001   1.3e-05
QR_4 1787064786.392413000 0.853362   0.949636 0.9629 9.65209e-05   -0.0186096 0.00689227 0.0001   1.3e-05
HR_6 1787064786.402413000 1.000000   8.14931e-13 0.230963 -3.69734e-12   3.52305e-08 -3.7343e-17 0.0001   5.2e-05
QR_4 1787064786.402413000 0.853805   0.950113 0.963545 0.00151744   -0.0184003 0.00726933 0.0001   5.2e-05
HR_6 1787064786.412413000 1.000000   8.15265e-13 0.230971 -3.69875e-12   3.52439e-08 -3.73207e-17 0.0001   0.001325
QR_4 1787064786.412413000 0.854241   0.950624 0.964143 0.00245727   -0.0178585 0.00707852 0.0001   0.001325
HR_6 1787064786.422413000 1.000000   8.15556e-13 0.230977 -3.69981e-12   3.5254e-08 -3.72977e-17 0.0001   7.8e-05
QR_4 1787064786.422413000 0.854541   0.951007 0.964521 0.00298535   -0.017391 0.00672306 0.0001   7.8e-05
HR_6 1787064786.432413000 1.000000   8.15917e-13 0.230987 -3.70157e-12   3.52708e-08 -3.725e-17 0.0001   4.5e-05
QR_4 1787064786.432413000 0.855034   0.951612 0.965159 0.00367677   -0.0163182 0.00660555 0.0001   4.5e-05
HR_6 1787064786.442413000 1.000000   8.1625e-13 0.230995 -3.70298e-12   3.52842e-08 -3.72043e-17 0.0001   5.6e-05
QR_4 1787064786.442413000 0.855364   0.952099 0.965678 0.00349294   -0.0147843 0.00587568 0.0001   5.6e-05
HR_6 1787064786.452413000 1.000000   8.16583e-13 0.231003 -3.70439e-12   3.52977e-08 -3.72004e-17 0.0001   5.5e-05
QR_4 1787064786.452413000 0.855654   0.952585 0.966154 0.00266913   -0.0130567 0.00478019 0.0001   5.5e-05
HR_6 1787064786.462413000 1.000000   8.16999e-13 0.231013 -3.70616e-12   3.53145e-08 -3.71859e-17 0.0001   6.3e-05
QR_4 1787064786.462413000 0.856037   0.953191 0.966748 0.00136638   -0.0103252 0.00382083 0.0001   6.3e-05
HR_6 1787064786.472414000 1.000000   8.17332e-13 0.231021 -3.70757e-12   3.53279e-08 -3.71475e-17 0.0001   0.000837
QR_4 1787064786.472414000 0.856313   0.953663 0.967205 0.000354528   -0.00800094 0.00289946 0.0001   0.000837
HR_6 1787064786.482414000 1.000000   8.17707e-13 0.231031 -3.70933e-12   3.53447e-08 -3.71244e-17 0.0001   0.000527
QR_4 1787064786.482414000 0.856647   0.954243 0.967715 -0.00125425   -0.00450422 0.00200753 0.0001   0.000527
HR_6 1787064786.492414000 1.000000   8.1804e-13 0.231039 -3.71074e-12   3.53582e-08 -3.71344e-17 0.0001   0.000802
QR_4 1787064786.492414000 0.856958   0.954719 0.968119 -0.0021267   -0.00205543 0.00108308 0.0001   0.000802
HR_6 1787064786.502414000 1.000000   8.18359e-13 0.231047 -3.71215e-12   3.53716e-08 -3.71518e-17 0.0001   2.7e-05
QR_4 1787064786.502414000 0.857231   0.9552 0.968497 -0.00250546   -0.000189026 0.000239955 0.0001   2.7e-05
HR_6 1787064786.512414000 1.000000   8.18789e-13 0.231057 -3.71392e-12   3.53884e-08 -3.71704e-17 0.0001   1.7e-05
QR_4 1787064786.512414000 0.857611   0.955802 0.968991 -0.00221322   0.00141868 -0.00114411 0.0001   1.7e-05
HR_6 1787064786.522414000 1.000000   8.19123e-13 0.231065 -3.71533e-12   3.54019e-08 -3.71577e-17 0.0001   5.1e-05
QR_4 1787064786.522414000 0.857972   0.956272 0.9694 -0.00147744   0.00254336 -0.00270665 0.0001   5.1e-05
HR_6 1787064786.532414000 1.000000   8.19539e-13 0.231075 -3.71709e-12   3.54187e-08 -3.7154e-17 0.0001   2.2e-05
QR_4 1787064786.532414000 0.858360   0.956893 0.969902 -0.000837382   0.00312014 -0.00393493 0.0001   2.2e-05
HR_6 1787064786.542414000 1.000000   8.19914e-13 0.231085 -3.71885e-12   3.54355e-08 -3.71688e-17 0.0001   0.000145
QR_4 1787064786.542414000 0.858719   0.957575 0.970388 -0.000666571   0.00297182 -0.00452345 0.0001   0.000145
HR_6 1787064786.552414000 1.000000   8.20247e-13 0.231093 -3.72026e-12   3.54489e-08 -3.71556e-17 0.0001   0.000163
QR_4 1787064786.552414000 0.859063   0.95809 0.970781 -0.000467702   0.00289137 -0.00554866 0.0001   0.000163
HR_6 1787064786.562414000 1.000000   8.2058e-13 0.231101 -3.72167e-12   3.54623e-08 -3.71864e-17 0.0001   0.000184
QR_4 1787064786.562414000 0.859385   0.958554 0.971189 -0.000884914   0.00242327 -0.00665169 0.0001   0.000184
HR_6 1787064786.572415000 1.000000   8.20996e-13 0.231111 -3.72344e-12   3.54792e-08 -3.71668e-17 0.0001   2.1e-05
QR_4 1787064786.572415000 0.859793   0.959185 0.971721 -0.00187476   0.00201484 -0.0072123 0.0001   2.1e-05
HR_6 1787064786.582415000 1.000000   8.21329e-13 0.231119 -3.72485e-12   3.54926e-08 -3.71444e-17 0.0001   4.1e-05
QR_4 1787064786.582415000 0.860146   0.959666 0.972134 -0.00189236   0.00177954 -0.00833649 0.0001   4.1e-05
HR_6 1787064786.592406000 1.000000   8.21662e-13 0.231127 -3.72626e-12   3.5506e-08 -3.71504e-17 0.0001   3e-06
QR_4 1787064786.592406000 0.860489   0.960149 0.972573 -0.0012641   0.0016211 -0.00950178 0.0001   3e-06
HR_6 1787064786.602407000 1.000000   8.21981e-13 0.231135 -3.72767e-12   3.55195e-08 -3.71521e-17 0.0001   2.5e-05
QR_4 1787064786.602407000 0.860835   0.960652 0.973 -0.000593552   0.00175149 -0.0103011 0.0001   2.5e-05
HR_6 1787064786.612407000 1.000000   8.22314e-13 0.231143 -3.72908e-12   3.55329e-08 -3.71517e-17 0.0001   5.7e-05
QR_4 1787064786.612407000 0.861191   0.961137 0.973432 0.000224453   0.00218811 -0.0114906 0.0001   5.7e-05
HR_6 1787064786.622407000 1.000000   8.22689e-13 0.231153 -3.73084e-12   3.55497e-08 -3.70823e-17 0.0001   3e-06
QR_4 1787064786.622407000 0.861613   0.961741 0.973955 0.00118107   0.0029184 -0.013401 0.0001   3e-06
HR_6 1787064786.632407000 1.000000   8.23119e-13 0.231163 -3.73261e-12   3.55665e-08 -3.71009e-17 0.0001   0.00039
QR_4 1787064786.632407000 0.862033   0.962333 0.974565 0.00258322   0.00396883 -0.0156975 0.0001   0.00039
HR_6 1787064786.642407000 1.000000   8.23536e-13 0.231173 -3.73437e-12   3.55833e-08 -3.70493e-17 0.0001   6.5e-05
QR_4 1787064786.642407000 0.862486   0.962902 0.975155 0.00376437   0.00536612 -0.0176284 0.0001   6.5e-05
HR_6 1787064786.652407000 1.000000   8.23772e-13 0.231179 -3.73543e-12   3.55934e-08 -3.69921e-17 0.0001   0.000675
QR_4 1787064786.652407000 0.862768   0.963231 0.975529 0.00462713   0.00569611 -0.0186623 0.0001   0.000675
HR_6 1787064786.662407000 1.000000   8.24008e-13 0.231185 -3.73649e-12   3.56035e-08 -3.70028e-17 0.0001   6.2e-05
QR_4 1787064786.662407000 0.863062   0.963564 0.975922 0.00519592   0.00600378 -0.0194487 0.0001   6.2e-05
HR_6 1787064786.672407000 1.000000   8.24438e-13 0.231195 -3.73825e-12   3.56203e-08 -3.70091e-17 0.0001   7.6e-05
QR_4 1787064786.672407000 0.863571   0.964093 0.976599 0.00525508   0.00620468 -0.0208654 0.0001   7.6e-05
HR_6 1787064786.682407000 1.000000   8.24757e-13 0.231203 -3.73966e-12   3.56337e-08 -3.69947e-17 0.0001   2.1e-05
QR_4 1787064786.682407000 0.863962   0.964504 0.97714 0.00508346   0.00634943 -0.0219535 0.0001   2.1e-05
HR_6 1787064786.692407000 1.000000   8.25132e-13 0.231213 -3.74142e-12   3.56505e-08 -3.69869e-17 0.0001   0.000257
QR_4 1787064786.692407000 0.864455   0.965034 0.977786 0.00522225   0.00712103 -0.0231856 0.0001   0.000257
HR_6 1787064786.702408000 1.000000   8.25562e-13 0.231223 -3.74319e-12   3.56673e-08 -3.69694e-17 0.0001   2.7e-05
QR_4 1787064786.702408000 0.864964   0.965572 0.978457 0.00598506   0.00785558 -0.0246725 0.0001   2.7e-05
HR_6 1787064786.712408000 1.000000   8.25978e-13 0.231233 -3.74495e-12   3.56841e-08 -3.69886e-17 0.0001   2.7e-05
QR_4 1787064786.712408000 0.865465   0.966096 0.979088 0.00643005   0.0087475 -0.0257994 0.0001   2.7e-05
HR_6 1787064786.722408000 1.000000   8.26353e-13 0.231243 -3.74671e-12   3.57009e-08 -3.70183e-17 0.0001   3e-05
QR_4 1787064786.722408000 0.865972   0.966635 0.979732 0.00640117   0.00963247 -0.0260904 0.0001   3e-05
HR_6 1787064786.732408000 1.000000   8.26589e-13 0.231249 -3.74777e-12   3.5711e-08 -3.70405e-17 0.0001   1.5e-05
QR_4 1787064786.732408000 0.866277   0.96693 0.980074 0.00689974   0.00994553 -0.0270264 0.0001   1.5e-05
HR_6 1787064786.742408000 1.000000   8.27019e-13 0.231259 -3.74954e-12   3.57278e-08 -3.70719e-17 0.0001   4e-05
QR_4 1787064786.742408000 0.866757   0.967392 0.980605 0.00805379   0.010317 -0.0289589 0.0001   4e-05
HR_6 1787064786.752408000 1.000000   8.27435e-13 0.231269 -3.7513e-12   3.57446e-08 -3.70445e-17 0.0001   0.000768
QR_4 1787064786.752408000 0.867267   0.967876 0.981136 0.00867847   0.01051 -0.0302577 0.0001   0.000768
HR_6 1787064786.762408000 1.000000   8.27671e-13 0.231275 -3.75236e-12   3.57547e-08 -3.70569e-17 0.0001   2.9e-05
QR_4 1787064786.762408000 0.867559   0.968131 0.981461 0.00860201   0.0103758 -0.0317623 0.0001   2.9e-05
HR_6 1787064786.772408000 1.000000   8.28004e-13 0.231283 -3.75377e-12   3.57681e-08 -3.70557e-17 0.0001   4.7e-05
QR_4 1787064786.772408000 0.867948   0.968414 0.981891 0.00788573   0.00990952 -0.0345833 0.0001   4.7e-05
HR_6 1787064786.782408000 1.000000   8.28435e-13 0.231293 -3.75553e-12   3.57849e-08 -3.7047e-17 0.0001   2.6e-05
QR_4 1787064786.782408000 0.868427   0.968816 0.982338 0.00670745   0.0097012 -0.0377166 0.0001   2.6e-05
HR_6 1787064786.792408000 1.000000   8.28754e-13 0.231301 -3.75694e-12   3.57984e-08 -3.7046e-17 0.0001   4.8e-05
QR_4 1787064786.792408000 0.868794   0.969117 0.982684 0.0058388   0.00988537 -0.0404165 0.0001   4.8e-05
HR_6 1787064786.802409000 1.000000   8.2899e-13 0.231307 -3.758e-12   3.58085e-08 -3.70784e-17 0.0001   3.6e-05
QR_4 1787064786.802409000 0.869055   0.969379 0.982923 0.00546677   0.0103685 -0.0425881 0.0001   3.6e-05
HR_6 1787064786.812409000 1.000000   8.29364e-13 0.231317 -3.75976e-12   3.58253e-08 -3.7115e-17 0.0001   4.2e-05
QR_4 1787064786.812409000 0.869501   0.969886 0.983297 0.00483072   0.0109512 -0.0462677 0.0001   4.2e-05
HR_6 1787064786.822409000 1.000000   8.29697e-13 0.231325 -3.76117e-12   3.58387e-08 -3.70877e-17 0.0001   0.001119
QR_4 1787064786.822409000 0.869867   0.970265 0.983584 0.00448031   0.0113754 -0.0489236 0.0001   0.001119
HR_6 1787064786.832409000 1.000000   8.29975e-13 0.231331 -3.76223e-12   3.58488e-08 -3.70873e-17 0.0001   1.9e-05
QR_4 1787064786.832409000 0.870157   0.97057 0.983794 0.00449597   0.011355 -0.0505381 0.0001   1.9e-05
HR_6 1787064786.842409000 1.000000   8.3035e-13 0.231341 -3.76399e-12   3.58656e-08 -3.70231e-17 0.0001   3.9e-05
QR_4 1787064786.842409000 0.870665   0.971054 0.984144 0.00493976   0.0122318 -0.0530541 0.0001   3.9e-05
HR_6 1787064786.852409000 1.000000   8.3078e-13 0.231351 -3.76576e-12   3.58824e-08 -3.69836e-17 0.0001   1.4e-05
QR_4 1787064786.852409000 0.871124   0.971519 0.984496 0.00518693   0.0127599 -0.0559451 0.0001   1.4e-05
HR_6 1787064786.862409000 1.000000   8.31113e-13 0.231359 -3.76717e-12   3.58958e-08 -3.70778e-17 0.0001   0.000298
QR_4 1787064786.862409000 0.871552   0.971931 0.984757 0.00511734   0.0135302 -0.0573948 0.0001   0.000298
HR_6 1787064786.872409000 1.000000   8.31432e-13 0.231367 -3.76858e-12   3.59093e-08 -3.70773e-17 0.0001   0.000362
QR_4 1787064786.872409000 0.871979   0.972247 0.984971 0.0051933   0.0134996 -0.0590707 0.0001   0.000362
HR_6 1787064786.882409000 1.000000   8.31765e-13 0.231375 -3.76999e-12   3.59227e-08 -3.70576e-17 0.0001   5.6e-05
QR_4 1787064786.882409000 0.872395   0.972516 0.985151 0.00543282   0.0127694 -0.0606652 0.0001   5.6e-05
HR_6 1787064786.892409000 1.000000   8.32098e-13 0.231383 -3.7714e-12   3.59362e-08 -3.70806e-17 0.0001   9.2e-05
QR_4 1787064786.892409000 0.872869   0.972811 0.985322 0.00546577   0.0121889 -0.0620463 0.0001   9.2e-05
HR_6 1787064786.902410000 1.000000   8.32459e-13 0.231393 -3.77316e-12   3.5953e-08 -3.70865e-17 0.0001   3.9e-05
QR_4 1787064786.902410000 0.873482   0.973157 0.985446 0.00532092   0.0130474 -0.0634341 0.0001   3.9e-05
HR_6 1787064786.912410000 1.000000   8.32889e-13 0.231403 -3.77493e-12   3.59698e-08 -3.70402e-17 0.0001   5.4e-05
QR_4 1787064786.912410000 0.874152   0.973497 0.985498 0.00502562   0.0145265 -0.064092 0.0001   5.4e-05
HR_6 1787064786.922410000 1.000000   8.3332e-13 0.231413 -3.77669e-12   3.59866e-08 -3.70508e-17 0.0001   6.4e-05
QR_4 1787064786.922410000 0.874861   0.973832 0.985537 0.00445773   0.0158951 -0.0648453 0.0001   6.4e-05
HR_6 1787064786.932410000 1.000000   8.33653e-13 0.231421 -3.7781e-12   3.6e-08 -3.70627e-17 0.0001   0.000334
QR_4 1787064786.932410000 0.875427   0.974126 0.985526 0.00398303   0.0163254 -0.0651815 0.0001   0.000334
HR_6 1787064786.942410000 1.000000   8.34013e-13 0.231431 -3.77986e-12   3.60168e-08 -3.7031e-17 0.0001   6.3e-05
QR_4 1787064786.942410000 0.876166   0.974525 0.985447 0.00335121   0.0158043 -0.0653888 0.0001   6.3e-05
HR_6 1787064786.952410000 1.000000   8.34346e-13 0.231439 -3.78127e-12   3.60303e-08 -3.69991e-17 0.0001   4.9e-05
QR_4 1787064786.952410000 0.876803   0.974805 0.985377 0.00288145   0.0155315 -0.0655139 0.0001   4.9e-05
HR_6 1787064786.962410000 1.000000   8.3468e-13 0.231447 -3.78269e-12   3.60437e-08 -3.70483e-17 0.0001   3.8e-05
QR_4 1787064786.962410000 0.877454   0.975134 0.985321 0.00258559   0.0146176 -0.0654648 0.0001   3.8e-05
HR_6 1787064786.972410000 1.000000   8.3511e-13 0.231457 -3.78445e-12   3.60605e-08 -3.70441e-17 0.0001   2.1e-05
QR_4 1787064786.972410000 0.878298   0.975627 0.985338 0.00297297   0.0133866 -0.0651186 0.0001   2.1e-05
HR_6 1787064786.982410000 1.000000   8.35526e-13 0.231467 -3.78621e-12   3.60773e-08 -3.70659e-17 0.0001   2.6e-05
QR_4 1787064786.982410000 0.879192   0.976103 0.985604 0.00550555   0.0123905 -0.064478 0.0001   2.6e-05
HR_6 1787064786.992410000 1.000000   8.35762e-13 0.231473 -3.78727e-12   3.60874e-08 -3.70783e-17 0.0001   4.5e-05
QR_4 1787064786.992410000 0.879669   0.976375 0.985853 0.00802251   0.0115761 -0.0640295 0.0001   4.5e-05
HR_6 1787064787.002411000 1.000000   8.36137e-13 0.231483 -3.78903e-12   3.61042e-08 -3.70785e-17 0.0001   6.1e-05
QR_4 1787064787.002411000 0.880355   0.976779 0.98651 0.0150043   0.0112629 -0.0625735 0.0001   6.1e-05
HR_6 1787064787.012411000 1.000000   8.36567e-13 0.231493 -3.7908e-12   3.6121e-08 -3.70971e-17 0.0001   5.8e-05
QR_4 1787064787.012411000 0.880972   0.977196 0.987306 0.0245022   0.0118081 -0.0603255 0.0001   5.8e-05
HR_6 1787064787.022411000 1.000000   8.36886e-13 0.231501 -3.79221e-12   3.61344e-08 -3.71072e-17 0.0001   2.6e-05
QR_4 1787064787.022411000 0.881411   0.977547 0.98809 0.0339152   0.0122146 -0.0584892 0.0001   2.6e-05
HR_6 1787064787.032411000 1.000000   8.37316e-13 0.231511 -3.79397e-12   3.61512e-08 -3.71643e-17 0.0001   4.4e-05
QR_4 1787064787.032411000 0.881960   0.977977 0.989107 0.0475882   0.0130428 -0.0554155 0.0001   4.4e-05
HR_6 1787064787.042411000 1.000000   8.37649e-13 0.231519 -3.79538e-12   3.61647e-08 -3.71895e-17 0.0001   0.0001
QR_4 1787064787.042411000 0.882358   0.978352 0.989936 0.0595271   0.0137526 -0.052082 0.0001   0.0001
HR_6 1787064787.052411000 1.000000   8.37885e-13 0.231525 -3.79644e-12   3.61748e-08 -3.71898e-17 0.0001   0.000578
QR_4 1787064787.052411000 0.882620   0.978596 0.990512 0.0690578   0.0141465 -0.0492111 0.0001   0.000578
HR_6 1787064787.062411000 1.000000   8.38205e-13 0.231533 -3.79785e-12   3.61882e-08 -3.71947e-17 0.0001   0.000881
QR_4 1787064787.062411000 0.882923   0.978968 0.991181 0.0819475   0.0141342 -0.0450793 0.0001   0.000881
HR_6 1787064787.072411000 1.000000   8.38676e-13 0.231545 -3.79997e-12   3.62084e-08 -3.71387e-17 0.0001   1.5e-05
QR_4 1787064787.072411000 0.883360   0.979467 0.99202 0.101758   0.0137437 -0.0377687 0.0001   1.5e-05
HR_6 1787064787.082411000 1.000000   8.39107e-13 0.231555 -3.80173e-12   3.62252e-08 -3.71547e-17 0.0001   3.2e-05
QR_4 1787064787.082411000 0.883760   0.979813 0.992588 0.118175   0.0133388 -0.0313846 0.0001   3.2e-05
HR_6 1787064787.092411000 1.000000   8.39342e-13 0.231561 -3.80279e-12   3.62352e-08 -3.71354e-17 0.0001   3.9e-05
QR_4 1787064787.092411000 0.884004   0.980012 0.992923 0.127509   0.0126814 -0.0274026 0.0001   3.9e-05
HR_6 1787064787.102412000 1.000000   8.39759e-13 0.231571 -3.80455e-12   3.6252e-08 -3.71881e-17 0.0001   7e-05
QR_4 1787064787.102412000 0.884364   0.980262 0.99349 0.141599   0.0113714 -0.0196017 0.0001   7e-05
HR_6 1787064787.112412000 1.000000   8.40134e-13 0.231581 -3.80631e-12   3.62688e-08 -3.71675e-17 0.0001   1.6e-05
QR_4 1787064787.112412000 0.884717   0.980358 0.994011 0.153369   0.0102577 -0.0115835 0.0001   1.6e-05
HR_6 1787064787.122412000 1.000000   8.40467e-13 0.231589 -3.80772e-12   3.62823e-08 -3.71541e-17 0.0001   0.000514
QR_4 1787064787.122412000 0.885089   0.980349 0.994392 0.160831   0.00914157 -0.00541982 0.0001   0.000514
HR_6 1787064787.132412000 1.000000   8.408e-13 0.231597 -3.80913e-12   3.62957e-08 -3.71347e-17 0.0001   4.5e-05
QR_4 1787064787.132412000 0.885488   0.980245 0.99477 0.166666   0.00839869 0.00112328 0.0001   4.5e-05
HR_6 1787064787.142412000 1.000000   8.41216e-13 0.231607 -3.8109e-12   3.63125e-08 -3.71432e-17 0.0001   3.6e-05
QR_4 1787064787.142412000 0.886015   0.979861 0.995207 0.172718   0.00796612 0.00928948 0.0001   3.6e-05
HR_6 1787064787.152412000 1.000000   8.41549e-13 0.231615 -3.81231e-12   3.6326e-08 -3.71333e-17 0.0001   0.000118
QR_4 1787064787.152412000 0.886427   0.97946 0.995559 0.176687   0.00681097 0.0161619 0.0001   0.000118
HR_6 1787064787.162412000 1.000000   8.41882e-13 0.231623 -3.81372e-12   3.63394e-08 -3.71256e-17 0.0001   5.4e-05
QR_4 1787064787.162412000 0.886872   0.97896 0.995913 0.180334   0.00564747 0.0229924 0.0001   5.4e-05
HR_6 1787064787.172412000 1.000000   8.42215e-13 0.231631 -3.81513e-12   3.63529e-08 -3.71316e-17 0.0001   5.9e-05
QR_4 1787064787.172412000 0.887290   0.978364 0.996275 0.184011   0.00440064 0.0299274 0.0001   5.9e-05
HR_6 1787064787.182412000 1.000000   8.42534e-13 0.231639 -3.81654e-12   3.63663e-08 -3.71142e-17 0.0001   0.000175
QR_4 1787064787.182412000 0.887782   0.977644 0.996642 0.187839   0.00342459 0.036844 0.0001   0.000175
HR_6 1787064787.192412000 1.000000   8.42867e-13 0.231647 -3.81795e-12   3.63797e-08 -3.71175e-17 0.0001   1.5e-05
QR_4 1787064787.192412000 0.888354   0.976829 0.997002 0.191413   0.00314217 0.0434673 0.0001   1.5e-05
HR_6 1787064787.202413000 1.000000   8.43201e-13 0.231655 -3.81936e-12   3.63932e-08 -3.71411e-17 0.0001   9.6e-05
QR_4 1787064787.202413000 0.888868   0.975895 0.99739 0.194838   0.00235357 0.0502399 0.0001   9.6e-05
HR_6 1787064787.212413000 1.000000   8.43534e-13 0.231663 -3.82077e-12   3.64066e-08 -3.71182e-17 0.0001   1e-05
QR_4 1787064787.212413000 0.889371   0.974816 0.997846 0.198476   0.00193883 0.0575658 0.0001   1e-05
HR_6 1787064787.222413000 1.000000   8.43853e-13 0.231671 -3.82218e-12   3.64201e-08 -3.71055e-17 0.0001   2.5e-05
QR_4 1787064787.222413000 0.889868   0.973625 0.998347 0.202153   0.00086615 0.0649198 0.0001   2.5e-05
HR_6 1787064787.232413000 1.000000   8.44227e-13 0.231681 -3.82395e-12   3.64369e-08 -3.71472e-17 0.0001   0.000119
QR_4 1787064787.232413000 0.890564   0.97197 0.998958 0.206384   -0.000465588 0.0739452 0.0001   0.000119
HR_6 1787064787.242413000 1.000000   8.44463e-13 0.231687 -3.825e-12   3.64469e-08 -3.71665e-17 0.0001   5e-06
QR_4 1787064787.242413000 0.890974   0.970876 0.999298 0.208228   -0.00134452 0.0795443 0.0001   5e-06
HR_6 1787064787.252413000 1.000000   8.44894e-13 0.231697 -3.82677e-12   3.64637e-08 -3.72331e-17 0.0001   2.4e-05
QR_4 1787064787.252413000 0.891580   0.968815 0.999836 0.210693   -0.00323527 0.0891199 0.0001   2.4e-05
HR_6 1787064787.262413000 1.000000   8.45213e-13 0.231705 -3.82818e-12   3.64772e-08 -3.72409e-17 0.0001   3.2e-05
QR_4 1787064787.262413000 0.892110   0.967043 1.00025 0.212126   -0.00492918 0.0969851 0.0001   3.2e-05
HR_6 1787064787.272413000 1.000000   8.45546e-13 0.231713 -3.82959e-12   3.64906e-08 -3.72847e-17 0.0001   9e-06
QR_4 1787064787.272413000 0.892638   0.965071 1.00073 0.213207   -0.00678386 0.104693 0.0001   9e-06
HR_6 1787064787.282413000 1.000000   8.45879e-13 0.231721 -3.831e-12   3.65041e-08 -3.73309e-17 0.0001   2.4e-05
QR_4 1787064787.282413000 0.893191   0.962938 1.0012 0.213785   -0.00839004 0.112337 0.0001   2.4e-05
HR_6 1787064787.292413000 1.000000   8.46212e-13 0.231729 -3.83241e-12   3.65175e-08 -3.72985e-17 0.0001   3e-05
QR_4 1787064787.292413000 0.893694   0.960681 1.00166 0.214014   -0.0101537 0.120476 0.0001   3e-05
HR_6 1787064787.302414000 1.000000   8.46642e-13 0.231739 -3.83417e-12   3.65343e-08 -3.73054e-17 0.0001   4e-05
QR_4 1787064787.302414000 0.894367   0.957751 1.00219 0.213077   -0.0126737 0.13081 0.0001   4e-05
HR_6 1787064787.312414000 1.000000   8.47003e-13 0.231749 -3.83594e-12   3.65511e-08 -3.7277e-17 0.0001   2.6e-05
QR_4 1787064787.312414000 0.895070   0.954655 1.00281 0.210277   -0.0161304 0.141297 0.0001   2.6e-05
HR_6 1787064787.322414000 1.000000   8.47433e-13 0.231759 -3.8377e-12   3.65679e-08 -3.72287e-17 0.0001   4.5e-05
QR_4 1787064787.322414000 0.895776   0.95133 1.00342 0.207446   -0.0196213 0.152423 0.0001   4.5e-05
HR_6 1787064787.332414000 1.000000   8.47766e-13 0.231767 -3.83911e-12   3.65814e-08 -3.7231e-17 0.0001   3e-05
QR_4 1787064787.332414000 0.896365   0.948547 1.0039 0.205807   -0.0219718 0.161099 0.0001   3e-05
HR_6 1787064787.342408000 1.000000   8.48183e-13 0.231777 -3.84088e-12   3.65982e-08 -3.72522e-17 0.0001   3e-06
QR_4 1787064787.342408000 0.897094   0.944965 1.00444 0.204254   -0.0243944 0.171257 0.0001   3e-06
HR_6 1787064787.352409000 1.000000   8.48419e-13 0.231783 -3.84193e-12   3.66082e-08 -3.72112e-17 0.0001   0.000959
QR_4 1787064787.352409000 0.897521   0.942702 1.00475 0.203704   -0.025517 0.177798 0.0001   0.000959
HR_6 1787064787.362409000 1.000000   8.48654e-13 0.231789 -3.84299e-12   3.66183e-08 -3.72403e-17 0.0001   7e-05
QR_4 1787064787.362409000 0.897951   0.940368 1.00501 0.203419   -0.0263285 0.184453 0.0001   7e-05
HR_6 1787064787.372398000 1.000000   8.49126e-13 0.231801 -3.84511e-12   3.66385e-08 -3.7213e-17 0.0001   2e-06
QR_4 1787064787.372398000 0.898793   0.935492 1.00553 0.202885   -0.0275014 0.197602 0.0001   2e-06
HR_6 1787064787.382399000 1.000000   8.49459e-13 0.231809 -3.84652e-12   3.66519e-08 -3.72287e-17 0.0001   0.000938
QR_4 1787064787.382399000 0.899380   0.932077 1.00585 0.202406   -0.0284201 0.206641 0.0001   0.000938
HR_6 1787064787.392399000 1.000000   8.49779e-13 0.231817 -3.84793e-12   3.66654e-08 -3.72107e-17 0.0001   3.3e-05
QR_4 1787064787.392399000 0.900005   0.928575 1.00623 0.201552   -0.0298929 0.21602 0.0001   3.3e-05
HR_6 1787064787.402399000 1.000000   8.50209e-13 0.231827 -3.84969e-12   3.66822e-08 -3.72635e-17 0.0001   3.3e-05
QR_4 1787064787.402399000 0.900756   0.924012 1.00667 0.199852   -0.0322214 0.227479 0.0001   3.3e-05
HR_6 1787064787.412399000 1.000000   8.50542e-13 0.231835 -3.8511e-12   3.66956e-08 -3.73053e-17 0.0001   6.7e-05
QR_4 1787064787.412399000 0.901396   0.920253 1.00699 0.19791   -0.0342755 0.237044 0.0001   6.7e-05
HR_6 1787064787.422399000 1.000000   8.50875e-13 0.231843 -3.85251e-12   3.67091e-08 -3.72865e-17 0.0001   3.7e-05
QR_4 1787064787.422399000 0.902023   0.916357 1.00726 0.195954   -0.036192 0.246545 0.0001   3.7e-05
HR_6 1787064787.432399000 1.000000   8.51291e-13 0.231853 -3.85428e-12   3.67259e-08 -3.72948e-17 0.0001   8e-05
QR_4 1787064787.432399000 0.902774   0.911258 1.00754 0.19336   -0.0384963 0.25831 0.0001   8e-05
HR_6 1787064787.442399000 1.000000   8.51527e-13 0.231859 -3.85534e-12   3.67359e-08 -3.73165e-17 0.0001   8.7e-05
QR_4 1787064787.442399000 0.903248   0.908148 1.0077 0.191525   -0.0398042 0.265621 0.0001   8.7e-05
HR_6 1787064787.452399000 1.000000   8.5186e-13 0.231867 -3.85675e-12   3.67494e-08 -3.73438e-17 0.0001   4.2e-05
QR_4 1787064787.452399000 0.903804   0.903893 1.00786 0.189121   -0.0415628 0.275566 0.0001   4.2e-05
HR_6 1787064787.462399000 1.000000   8.52332e-13 0.231879 -3.85886e-12   3.67695e-08 -3.73449e-17 0.0001   2.7e-05
QR_4 1787064787.462399000 0.904564   0.897239 1.00805 0.185403   -0.0439865 0.290637 0.0001   2.7e-05
HR_6 1787064787.472399000 1.000000   8.52748e-13 0.231889 -3.86063e-12   3.67863e-08 -3.73891e-17 0.0001   6.1e-05
QR_4 1787064787.472399000 0.905162   0.891549 1.00817 0.182574   -0.0453675 0.303544 0.0001   6.1e-05
HR_6 1787064787.482400000 1.000000   8.52984e-13 0.231895 -3.86168e-12   3.67964e-08 -3.74301e-17 0.0001   4.6e-05
QR_4 1787064787.482400000 0.905486   0.888013 1.00823 0.180972   -0.0457014 0.311429 0.0001   4.6e-05
HR_6 1787064787.492400000 1.000000   8.53415e-13 0.231905 -3.86345e-12   3.68132e-08 -3.74309e-17 0.0001   3.4e-05
QR_4 1787064787.492400000 0.906101   0.881897 1.00829 0.178275   -0.0462911 0.324322 0.0001   3.4e-05
HR_6 1787064787.502400000 1.000000   8.53748e-13 0.231913 -3.86486e-12   3.68267e-08 -3.74135e-17 0.0001   4.3e-05
QR_4 1787064787.502400000 0.906516   0.876892 1.00833 0.175454   -0.0467842 0.334694 0.0001   4.3e-05
HR_6 1787064787.512400000 1.000000   8.54122e-13 0.231923 -3.86662e-12   3.68435e-08 -3.74301e-17 0.0001   0.00012
QR_4 1787064787.512400000 0.907087   0.870494 1.00835 0.171608   -0.0477781 0.347463 0.0001   0.00012
HR_6 1787064787.522400000 1.000000   8.54539e-13 0.231933 -3.86838e-12   3.68603e-08 -3.74048e-17 0.0001   2.3e-05
QR_4 1787064787.522400000 0.907684   0.863903 1.00834 0.167514   -0.0491619 0.36029 0.0001   2.3e-05
HR_6 1787064787.532400000 1.000000   8.54969e-13 0.231943 -3.87015e-12   3.68771e-08 -3.74762e-17 0.0001   3.7e-05
QR_4 1787064787.532400000 0.908272   0.857139 1.00828 0.163314   -0.0502645 0.373226 0.0001   3.7e-05
HR_6 1787064787.542400000 1.000000   8.55302e-13 0.231951 -3.87156e-12   3.68905e-08 -3.74332e-17 0.0001   0.000978
QR_4 1787064787.542400000 0.908770   0.851639 1.00818 0.159907   -0.0508393 0.38332 0.0001   0.000978
HR_6 1787064787.552400000 1.000000   8.55635e-13 0.231959 -3.87297e-12   3.6904e-08 -3.74267e-17 0.0001   5.2e-05
QR_4 1787064787.552400000 0.909282   0.846054 1.00804 0.156551   -0.0514798 0.393363 0.0001   5.2e-05
HR_6 1787064787.562400000 1.000000   8.55996e-13 0.231969 -3.87473e-12   3.69208e-08 -3.74455e-17 0.0001   0.000367
QR_4 1787064787.562400000 0.909939   0.838936 1.00782 0.152283   -0.0519013 0.405979 0.0001   0.000367
HR_6 1787064787.572400000 1.000000   8.56287e-13 0.231975 -3.87579e-12   3.69308e-08 -3.7427e-17 0.0001   4.2e-05
QR_4 1787064787.572400000 0.910323   0.834584 1.00766 0.149786   -0.0523064 0.413392 0.0001   4.2e-05
HR_6 1787064787.582401000 1.000000   8.56565e-13 0.231983 -3.8772e-12   3.69443e-08 -3.74029e-17 0.0001   1.7e-05
QR_4 1787064787.582401000 0.910813   0.82872 1.00737 0.146318   -0.0535754 0.423316 0.0001   1.7e-05
HR_6 1787064787.592401000 1.000000   8.56995e-13 0.231993 -3.87896e-12   3.69611e-08 -3.73771e-17 0.0001   4.6e-05
QR_4 1787064787.592401000 0.911470   0.82131 1.00701 0.14179   -0.0548828 0.435701 0.0001   4.6e-05
HR_6 1787064787.602401000 1.000000   8.57231e-13 0.231999 -3.88002e-12   3.69712e-08 -3.74125e-17 0.0001   1.9e-05
QR_4 1787064787.602401000 0.911860   0.816743 1.00677 0.139144   -0.0553919 0.443065 0.0001   1.9e-05
HR_6 1787064787.612401000 1.000000   8.57647e-13 0.232009 -3.88179e-12   3.6988e-08 -3.74007e-17 0.0001   3.8e-05
QR_4 1787064787.612401000 0.912514   0.80895 1.00644 0.134942   -0.0564079 0.455225 0.0001   3.8e-05
HR_6 1787064787.622401000 1.000000   8.5798e-13 0.232017 -3.8832e-12   3.70014e-08 -3.73895e-17 0.0001   5.2e-05
QR_4 1787064787.622401000 0.913039   0.802673 1.00619 0.131599   -0.0566163 0.464595 0.0001   5.2e-05
HR_6 1787064787.632401000 1.000000   8.58411e-13 0.232027 -3.88496e-12   3.70182e-08 -3.74107e-17 0.0001   2e-05
QR_4 1787064787.632401000 0.913645   0.794658 1.00588 0.1276   -0.0565207 0.476814 0.0001   2e-05
HR_6 1787064787.642401000 1.000000   8.58646e-13 0.232033 -3.88602e-12   3.70283e-08 -3.74007e-17 0.0001   5.9e-05
QR_4 1787064787.642401000 0.913988   0.789772 1.00569 0.125246   -0.0562153 0.484411 0.0001   5.9e-05
HR_6 1787064787.652401000 1.000000   8.59104e-13 0.232045 -3.88813e-12   3.70485e-08 -3.73506e-17 0.0001   0.000635
QR_4 1787064787.652401000 0.914623   0.779864 1.00529 0.120561   -0.0547956 0.499277 0.0001   0.000635
HR_6 1787064787.662401000 1.000000   8.59299e-13 0.232049 -3.88884e-12   3.70552e-08 -3.73393e-17 0.0001   3.2e-05
QR_4 1787064787.662401000 0.914855   0.776543 1.00514 0.119002   -0.0542281 0.50419 0.0001   3.2e-05
HR_6 1787064787.672401000 1.000000   8.59771e-13 0.232061 -3.89096e-12   3.70753e-08 -3.73186e-17 0.0001   2.6e-05
QR_4 1787064787.672401000 0.915613   0.766537 1.00464 0.114411   -0.0515466 0.519312 0.0001   2.6e-05
HR_6 1787064787.682402000 1.000000   8.60104e-13 0.232069 -3.89237e-12   3.70888e-08 -3.73995e-17 0.0001   3.4e-05
QR_4 1787064787.682402000 0.916069   0.759763 1.00429 0.111336   -0.0499492 0.528876 0.0001   3.4e-05
HR_6 1787064787.692402000 1.000000   8.60437e-13 0.232077 -3.89378e-12   3.71022e-08 -3.73926e-17 0.0001   1.9e-05
QR_4 1787064787.692402000 0.916516   0.752942 1.00391 0.108286   -0.0488963 0.538203 0.0001   1.9e-05
HR_6 1787064787.702402000 1.000000   8.60853e-13 0.232087 -3.89554e-12   3.7119e-08 -3.74064e-17 0.0001   1.8e-05
QR_4 1787064787.702402000 0.917143   0.744337 1.00349 0.104592   -0.0480406 0.550321 0.0001   1.8e-05
HR_6 1787064787.712402000 1.000000   8.61228e-13 0.232097 -3.8973e-12   3.71358e-08 -3.73919e-17 0.0001   3.2e-05
QR_4 1787064787.712402000 0.917808   0.735593 1.00308 0.101201   -0.0473237 0.56198 0.0001   3.2e-05
HR_6 1787064787.722402000 1.000000   8.61519e-13 0.232103 -3.89836e-12   3.71459e-08 -3.73746e-17 0.0001   4.2e-05
QR_4 1787064787.722402000 0.918199   0.730317 1.00294 0.099107   -0.0469995 0.5693 0.0001   4.2e-05
HR_6 1787064787.732402000 1.000000   8.61894e-13 0.232113 -3.90013e-12   3.71627e-08 -3.73481e-17 0.0001   5.5e-05
QR_4 1787064787.732402000 0.918863   0.721487 1.00265 0.0955282   -0.0464797 0.582122 0.0001   5.5e-05
HR_6 1787064787.742402000 1.000000   8.6231e-13 0.232123 -3.90189e-12   3.71795e-08 -3.73788e-17 0.0001   6.4e-05
QR_4 1787064787.742402000 0.919559   0.71254 1.00238 0.0918562   -0.0456024 0.594407 0.0001   6.4e-05
HR_6 1787064787.752402000 1.000000   8.62643e-13 0.232131 -3.9033e-12   3.7193e-08 -3.74087e-17 0.0001   4.4e-05
QR_4 1787064787.752402000 0.920113   0.705285 1.00217 0.0888336   -0.0447192 0.604211 0.0001   4.4e-05
HR_6 1787064787.762402000 1.000000   8.63074e-13 0.232141 -3.90506e-12   3.72098e-08 -3.73985e-17 0.0001   7.6e-05
QR_4 1787064787.762402000 0.920793   0.696139 1.00194 0.0850111   -0.0437798 0.616508 0.0001   7.6e-05
HR_6 1787064787.772402000 1.000000   8.63407e-13 0.232149 -3.90647e-12   3.72232e-08 -3.74533e-17 0.0001   7.4e-05
QR_4 1787064787.772402000 0.921316   0.688773 1.00176 0.0820142   -0.0429913 0.625802 0.0001   7.4e-05
HR_6 1787064787.782403000 1.000000   8.63726e-13 0.232157 -3.90788e-12   3.72366e-08 -3.74961e-17 0.0001   0.000202
QR_4 1787064787.782403000 0.921843   0.681374 1.00156 0.0788323   -0.0424427 0.635108 0.0001   0.000202
HR_6 1787064787.792403000 1.000000   8.64198e-13 0.232169 -3.91e-12   3.72568e-08 -3.74927e-17 0.0001   0.000645
QR_4 1787064787.792403000 0.922661   0.67011 1.00127 0.0744499   -0.0414937 0.64845 0.0001   0.000645
HR_6 1787064787.802403000 1.000000   8.64628e-13 0.232179 -3.91176e-12   3.72736e-08 -3.74918e-17 0.0001   5.3e-05
QR_4 1787064787.802403000 0.923355   0.660605 1.00104 0.0710856   -0.0405331 0.658914 0.0001   5.3e-05
HR_6 1787064787.812403000 1.000000   8.65003e-13 0.232189 -3.91353e-12   3.72904e-08 -3.7482e-17 0.0001   8.4e-05
QR_4 1787064787.812403000 0.924105   0.651075 1.00081 0.0679134   -0.0392008 0.670145 0.0001   8.4e-05
HR_6 1787064787.822403000 1.000000   8.65322e-13 0.232197 -3.91494e-12   3.73039e-08 -3.75073e-17 0.0001   6.4e-05
QR_4 1787064787.822403000 0.924742   0.643379 1.00066 0.065949   -0.037787 0.678713 0.0001   6.4e-05
HR_6 1787064787.832403000 1.000000   8.65752e-13 0.232207 -3.9167e-12   3.73207e-08 -3.74903e-17 0.0001   7.2e-05
QR_4 1787064787.832403000 0.925540   0.633677 1.00045 0.0639783   -0.0360116 0.688721 0.0001   7.2e-05
HR_6 1787064787.842403000 1.000000   8.66182e-13 0.232217 -3.91846e-12   3.73375e-08 -3.75576e-17 0.0001   0.00104
QR_4 1787064787.842403000 0.926342   0.623914 1.00024 0.0619198   -0.0344267 0.699294 0.0001   0.00104
HR_6 1787064787.852403000 1.000000   8.66557e-13 0.232227 -3.92023e-12   3.73543e-08 -3.76129e-17 0.0001   1.9e-05
QR_4 1787064787.852403000 0.927165   0.614068 1.00003 0.0594844   -0.0330643 0.709201 0.0001   1.9e-05
HR_6 1787064787.862403000 1.000000   8.66848e-13 0.232233 -3.92128e-12   3.73643e-08 -3.75832e-17 0.0001   0.000496
QR_4 1787064787.862403000 0.927671   0.608121 0.999905 0.057985   -0.032269 0.715178 0.0001   0.000496
HR_6 1787064787.872403000 1.000000   8.67209e-13 0.232243 -3.92305e-12   3.73811e-08 -3.75821e-17 0.0001   2.3e-05
QR_4 1787064787.872403000 0.928567   0.598172 0.999675 0.0554072   -0.0304659 0.725434 0.0001   2.3e-05
HR_6 1787064787.882404000 1.000000   8.67542e-13 0.232251 -3.92446e-12   3.73946e-08 -3.76033e-17 0.0001   1.3e-05
QR_4 1787064787.882404000 0.929267   0.590182 0.999563 0.0530202   -0.0289871 0.733171 0.0001   1.3e-05
HR_6 1787064787.892404000 1.000000   8.67778e-13 0.232257 -3.92552e-12   3.74047e-08 -3.75821e-17 0.0001   1.8e-05
QR_4 1787064787.892404000 0.929807   0.584202 0.999494 0.0511035   -0.0280296 0.738975 0.0001   1.8e-05
HR_6 1787064787.902404000 1.000000   8.68208e-13 0.232267 -3.92728e-12   3.74215e-08 -3.75986e-17 0.0001   2.1e-05
QR_4 1787064787.902404000 0.930750   0.574165 0.99934 0.0473985   -0.0264504 0.748931 0.0001   2.1e-05
HR_6 1787064787.912404000 1.000000   8.68541e-13 0.232275 -3.92869e-12   3.74349e-08 -3.76559e-17 0.0001   0.000492
QR_4 1787064787.912404000 0.931475   0.566046 0.999221 0.0444976   -0.025224 0.756155 0.0001   0.000492
HR_6 1787064787.922404000 1.000000   8.68861e-13 0.232283 -3.9301e-12   3.74484e-08 -3.76602e-17 0.0001   4.2e-05
QR_4 1787064787.922404000 0.932191   0.557892 0.999107 0.0417689   -0.0241321 0.763264 0.0001   4.2e-05
HR_6 1787064787.932404000 1.000000   8.69291e-13 0.232293 -3.93187e-12   3.74652e-08 -3.76933e-17 0.0001   6.8e-05
QR_4 1787064787.932404000 0.933149   0.547538 0.999063 0.0381303   -0.0231847 0.771669 0.0001   6.8e-05
HR_6 1787064787.942404000 1.000000   8.69665e-13 0.232303 -3.93363e-12   3.7482e-08 -3.77423e-17 0.0001   4.9e-05
QR_4 1787064787.942404000 0.934157   0.537117 0.999043 0.0346498   -0.0222621 0.779674 0.0001   4.9e-05
HR_6 1787064787.952404000 1.000000   8.69999e-13 0.232311 -3.93504e-12   3.74954e-08 -3.77709e-17 0.0001   5.9e-05
QR_4 1787064787.952404000 0.934926   0.528738 0.999026 0.0320623   -0.021561 0.786197 0.0001   5.9e-05
HR_6 1787064787.962404000 1.000000   8.70415e-13 0.232321 -3.9368e-12   3.75122e-08 -3.78854e-17 0.0001   0.000138
QR_4 1787064787.962404000 0.935895   0.518298 0.99899 0.029161   -0.0204611 0.795144 0.0001   0.000138
HR_6 1787064787.972404000 1.000000   8.70748e-13 0.232329 -3.93821e-12   3.75256e-08 -3.7906e-17 0.0001   3.4e-05
QR_4 1787064787.972404000 0.936577   0.509949 0.999177 0.0270146   -0.0194431 0.803446 0.0001   3.4e-05
HR_6 1787064787.982405000 1.000000   8.71178e-13 0.232339 -3.93998e-12   3.75424e-08 -3.79095e-17 0.0001   6.5e-05
QR_4 1787064787.982405000 0.937455   0.499435 0.999385 0.0242321   -0.0183809 0.813162 0.0001   6.5e-05
HR_6 1787064787.992405000 1.000000   8.71511e-13 0.232347 -3.94139e-12   3.75559e-08 -3.79309e-17 0.0001   0.000103
QR_4 1787064787.992405000 0.938165   0.491044 0.99956 0.0223792   -0.0175243 0.820973 0.0001   0.000103
HR_6 1787064788.002405000 1.000000   8.71886e-13 0.232357 -3.94315e-12   3.75727e-08 -3.79408e-17 0.0001   7.3e-05
QR_4 1787064788.002405000 0.939068   0.480568 0.999783 0.0201907   -0.0163794 0.830186 0.0001   7.3e-05
HR_6 1787064788.012405000 1.000000   8.72302e-13 0.232367 -3.94492e-12   3.75895e-08 -3.79824e-17 0.0001   4.4e-05
QR_4 1787064788.012405000 0.939986   0.470057 1.00002 0.0183132   -0.0153322 0.839519 0.0001   4.4e-05
HR_6 1787064788.022405000 1.000000   8.72732e-13 0.232377 -3.94668e-12   3.76063e-08 -3.79625e-17 0.0001   0.001242
QR_4 1787064788.022405000 0.940890   0.459481 1.00028 0.0164642   -0.0144661 0.848895 0.0001   0.001242
HR_6 1787064788.032405000 1.000000   8.73107e-13 0.232387 -3.94844e-12   3.76231e-08 -3.79805e-17 0.0001   3e-05
QR_4 1787064788.032405000 0.941783   0.448919 1.00054 0.0147512   -0.0135966 0.857923 0.0001   3e-05
HR_6 1787064788.042405000 1.000000   8.73634e-13 0.232399 -3.95056e-12   3.76433e-08 -3.79592e-17 0.0001   3.6e-05
QR_4 1787064788.042405000 0.942870   0.436212 1.00087 0.0125734   -0.0125219 0.868936 0.0001   3.6e-05
HR_6 1787064788.052405000 1.000000   8.74051e-13 0.232409 -3.95232e-12   3.76601e-08 -3.7995e-17 0.0001   3.2e-05
QR_4 1787064788.052405000 0.943812   0.425595 1.00114 0.0106926   -0.0115398 0.877723 0.0001   3.2e-05
HR_6 1787064788.062405000 1.000000   8.74384e-13 0.232417 -3.95373e-12   3.76735e-08 -3.80032e-17 0.0001   2.6e-05
QR_4 1787064788.062405000 0.944539   0.417078 1.00132 0.00872499   -0.0106785 0.884465 0.0001   2.6e-05
HR_6 1787064788.072405000 1.000000   8.74661e-13 0.232425 -3.95514e-12   3.76869e-08 -3.7983e-17 0.0001   4e-06
QR_4 1787064788.072405000 0.945260   0.408575 1.0014 0.00678012   -0.00960066 0.891624 0.0001   4e-06
HR_6 1787064788.082406000 1.000000   8.74995e-13 0.232433 -3.95655e-12   3.77004e-08 -3.79395e-17 0.0001   0.000101
QR_4 1787064788.082406000 0.946008   0.400054 1.0015 0.00496591   -0.00840315 0.898195 0.0001   0.000101
HR_6 1787064788.092406000 1.000000   8.75425e-13 0.232443 -3.95832e-12   3.77172e-08 -3.79051e-17 0.0001   5e-05
QR_4 1787064788.092406000 0.946925   0.389351 1.00164 0.00266567   -0.00701445 0.906095 0.0001   5e-05
HR_6 1787064788.102406000 1.000000   8.75841e-13 0.232453 -3.96008e-12   3.7734e-08 -3.79259e-17 0.0001   2e-05
QR_4 1787064788.102406000 0.947845   0.378661 1.00176 0.000884596   -0.00565121 0.914063 0.0001   2e-05
HR_6 1787064788.112406000 1.000000   8.76174e-13 0.232461 -3.96149e-12   3.77474e-08 -3.79147e-17 0.0001   1.8e-05
QR_4 1787064788.112406000 0.948587   0.370123 1.00185 -0.000420932   -0.00451516 0.919986 0.0001   1.8e-05
HR_6 1787064788.122406000 1.000000   8.76646e-13 0.232473 -3.96361e-12   3.77676e-08 -3.80157e-17 0.0001   1.7e-05
QR_4 1787064788.122406000 0.949692   0.357325 1.00195 -0.00233413   -0.00280349 0.928611 0.0001   1.7e-05
HR_6 1787064788.132406000 1.000000   8.76979e-13 0.232481 -3.96502e-12   3.7781e-08 -3.80174e-17 0.0001   0.002422
QR_4 1787064788.132406000 0.950417   0.348794 1.00197 -0.00415063   -0.00159367 0.934536 0.0001   0.002422
HR_6 1787064788.142406000 1.000000   8.77312e-13 0.232489 -3.96643e-12   3.77945e-08 -3.8052e-17 0.0001   6.6e-05
QR_4 1787064788.142406000 0.951128   0.340254 1.00199 -0.00579909   -0.000348332 0.940485 0.0001   6.6e-05
HR_6 1787064788.152406000 1.000000   8.77728e-13 0.232499 -3.96819e-12   3.78113e-08 -3.80729e-17 0.0001   2.1e-05
QR_4 1787064788.152406000 0.952042   0.329609 1.00203 -0.00741092   0.0012533 0.94768 0.0001   2.1e-05
HR_6 1787064788.162406000 1.000000   8.78062e-13 0.232507 -3.9696e-12   3.78247e-08 -3.8035e-17 0.0001   1.8e-05
QR_4 1787064788.162406000 0.952771   0.321087 1.00205 -0.00795309   0.00250309 0.953442 0.0001   1.8e-05
HR_6 1787064788.172406000 1.000000   8.78395e-13 0.232515 -3.97101e-12   3.78382e-08 -3.80696e-17 0.0001   9e-06
QR_4 1787064788.172406000 0.953480   0.31256 1.00205 -0.00815016   0.00363556 0.959048 0.0001   9e-06
HR_6 1787064788.182407000 1.000000   8.78769e-13 0.232525 -3.97278e-12   3.7855e-08 -3.81391e-17 0.0001   4.8e-05
QR_4 1787064788.182407000 0.954363   0.301904 1.00206 -0.00861514   0.00495067 0.966094 0.0001   4.8e-05
HR_6 1787064788.192407000 1.000000   8.79102e-13 0.232533 -3.97419e-12   3.78684e-08 -3.82096e-17 0.0001   5e-05
QR_4 1787064788.192407000 0.955083   0.293383 1.00206 -0.0091756   0.00591544 0.97193 0.0001   5e-05
HR_6 1787064788.202407000 1.000000   8.79422e-13 0.232541 -3.9756e-12   3.78818e-08 -3.82391e-17 0.0001   3.5e-05
QR_4 1787064788.202407000 0.955784   0.284874 1.00204 -0.0101221   0.00679111 0.977672 0.0001   3.5e-05
HR_6 1787064788.212407000 1.000000   8.79852e-13 0.232551 -3.97736e-12   3.78986e-08 -3.82093e-17 0.0001   4.4e-05
QR_4 1787064788.212407000 0.956635   0.274241 1.00203 -0.0112448   0.00790192 0.984734 0.0001   4.4e-05
HR_6 1787064788.222407000 1.000000   8.80282e-13 0.232561 -3.97913e-12   3.79154e-08 -3.82216e-17 0.0001   1.4e-05
QR_4 1787064788.222407000 0.957507   0.263628 1.00202 -0.0123605   0.00896948 0.991793 0.0001   1.4e-05
HR_6 1787064788.232407000 1.000000   8.80518e-13 0.232567 -3.98018e-12   3.79255e-08 -3.82393e-17 0.0001   0.000643
QR_4 1787064788.232407000 0.958018   0.257253 1.00204 -0.0124291   0.00950577 0.995676 0.0001   0.000643
HR_6 1787064788.242407000 1.000000   8.80948e-13 0.232577 -3.98195e-12   3.79423e-08 -3.82222e-17 0.0001   1.9e-05
QR_4 1787064788.242407000 0.958872   0.246599 1.00208 -0.0126429   0.0103392 1.00129 0.0001   1.9e-05
HR_6 1787064788.252407000 1.000000   8.81309e-13 0.232587 -3.98371e-12   3.79591e-08 -3.82476e-17 0.0001   6e-05
QR_4 1787064788.252407000 0.959701   0.235982 1.00211 -0.0128257   0.0110991 1.00765 0.0001   6e-05
HR_6 1787064788.262407000 1.000000   8.816e-13 0.232593 -3.98477e-12   3.79692e-08 -3.82589e-17 0.0001   0.000945
QR_4 1787064788.262407000 0.960239   0.229634 1.00214 -0.0133164   0.0116631 1.01054 0.0001   0.000945
HR_6 1787064788.272407000 1.000000   8.81975e-13 0.232603 -3.98653e-12   3.7986e-08 -3.82613e-17 0.0001   0.00063
QR_4 1787064788.272407000 0.961178   0.219101 1.00211 -0.0135392   0.0126781 1.01431 0.0001   0.00063
HR_6 1787064788.282408000 1.000000   8.82308e-13 0.232611 -3.98794e-12   3.79995e-08 -3.82132e-17 0.0001   0.000101
QR_4 1787064788.282408000 0.961897   0.210657 1.0021 -0.0137993   0.0133278 1.01784 0.0001   0.000101
HR_6 1787064788.292408000 1.000000   8.82641e-13 0.232619 -3.98935e-12   3.80129e-08 -3.82778e-17 0.0001   0.000933
QR_4 1787064788.292408000 0.962646   0.202259 1.00207 -0.0140624   0.0138909 1.02093 0.0001   0.000933
HR_6 1787064788.302408000 1.000000   8.8296e-13 0.232627 -3.99076e-12   3.80263e-08 -3.82362e-17 0.0001   4e-05
QR_4 1787064788.302408000 0.963362   0.193945 1.00204 -0.0139705   0.01402 1.0248 0.0001   4e-05
HR_6 1787064788.312408000 1.000000   8.83391e-13 0.232637 -3.99253e-12   3.80431e-08 -3.82317e-17 0.0001   7.7e-05
QR_4 1787064788.312408000 0.964218   0.18354 1.002 -0.0141115   0.0139707 1.03013 0.0001   7.7e-05
HR_6 1787064788.322408000 1.000000   8.83724e-13 0.232645 -3.99394e-12   3.80566e-08 -3.82454e-17 0.0001   0.002519
QR_4 1787064788.322408000 0.964900   0.175251 1.00198 -0.0142104   0.0137447 1.03452 0.0001   0.002519
HR_6 1787064788.332408000 1.000000   8.84057e-13 0.232653 -3.99535e-12   3.807e-08 -3.8207e-17 0.0001   3.5e-05
QR_4 1787064788.332408000 0.965592   0.167001 1.00197 -0.0144122   0.0137393 1.03903 0.0001   3.5e-05
HR_6 1787064788.342408000 1.000000   8.8439e-13 0.232661 -3.99676e-12   3.80835e-08 -3.81259e-17 0.0001   6.7e-05
QR_4 1787064788.342408000 0.966251   0.15872 1.00195 -0.0147433   0.0137463 1.04364 0.0001   6.7e-05
HR_6 1787064788.352408000 1.000000   8.84709e-13 0.232669 -3.99817e-12   3.80969e-08 -3.80877e-17 0.0001   0.001439
QR_4 1787064788.352408000 0.966906   0.150482 1.00196 -0.0151637   0.0138761 1.04828 0.0001   0.001439
HR_6 1787064788.362408000 1.000000   8.85042e-13 0.232677 -3.99958e-12   3.81104e-08 -3.81123e-17 0.0001   4.5e-05
QR_4 1787064788.362408000 0.967542   0.14229 1.00201 -0.01581   0.0144039 1.05307 0.0001   4.5e-05
HR_6 1787064788.372408000 1.000000   8.85417e-13 0.232687 -4.00134e-12   3.81272e-08 -3.8173e-17 0.0001   0.000152
QR_4 1787064788.372408000 0.968367   0.131986 1.00197 -0.0166355   0.0152492 1.05854 0.0001   0.000152
HR_6 1787064788.382409000 1.000000   8.8575e-13 0.232695 -4.00275e-12   3.81406e-08 -3.81876e-17 0.0001   4.3e-05
QR_4 1787064788.382409000 0.969011   0.123802 1.00191 -0.0169557   0.0155781 1.06294 0.0001   4.3e-05
HR_6 1787064788.392409000 1.000000   8.8618e-13 0.232705 -4.00452e-12   3.81574e-08 -3.82954e-17 0.0001   0.002719
QR_4 1787064788.392409000 0.969815   0.113588 1.00185 -0.0166669   0.0148287 1.06835 0.0001   0.002719
HR_6 1787064788.402409000 1.000000   8.86513e-13 0.232713 -4.00593e-12   3.81708e-08 -3.83039e-17 0.0001   1e-05
QR_4 1787064788.402409000 0.970512   0.105406 1.00181 -0.0161726   0.0137953 1.0722 0.0001   1e-05
HR_6 1787064788.412409000 1.000000   8.86929e-13 0.232723 -4.00769e-12   3.81876e-08 -3.83321e-17 0.0001   1.8e-05
QR_4 1787064788.412409000 0.971282   0.0951851 1.00173 -0.0157284   0.0122555 1.07756 0.0001   1.8e-05
HR_6 1787064788.422409000 1.000000   8.87262e-13 0.232731 -4.0091e-12   3.82011e-08 -3.83903e-17 0.0001   4.6e-05
QR_4 1787064788.422409000 0.971952   0.0870442 1.00161 -0.0159558   0.0112718 1.08133 0.0001   4.6e-05
HR_6 1787064788.432409000 1.000000   8.8754e-13 0.232739 -4.01051e-12   3.82145e-08 -3.84158e-17 0.0001   4.3e-05
QR_4 1787064788.432409000 0.972673   0.0789099 1.00147 -0.016262   0.0106454 1.08472 0.0001   4.3e-05
HR_6 1787064788.442409000 1.000000   8.87873e-13 0.232747 -4.01192e-12   3.8228e-08 -3.8393e-17 0.0001   4.8e-05
QR_4 1787064788.442409000 0.973303   0.0707506 1.00133 -0.0168695   0.0096153 1.08873 0.0001   4.8e-05
HR_6 1787064788.452409000 1.000000   8.88206e-13 0.232755 -4.01333e-12   3.82414e-08 -3.83528e-17 0.0001   0.000161
QR_4 1787064788.452409000 0.973934   0.0626294 1.00115 -0.0174229   0.00923655 1.0926 0.0001   0.000161
HR_6 1787064788.462409000 1.000000   8.88525e-13 0.232763 -4.01475e-12   3.82548e-08 -3.83254e-17 0.0001   6.1e-05
QR_4 1787064788.462409000 0.974570   0.0545242 1.00096 -0.0171704   0.00969023 1.09629 0.0001   6.1e-05
HR_6 1787064788.472409000 1.000000   8.88858e-13 0.232771 -4.01616e-12   3.82683e-08 -3.83764e-17 0.0001   0.000173
QR_4 1787064788.472409000 0.975127   0.0463709 1.00077 -0.0167475   0.0100496 1.10085 0.0001   0.000173
HR_6 1787064788.482410000 1.000000   8.89191e-13 0.232779 -4.01757e-12   3.82817e-08 -3.83151e-17 0.0001   3.9e-05
QR_4 1787064788.482410000 0.975702   0.0382177 1.00058 -0.0157992   0.0107627 1.10524 0.0001   3.9e-05
HR_6 1787064788.492410000 1.000000   8.89525e-13 0.232787 -4.01898e-12   3.82952e-08 -3.83421e-17 0.0001   5.4e-05
QR_4 1787064788.492410000 0.976263   0.0301286 1.00038 -0.0144065   0.0116843 1.10938 0.0001   5.4e-05
HR_6 1787064788.502410000 1.000000   8.89955e-13 0.232797 -4.02074e-12   3.8312e-08 -3.83834e-17 0.0001   6.8e-05
QR_4 1787064788.502410000 0.976957   0.0199569 1.00013 -0.0128877   0.0120264 1.11468 0.0001   6.8e-05
HR_6 1787064788.512410000 1.000000   8.90288e-13 0.232805 -4.02215e-12   3.83254e-08 -3.83688e-17 0.0001   0.0011
QR_4 1787064788.512410000 0.977566   0.0118954 0.999881 -0.0113977   0.0121244 1.11865 0.0001   0.0011
HR_6 1787064788.522410000 1.000000   8.90704e-13 0.232815 -4.02391e-12   3.83422e-08 -3.83543e-17 0.0001   2e-05
QR_4 1787064788.522410000 0.978407   0.00191621 0.999587 -0.0101294   0.0117062 1.12342 0.0001   2e-05
HR_6 1787064788.532410000 1.000000   8.91176e-13 0.232827 -4.02603e-12   3.83624e-08 -3.83606e-17 0.0001   0.00497
QR_4 1787064788.532410000 0.979470   -0.0101991 0.999241 -0.00927036   0.0102912 1.12901 0.0001   0.00497
HR_6 1787064788.542410000 1.000000   8.9137e-13 0.232831 -4.02674e-12   3.83691e-08 -3.83449e-17 0.0001   0.000208
QR_4 1787064788.542410000 0.979849   -0.0142474 0.99914 -0.00898479   0.00954481 1.13087 0.0001   0.000208
HR_6 1787064788.552410000 1.000000   8.91745e-13 0.232841 -4.0285e-12   3.83859e-08 -3.82816e-17 0.0001   0.000134
QR_4 1787064788.552410000 0.980722   -0.0243218 0.9989 -0.00873369   0.00760616 1.13535 0.0001   0.000134
HR_6 1787064788.562410000 1.000000   8.92175e-13 0.232851 -4.03026e-12   3.84027e-08 -3.82565e-17 0.0001   0.002881
QR_4 1787064788.562410000 0.981654   -0.0344105 0.998671 -0.00798577   0.00536147 1.13997 0.0001   0.002881
HR_6 1787064788.572410000 1.000000   8.92494e-13 0.232859 -4.03167e-12   3.84162e-08 -3.82912e-17 0.0001   0.000132
QR_4 1787064788.572410000 0.982362   -0.0424692 0.998509 -0.00691941   0.00344277 1.1437 0.0001   0.000132
HR_6 1787064788.582411000 1.000000   8.92925e-13 0.232869 -4.03344e-12   3.8433e-08 -3.82338e-17 0.0001   0.000153
QR_4 1787064788.582411000 0.983271   -0.0525287 0.998337 -0.00645636   0.00171489 1.14855 0.0001   0.000153
HR_6 1787064788.592411000 1.000000   8.93299e-13 0.232879 -4.0352e-12   3.84498e-08 -3.82245e-17 0.0001   3.9e-05
QR_4 1787064788.592411000 0.984241   -0.0625862 0.998165 -0.00625649   0.000894297 1.15325 0.0001   3.9e-05
HR_6 1787064788.602411000 1.000000   8.9373e-13 0.232889 -4.03696e-12   3.84666e-08 -3.82392e-17 0.0001   1.5e-05
QR_4 1787064788.602411000 0.985194   -0.0726657 0.998001 -0.00654259   0.00065845 1.15852 0.0001   1.5e-05
HR_6 1787064788.612411000 1.000000   8.9416e-13 0.232899 -4.03873e-12   3.84834e-08 -3.81974e-17 0.0001   4.6e-05
QR_4 1787064788.612411000 0.986133   -0.0827337 0.99785 -0.00706681   0.000989244 1.16337 0.0001   4.6e-05
HR_6 1787064788.622411000 1.000000   8.94521e-13 0.232909 -4.04049e-12   3.85002e-08 -3.82445e-17 0.0001   5.5e-05
QR_4 1787064788.622411000 0.987099   -0.0928009 0.997706 -0.00790567   0.00160508 1.16765 0.0001   5.5e-05
HR_6 1787064788.632411000 1.000000   8.94854e-13 0.232917 -4.0419e-12   3.85136e-08 -3.82178e-17 0.0001   1.2e-05
QR_4 1787064788.632411000 0.987841   -0.100862 0.997584 -0.0086217   0.00193464 1.17249 0.0001   1.2e-05
HR_6 1787064788.642411000 1.000000   8.95284e-13 0.232927 -4.04366e-12   3.85304e-08 -3.81671e-17 0.0001   2.3e-05
QR_4 1787064788.642411000 0.988744   -0.110925 0.997501 -0.00952822   0.00271978 1.17907 0.0001   2.3e-05
HR_6 1787064788.652411000 1.000000   8.95617e-13 0.232935 -4.04507e-12   3.85438e-08 -3.8134e-17 0.0001   8e-06
QR_4 1787064788.652411000 0.989482   -0.118987 0.997401 -0.0103766   0.00371778 1.18342 0.0001   8e-06
HR_6 1787064788.662411000 1.000000   8.95853e-13 0.232941 -4.04613e-12   3.85539e-08 -3.81406e-17 0.0001   5.5e-05
QR_4 1787064788.662411000 0.990028   -0.125021 0.997388 -0.0110868   0.00422494 1.18687 0.0001   5.5e-05
HR_6 1787064788.672411000 1.000000   8.96186e-13 0.232949 -4.04754e-12   3.85674e-08 -3.81359e-17 0.0001   0.000101
QR_4 1787064788.672411000 0.990742   -0.133063 0.997384 -0.0121211   0.00483195 1.19147 0.0001   0.000101
HR_6 1787064788.682412000 1.000000   8.96505e-13 0.232957 -4.04895e-12   3.85808e-08 -3.80962e-17 0.0001   0.000122
QR_4 1787064788.682412000 0.991462   -0.141107 0.997402 -0.0131591   0.00584135 1.19588 0.0001   0.000122
HR_6 1787064788.692412000 1.000000   8.96838e-13 0.232965 -4.05036e-12   3.85943e-08 -3.80522e-17 0.0001   5.3e-05
QR_4 1787064788.692412000 0.992173   -0.149137 0.997415 -0.0141923   0.00721003 1.20018 0.0001   5.3e-05
HR_6 1787064788.702412000 1.000000   8.97268e-13 0.232975 -4.05213e-12   3.86111e-08 -3.7974e-17 0.0001   8.3e-05
QR_4 1787064788.702412000 0.993052   -0.159169 0.997416 -0.015571   0.00926021 1.20502 0.0001   8.3e-05
HR_6 1787064788.712412000 1.000000   8.97601e-13 0.232983 -4.05354e-12   3.86245e-08 -3.79879e-17 0.0001   3.5e-05
QR_4 1787064788.712412000 0.993742   -0.167182 0.997411 -0.0166909   0.0110688 1.20955 0.0001   3.5e-05
HR_6 1787064788.722412000 1.000000   8.97935e-13 0.232991 -4.05495e-12   3.86379e-08 -3.79702e-17 0.0001   2.5e-05
QR_4 1787064788.722412000 0.994430   -0.175197 0.997366 -0.0177815   0.0129024 1.21299 0.0001   2.5e-05
HR_6 1787064788.732412000 1.000000   8.98268e-13 0.232999 -4.05636e-12   3.86514e-08 -3.79559e-17 0.0001   2.2e-05
QR_4 1787064788.732412000 0.995104   -0.183211 0.997335 -0.0188728   0.0147086 1.21562 0.0001   2.2e-05
HR_6 1787064788.742412000 1.000000   8.98628e-13 0.233009 -4.05812e-12   3.86682e-08 -3.78531e-17 0.0001   0.001607
QR_4 1787064788.742412000 0.995922   -0.193208 0.997284 -0.0202638   0.0168927 1.21877 0.0001   0.001607
HR_6 1787064788.752412000 1.000000   8.98961e-13 0.233017 -4.05953e-12   3.86816e-08 -3.78219e-17 0.0001   0.000859
QR_4 1787064788.752412000 0.996569   -0.201186 0.997232 -0.0214365   0.0186037 1.22125 0.0001   0.000859
HR_6 1787064788.762412000 1.000000   8.99489e-13 0.233029 -4.06165e-12   3.87018e-08 -3.77939e-17 0.0001   3.7e-05
QR_4 1787064788.762412000 0.997513   -0.21313 0.997139 -0.0232111   0.0212986 1.22338 0.0001   3.7e-05
HR_6 1787064788.772412000 1.000000   8.99864e-13 0.233039 -4.06341e-12   3.87186e-08 -3.77416e-17 0.0001   0.002556
QR_4 1787064788.772412000 0.998275   -0.223049 0.997055 -0.0244801   0.0236148 1.22513 0.0001   0.002556
HR_6 1787064788.782413000 1.000000   9.00155e-13 0.233045 -4.06447e-12   3.87287e-08 -3.77135e-17 0.0001   2.4e-05
QR_4 1787064788.782413000 0.998740   -0.228988 0.997001 -0.0251505   0.0250659 1.22699 0.0001   2.4e-05
HR_6 1787064788.792413000 1.000000   9.00488e-13 0.233053 -4.06588e-12   3.87421e-08 -3.76367e-17 0.0001   1.7e-05
QR_4 1787064788.792413000 0.999351   -0.236891 0.996921 -0.0259089   0.0269447 1.22967 0.0001   1.7e-05
HR_6 1787064788.802413000 1.000000   9.00849e-13 0.233063 -4.06765e-12   3.87589e-08 -3.7634e-17 0.0001   2.1e-05
QR_4 1787064788.802413000 1.000089   -0.246742 0.996815 -0.0267979   0.029426 1.23172 0.0001   2.1e-05
HR_6 1787064788.812413000 1.000000   9.01279e-13 0.233073 -4.06941e-12   3.87757e-08 -3.76524e-17 0.0001   0.002043
QR_4 1787064788.812413000 1.000814   -0.256552 0.996726 -0.027822   0.0319245 1.23435 0.0001   0.002043
HR_6 1787064788.822413000 1.000000   9.01515e-13 0.233079 -4.07047e-12   3.87858e-08 -3.75868e-17 0.0001   9.2e-05
QR_4 1787064788.822413000 1.001242   -0.26243 0.996707 -0.0285792   0.0334377 1.23598 0.0001   9.2e-05
HR_6 1787064788.832413000 1.000000   9.02042e-13 0.233091 -4.07258e-12   3.8806e-08 -3.75627e-17 0.0001   0.00014
QR_4 1787064788.832413000 1.002077   -0.274135 0.996678 -0.0300992   0.0365561 1.23988 0.0001   0.00014
HR_6 1787064788.842413000 1.000000   9.02278e-13 0.233097 -4.07364e-12   3.8816e-08 -3.75854e-17 0.0001   0.000135
QR_4 1787064788.842413000 1.002492   -0.279958 0.996681 -0.0309078   0.0381197 1.24239 0.0001   0.000135
HR_6 1787064788.852413000 1.000000   9.02611e-13 0.233105 -4.07505e-12   3.88295e-08 -3.75592e-17 0.0001   0.000145
QR_4 1787064788.852413000 1.003033   -0.287702 0.996683 -0.0317469   0.0403093 1.24564 0.0001   0.000145
HR_6 1787064788.862413000 1.000000   9.02931e-13 0.233113 -4.07646e-12   3.88429e-08 -3.75767e-17 0.0001   5.4e-05
QR_4 1787064788.862413000 1.003551   -0.295423 0.996696 -0.0323894   0.0425372 1.24811 0.0001   5.4e-05
HR_6 1787064788.872413000 1.000000   9.03361e-13 0.233123 -4.07823e-12   3.88597e-08 -3.75619e-17 0.0001   4.5e-05
QR_4 1787064788.872413000 1.004183   -0.305021 0.996677 -0.0327405   0.0452907 1.25197 0.0001   4.5e-05
HR_6 1787064788.882414000 1.000000   9.03735e-13 0.233133 -4.07999e-12   3.88765e-08 -3.7552e-17 0.0001   9e-05
QR_4 1787064788.882414000 1.004809   -0.314579 0.996679 -0.033028   0.048058 1.25651 0.0001   9e-05
HR_6 1787064788.892414000 1.000000   9.04166e-13 0.233143 -4.08175e-12   3.88933e-08 -3.75251e-17 0.0001   0.000154
QR_4 1787064788.892414000 1.005413   -0.324082 0.996687 -0.0336391   0.0505683 1.26007 0.0001   0.000154
HR_6 1787064788.902414000 1.000000   9.04499e-13 0.233151 -4.08316e-12   3.89068e-08 -3.75698e-17 0.0001   0.000477
QR_4 1787064788.902414000 1.005899   -0.331632 0.996691 -0.0340494   0.0525147 1.26345 0.0001   0.000477
HR_6 1787064788.912414000 1.000000   9.04915e-13 0.233161 -4.08493e-12   3.89236e-08 -3.75797e-17 0.0001   0.000658
QR_4 1787064788.912414000 1.006499   -0.341022 0.996659 -0.0349316   0.054581 1.26785 0.0001   0.000658
HR_6 1787064788.922414000 1.000000   9.05248e-13 0.233169 -4.08634e-12   3.8937e-08 -3.75485e-17 0.0001   5.6e-05
QR_4 1787064788.922414000 1.006963   -0.348485 0.996671 -0.0355108   0.0562825 1.27117 0.0001   5.6e-05
HR_6 1787064788.932414000 1.000000   9.05623e-13 0.233179 -4.0881e-12   3.89538e-08 -3.758e-17 0.0001   0.000117
QR_4 1787064788.932414000 1.007523   -0.35775 0.996712 -0.0362236   0.0585439 1.27466 0.0001   0.000117
HR_6 1787064788.942414000 1.000000   9.05956e-13 0.233187 -4.08951e-12   3.89673e-08 -3.75962e-17 0.0001   7.2e-05
QR_4 1787064788.942414000 1.007949   -0.365127 0.99676 -0.036768   0.060373 1.27708 0.0001   7.2e-05
HR_6 1787064788.952414000 1.000000   9.06289e-13 0.233195 -4.09092e-12   3.89807e-08 -3.75314e-17 0.0001   9e-05
QR_4 1787064788.952414000 1.008368   -0.372452 0.996866 -0.037119   0.0621087 1.27949 0.0001   9e-05
HR_6 1787064788.962414000 1.000000   9.06719e-13 0.233205 -4.09269e-12   3.89975e-08 -3.75452e-17 0.0001   5.8e-05
QR_4 1787064788.962414000 1.008877   -0.38156 0.996969 -0.0373155   0.0641858 1.2819 0.0001   5.8e-05
HR_6 1787064788.972414000 1.000000   9.07135e-13 0.233215 -4.09445e-12   3.90143e-08 -3.75301e-17 0.0001   6.2e-05
QR_4 1787064788.972414000 1.009382   -0.390591 0.99711 -0.037604   0.0662419 1.28492 0.0001   6.2e-05
HR_6 1787064788.982415000 1.000000   9.07371e-13 0.233221 -4.09551e-12   3.90244e-08 -3.7536e-17 0.0001   0.000228
QR_4 1787064788.982415000 1.009685   -0.395982 0.997136 -0.0379948   0.0676418 1.28675 0.0001   0.000228
HR_6 1787064788.992415000 1.000000   9.07802e-13 0.233231 -4.09727e-12   3.90412e-08 -3.75134e-17 0.0001   0.000182
QR_4 1787064788.992415000 1.010177   -0.404926 0.997052 -0.0386162   0.0701256 1.28925 0.0001   0.000182
HR_6 1787064789.002415000 1.000000   9.08176e-13 0.233241 -4.09903e-12   3.9058e-08 -3.75015e-17 0.0001   0.000186
QR_4 1787064789.002415000 1.010644   -0.413795 0.996939 -0.0390596   0.0724937 1.29228 0.0001   0.000186
HR_6 1787064789.012415000 1.000000   9.08607e-13 0.233251 -4.1008e-12   3.90748e-08 -3.74262e-17 0.0001   0.00014
QR_4 1787064789.012415000 1.011095   -0.42259 0.996767 -0.0391589   0.074677 1.29581 0.0001   0.00014
HR_6 1787064789.022415000 1.000000   9.09037e-13 0.233261 -4.10256e-12   3.90916e-08 -3.74132e-17 0.0001   8.5e-05
QR_4 1787064789.022415000 1.011546   -0.431292 0.996646 -0.0390204   0.0762873 1.29906 0.0001   8.5e-05
HR_6 1787064789.032415000 1.000000   9.09398e-13 0.233271 -4.10432e-12   3.91084e-08 -3.73919e-17 0.0001   4.2e-05
QR_4 1787064789.032415000 1.011979   -0.439919 0.996523 -0.0390105   0.0778125 1.30225 0.0001   4.2e-05
HR_6 1787064789.042415000 1.000000   9.09731e-13 0.233279 -4.10573e-12   3.91218e-08 -3.74039e-17 0.0001   0.001882
QR_4 1787064789.042415000 1.012307   -0.446765 0.996402 -0.0390634   0.079244 1.3049 0.0001   0.001882
HR_6 1787064789.052415000 1.000000   9.10161e-13 0.233289 -4.1075e-12   3.91386e-08 -3.73766e-17 0.0001   0.000121
QR_4 1787064789.052415000 1.012723   -0.455257 0.996241 -0.039343   0.0812452 1.30787 0.0001   0.000121
HR_6 1787064789.062415000 1.000000   9.10591e-13 0.233299 -4.10926e-12   3.91554e-08 -3.73514e-17 0.0001   0.000125
QR_4 1787064789.062415000 1.013120   -0.46368 0.996067 -0.0397134   0.0833945 1.31074 0.0001   0.000125
HR_6 1787064789.072415000 1.000000   9.10966e-13 0.233309 -4.11102e-12   3.91722e-08 -3.74043e-17 0.0001   0.00291
QR_4 1787064789.072415000 1.013487   -0.472007 0.99589 -0.0399399   0.0856982 1.31369 0.0001   0.00291
HR_6 1787064789.082416000 1.000000   9.11299e-13 0.233317 -4.11244e-12   3.91857e-08 -3.74091e-17 0.0001   0.000205
QR_4 1787064789.082416000 1.013763   -0.478598 0.995756 -0.040009   0.0877383 1.31599 0.0001   0.000205
HR_6 1787064789.092416000 1.000000   9.11632e-13 0.233325 -4.11385e-12   3.91991e-08 -3.74365e-17 0.0001   0.000201
QR_4 1787064789.092416000 1.014055   -0.485127 0.995618 -0.040043   0.0894782 1.31837 0.0001   0.000201
HR_6 1787064789.102416000 1.000000   9.11951e-13 0.233333 -4.11526e-12   3.92126e-08 -3.74657e-17 0.0001   0.0001
QR_4 1787064789.102416000 1.014319   -0.4916 0.995473 -0.0400727   0.0909464 1.32067 0.0001   0.0001
HR_6 1787064789.112416000 1.000000   9.12284e-13 0.233341 -4.11667e-12   3.9226e-08 -3.75451e-17 0.0001   0.000246
QR_4 1787064789.112416000 1.014582   -0.497994 0.995314 -0.0399651   0.0921318 1.32294 0.0001   0.000246
HR_6 1787064789.122416000 1.000000   9.12714e-13 0.233351 -4.11843e-12   3.92428e-08 -3.75495e-17 0.0001   4.5e-05
QR_4 1787064789.122416000 1.014900   -0.50593 0.995144 -0.0397093   0.0936246 1.32593 0.0001   4.5e-05
HR_6 1787064789.132416000 1.000000   9.13047e-13 0.233359 -4.11984e-12   3.92563e-08 -3.75625e-17 0.0001   3.5e-05
QR_4 1787064789.132416000 1.015127   -0.512233 0.995018 -0.0395274   0.0946085 1.32833 0.0001   3.5e-05
HR_6 1787064789.142416000 1.000000   9.13478e-13 0.233369 -4.1216e-12   3.92731e-08 -3.76372e-17 0.0001   6.2e-05
QR_4 1787064789.142416000 1.015376   -0.519995 0.994921 -0.0392895   0.0963092 1.33096 0.0001   6.2e-05
HR_6 1787064789.152416000 1.000000   9.13811e-13 0.233377 -4.12302e-12   3.92865e-08 -3.76482e-17 0.0001   3.7e-05
QR_4 1787064789.152416000 1.015582   -0.526133 0.99486 -0.0391932   0.0978151 1.33314 0.0001   3.7e-05
HR_6 1787064789.162416000 1.000000   9.1413e-13 0.233385 -4.12443e-12   3.92999e-08 -3.76586e-17 0.0001   0.000171
QR_4 1787064789.162416000 1.015755   -0.532249 0.994809 -0.0391213   0.099094 1.33543 0.0001   0.000171
HR_6 1787064789.172416000 1.000000   9.14505e-13 0.233395 -4.12619e-12   3.93167e-08 -3.76669e-17 0.0001   0.000114
QR_4 1787064789.172416000 1.015949   -0.539778 0.994748 -0.0389699   0.1002 1.33829 0.0001   0.000114
HR_6 1787064789.182417000 1.000000   9.14838e-13 0.233403 -4.1276e-12   3.93302e-08 -3.7673e-17 0.0001   0.000143
QR_4 1787064789.182417000 1.016088   -0.545735 0.994715 -0.0386451   0.100386 1.34071 0.0001   0.000143
HR_6 1787064789.192417000 1.000000   9.15268e-13 0.233413 -4.12936e-12   3.9347e-08 -3.76875e-17 0.0001   5.5e-05
QR_4 1787064789.192417000 1.016245   -0.553165 0.994702 -0.0379055   0.100074 1.34452 0.0001   5.5e-05
HR_6 1787064789.202417000 1.000000   9.15601e-13 0.233421 -4.13077e-12   3.93604e-08 -3.76849e-17 0.0001   7e-06
QR_4 1787064789.202417000 1.016348   -0.558984 0.994688 -0.0374487   0.0999965 1.34691 0.0001   7e-06
HR_6 1787064789.212417000 1.000000   9.16031e-13 0.233431 -4.13254e-12   3.93772e-08 -3.76145e-17 0.0001   4.4e-05
QR_4 1787064789.212417000 1.016475   -0.566106 0.994677 -0.0369581   0.10004 1.34871 0.0001   4.4e-05
HR_6 1787064789.222417000 1.000000   9.16392e-13 0.233441 -4.1343e-12   3.9394e-08 -3.75752e-17 0.0001   8e-06
QR_4 1787064789.222417000 1.016617   -0.573139 0.994603 -0.0365593   0.100929 1.35047 0.0001   8e-06
HR_6 1787064789.232417000 1.000000   9.16822e-13 0.233451 -4.13606e-12   3.94108e-08 -3.756e-17 0.0001   2.8e-05
QR_4 1787064789.232417000 1.016710   -0.580071 0.994582 -0.0362557   0.101824 1.35204 0.0001   2.8e-05
HR_6 1787064789.242417000 1.000000   9.17155e-13 0.233459 -4.13747e-12   3.94243e-08 -3.76028e-17 0.0001   0.001573
QR_4 1787064789.242417000 1.016809   -0.585524 0.994632 -0.0360094   0.102136 1.35326 0.0001   0.001573
HR_6 1787064789.252417000 1.000000   9.17488e-13 0.233467 -4.13888e-12   3.94377e-08 -3.76321e-17 0.0001   2.4e-05
QR_4 1787064789.252417000 1.016906   -0.590885 0.994702 -0.0357844   0.102016 1.35425 0.0001   2.4e-05
HR_6 1787064789.262417000 1.000000   9.17919e-13 0.233477 -4.14065e-12   3.94545e-08 -3.75695e-17 0.0001   3.6e-05
QR_4 1787064789.262417000 1.016968   -0.597496 0.994788 -0.0356073   0.101578 1.35564 0.0001   3.6e-05
HR_6 1787064789.272417000 1.000000   9.18057e-13 0.233481 -4.14135e-12   3.94612e-08 -3.75819e-17 0.0001   0.002066
QR_4 1787064789.272417000 1.016990   -0.600113 0.994847 -0.0354707   0.101065 1.35634 0.0001   0.002066
HR_6 1787064789.282418000 1.000000   9.1839e-13 0.233489 -4.14276e-12   3.94747e-08 -3.75776e-17 0.0001   4.8e-05
QR_4 1787064789.282418000 1.017041   -0.605277 0.994962 -0.0351517   0.100121 1.35754 0.0001   4.8e-05
HR_6 1787064789.292418000 1.000000   9.18904e-13 0.233501 -4.14488e-12   3.94948e-08 -3.75842e-17 0.0001   0.000207
QR_4 1787064789.292418000 1.017072   -0.612931 0.995128 -0.0345888   0.098921 1.35971 0.0001   0.000207
HR_6 1787064789.302418000 1.000000   9.19237e-13 0.233509 -4.14629e-12   3.95083e-08 -3.76069e-17 0.0001   0.000758
QR_4 1787064789.302418000 1.017059   -0.617936 0.995227 -0.0341515   0.0981826 1.36081 0.0001   0.000758
HR_6 1787064789.312418000 1.000000   9.1957e-13 0.233517 -4.1477e-12   3.95217e-08 -3.7661e-17 0.0001   2.3e-05
QR_4 1787064789.312418000 1.017040   -0.622845 0.995346 -0.0336203   0.0974551 1.36156 0.0001   2.3e-05
HR_6 1787064789.322418000 1.000000   9.19945e-13 0.233527 -4.14946e-12   3.95385e-08 -3.76827e-17 0.0001   0.000181
QR_4 1787064789.322418000 1.017020   -0.6289 0.99553 -0.0329179   0.097199 1.3629 0.0001   0.000181
HR_6 1787064789.332411000 1.000000   9.20181e-13 0.233533 -4.15052e-12   3.95486e-08 -3.77113e-17 0.0001   2e-06
QR_4 1787064789.332411000 1.016986   -0.632492 0.995654 -0.0325011   0.0971755 1.3636 0.0001   2e-06
HR_6 1787064789.342412000 1.000000   9.20514e-13 0.233541 -4.15193e-12   3.95621e-08 -3.77129e-17 0.0001   7.6e-05
QR_4 1787064789.342412000 1.016904   -0.637235 0.995821 -0.0322081   0.0977467 1.3643 0.0001   7.6e-05
HR_6 1787064789.352412000 1.000000   9.20847e-13 0.233549 -4.15334e-12   3.95755e-08 -3.77327e-17 0.0001   5.2e-05
QR_4 1787064789.352412000 1.016831   -0.641939 0.996012 -0.0316645   0.0983806 1.36566 0.0001   5.2e-05
HR_6 1787064789.362412000 1.000000   9.21277e-13 0.233559 -4.15511e-12   3.95923e-08 -3.77966e-17 0.0001   1.4e-05
QR_4 1787064789.362412000 1.016733   -0.647703 0.996264 -0.0308803   0.0995645 1.36722 0.0001   1.4e-05
HR_6 1787064789.372412000 1.000000   9.21596e-13 0.233567 -4.15652e-12   3.96057e-08 -3.77835e-17 0.0001   5.2e-05
QR_4 1787064789.372412000 1.016637   -0.652203 0.996474 -0.0299662   0.100771 1.36839 0.0001   5.2e-05
HR_6 1787064789.382412000 1.000000   9.22026e-13 0.233577 -4.15828e-12   3.96225e-08 -3.78064e-17 0.0001   5.8e-05
QR_4 1787064789.382412000 1.016573   -0.657726 0.996748 -0.0286796   0.101989 1.37026 0.0001   5.8e-05
HR_6 1787064789.392412000 1.000000   9.22359e-13 0.233585 -4.15969e-12   3.9636e-08 -3.77912e-17 0.0001   3.5e-05
QR_4 1787064789.392412000 1.016499   -0.662047 0.996971 -0.0280068   0.102117 1.37173 0.0001   3.5e-05
HR_6 1787064789.402412000 1.000000   9.22734e-13 0.233595 -4.16146e-12   3.96528e-08 -3.77509e-17 0.0001   1.7e-05
QR_4 1787064789.402412000 1.016379   -0.667354 0.997233 -0.02777   0.101413 1.37319 0.0001   1.7e-05
HR_6 1787064789.412412000 1.000000   9.23164e-13 0.233605 -4.16322e-12   3.96696e-08 -3.77363e-17 0.0001   2.5e-05
QR_4 1787064789.412412000 1.016260   -0.672525 0.997407 -0.027423   0.100368 1.37529 0.0001   2.5e-05
HR_6 1787064789.422412000 1.000000   9.23595e-13 0.233615 -4.16498e-12   3.96864e-08 -3.76814e-17 0.0001   0.002972
QR_4 1787064789.422412000 1.016132   -0.677634 0.997545 -0.0266374   0.0987902 1.37711 0.0001   0.002972
HR_6 1787064789.432412000 1.000000   9.2383e-13 0.233621 -4.16604e-12   3.96965e-08 -3.76828e-17 0.0001   1.7e-05
QR_4 1787064789.432412000 1.016044   -0.680665 0.997586 -0.0256475   0.0976769 1.37806 0.0001   1.7e-05
HR_6 1787064789.442413000 1.000000   9.24247e-13 0.233631 -4.1678e-12   3.97133e-08 -3.76512e-17 0.0001   2.8e-05
QR_4 1787064789.442413000 1.015922   -0.685646 0.99764 -0.0239274   0.0959637 1.37988 0.0001   2.8e-05
HR_6 1787064789.452413000 1.000000   9.24677e-13 0.233641 -4.16957e-12   3.97301e-08 -3.75949e-17 0.0001   0.000276
QR_4 1787064789.452413000 1.015829   -0.690596 0.997674 -0.0224885   0.0943663 1.38149 0.0001   0.000276
HR_6 1787064789.462413000 1.000000   9.24913e-13 0.233647 -4.17062e-12   3.97402e-08 -3.75688e-17 0.0001   3.8e-05
QR_4 1787064789.462413000 1.015782   -0.693506 0.997718 -0.0221499   0.0936292 1.38268 0.0001   3.8e-05
HR_6 1787064789.472413000 1.000000   9.25288e-13 0.233657 -4.17239e-12   3.9757e-08 -3.76046e-17 0.0001   9e-06
QR_4 1787064789.472413000 1.015752   -0.698203 0.997711 -0.021158   0.0927231 1.38625 0.0001   9e-06
HR_6 1787064789.482413000 1.000000   9.25718e-13 0.233667 -4.17415e-12   3.97738e-08 -3.766e-17 0.0001   1.7e-05
QR_4 1787064789.482413000 1.015739   -0.702837 0.997655 -0.0195624   0.0915517 1.38982 0.0001   1.7e-05
HR_6 1787064789.492413000 1.000000   9.26051e-13 0.233675 -4.17556e-12   3.97872e-08 -3.76287e-17 0.0001   3e-05
QR_4 1787064789.492413000 1.015696   -0.70642 0.997603 -0.0191177   0.091034 1.39274 0.0001   3e-05
HR_6 1787064789.502413000 1.000000   9.26384e-13 0.233683 -4.17697e-12   3.98006e-08 -3.76572e-17 0.0001   2.9e-05
QR_4 1787064789.502413000 1.015640   -0.709898 0.99751 -0.0187514   0.0909864 1.39577 0.0001   2.9e-05
HR_6 1787064789.512413000 1.000000   9.268e-13 0.233693 -4.17874e-12   3.98174e-08 -3.7672e-17 0.0001   2e-05
QR_4 1787064789.512413000 1.015606   -0.71423 0.997378 -0.0183447   0.0904028 1.39921 0.0001   2e-05
HR_6 1787064789.522413000 1.000000   9.27036e-13 0.233699 -4.17979e-12   3.98275e-08 -3.75956e-17 0.0001   2.9e-05
QR_4 1787064789.522413000 1.015567   -0.716773 0.997283 -0.0179666   0.0897886 1.40108 0.0001   2.9e-05
HR_6 1787064789.532413000 1.000000   9.27369e-13 0.233707 -4.1812e-12   3.9841e-08 -3.76674e-17 0.0001   3.3e-05
QR_4 1787064789.532413000 1.015503   -0.720084 0.997136 -0.0170005   0.089052 1.40364 0.0001   3.3e-05
HR_6 1787064789.542414000 1.000000   9.278e-13 0.233717 -4.18297e-12   3.98578e-08 -3.77096e-17 0.0001   5e-05
QR_4 1787064789.542414000 1.015487   -0.724171 0.996931 -0.0151577   0.0877073 1.4069 0.0001   5e-05
HR_6 1787064789.552414000 1.000000   9.28133e-13 0.233725 -4.18438e-12   3.98712e-08 -3.77337e-17 0.0001   0.000736
QR_4 1787064789.552414000 1.015445   -0.727374 0.996703 -0.0131868   0.0864426 1.40948 0.0001   0.000736
HR_6 1787064789.562414000 1.000000   9.28466e-13 0.233733 -4.18579e-12   3.98847e-08 -3.78085e-17 0.0001   0.000117
QR_4 1787064789.562414000 1.015399   -0.730506 0.996422 -0.011864   0.0853345 1.41216 0.0001   0.000117
HR_6 1787064789.572414000 1.000000   9.2884e-13 0.233743 -4.18755e-12   3.99015e-08 -3.78266e-17 0.0001   0.000102
QR_4 1787064789.572414000 1.015380   -0.734356 0.996085 -0.0103164   0.0835971 1.41519 0.0001   0.000102
HR_6 1787064789.582414000 1.000000   9.29271e-13 0.233753 -4.18932e-12   3.99183e-08 -3.77804e-17 0.0001   3e-06
QR_4 1787064789.582414000 1.015365   -0.738138 0.995725 -0.00944063   0.0817027 1.41851 0.0001   3e-06
HR_6 1787064789.592414000 1.000000   9.2959e-13 0.233761 -4.19073e-12   3.99317e-08 -3.77752e-17 0.0001   2.8e-05
QR_4 1787064789.592414000 1.015365   -0.7411 0.995413 -0.00907285   0.0802549 1.4213 0.0001   2.8e-05
HR_6 1787064789.602414000 1.000000   9.29923e-13 0.233769 -4.19214e-12   3.99451e-08 -3.77655e-17 0.0001   5e-06
QR_4 1787064789.602414000 1.015364   -0.744027 0.995144 -0.00907399   0.0787536 1.42344 0.0001   5e-06
HR_6 1787064789.612414000 1.000000   9.30256e-13 0.233777 -4.19355e-12   3.99586e-08 -3.77686e-17 0.0001   1.3e-05
QR_4 1787064789.612414000 1.015360   -0.746898 0.994772 -0.00926717   0.0766701 1.42627 0.0001   1.3e-05
HR_6 1787064789.622414000 1.000000   9.30686e-13 0.233787 -4.19531e-12   3.99754e-08 -3.77368e-17 0.0001   2.8e-05
QR_4 1787064789.622414000 1.015369   -0.750392 0.994282 -0.00960028   0.0743328 1.43093 0.0001   2.8e-05
HR_6 1787064789.632414000 1.000000   9.31061e-13 0.233797 -4.19708e-12   3.99922e-08 -3.77473e-17 0.0001   4.3e-05
QR_4 1787064789.632414000 1.015402   -0.753832 0.993785 -0.0100836   0.072197 1.43467 0.0001   4.3e-05
HR_6 1787064789.642415000 1.000000   9.31491e-13 0.233807 -4.19884e-12   4.0009e-08 -3.77171e-17 0.0001   0.003433
QR_4 1787064789.642415000 1.015440   -0.757191 0.993319 -0.0105268   0.0700541 1.43902 0.0001   0.003433
HR_6 1787064789.652415000 1.000000   9.31727e-13 0.233813 -4.1999e-12   4.00191e-08 -3.771e-17 0.0001   4.6e-05
QR_4 1787064789.652415000 1.015463   -0.759168 0.993067 -0.0106101   0.068533 1.44149 0.0001   4.6e-05
HR_6 1787064789.662415000 1.000000   9.32143e-13 0.233823 -4.20166e-12   4.00359e-08 -3.77114e-17 0.0001   4.7e-05
QR_4 1787064789.662415000 1.015493   -0.762471 0.992685 -0.010505   0.0662674 1.44521 0.0001   4.7e-05
HR_6 1787064789.672415000 1.000000   9.32573e-13 0.233833 -4.20342e-12   4.00527e-08 -3.76979e-17 0.0001   0.001149
QR_4 1787064789.672415000 1.015468   -0.765696 0.992302 -0.0104138   0.064255 1.44847 0.0001   0.001149
HR_6 1787064789.682415000 1.000000   9.32907e-13 0.233841 -4.20483e-12   4.00661e-08 -3.7675e-17 0.0001   0.00042
QR_4 1787064789.682415000 1.015469   -0.76822 0.991968 -0.0103649   0.063034 1.45068 0.0001   0.00042
HR_6 1787064789.692415000 1.000000   9.33337e-13 0.233851 -4.2066e-12   4.00829e-08 -3.77204e-17 0.0001   4.1e-05
QR_4 1787064789.692415000 1.015479   -0.771308 0.991483 -0.0102618   0.0616727 1.45271 0.0001   4.1e-05
HR_6 1787064789.702415000 1.000000   9.33711e-13 0.233861 -4.20836e-12   4.00997e-08 -3.77482e-17 0.0001   4.1e-05
QR_4 1787064789.702415000 1.015442   -0.774306 0.990996 -0.0103734   0.0606862 1.45511 0.0001   4.1e-05
HR_6 1787064789.712415000 1.000000   9.34045e-13 0.233869 -4.20977e-12   4.01132e-08 -3.77229e-17 0.0001   9.2e-05
QR_4 1787064789.712415000 1.015441   -0.776691 0.99061 -0.0105532   0.0599524 1.45673 0.0001   9.2e-05
HR_6 1787064789.722415000 1.000000   9.34378e-13 0.233877 -4.21118e-12   4.01266e-08 -3.77692e-17 0.0001   2.1e-05
QR_4 1787064789.722415000 1.015457   -0.779011 0.990229 -0.0108086   0.0592549 1.458 0.0001   2.1e-05
HR_6 1787064789.732415000 1.000000   9.34711e-13 0.233885 -4.21259e-12   4.014e-08 -3.77398e-17 0.0001   2.7e-05
QR_4 1787064789.732415000 1.015445   -0.781306 0.989869 -0.0110887   0.0584585 1.45927 0.0001   2.7e-05
HR_6 1787064789.742416000 1.000000   9.35127e-13 0.233895 -4.21436e-12   4.01568e-08 -3.77566e-17 0.0001   2.1e-05
QR_4 1787064789.742416000 1.015466   -0.784076 0.989427 -0.0112748   0.0574567 1.46076 0.0001   2.1e-05
HR_6 1787064789.752416000 1.000000   9.35557e-13 0.233905 -4.21612e-12   4.01736e-08 -3.775e-17 0.0001   3e-06
QR_4 1787064789.752416000 1.015461   -0.78684 0.988922 -0.0114753   0.0562538 1.46196 0.0001   3e-06
HR_6 1787064789.762416000 1.000000   9.3589e-13 0.233913 -4.21753e-12   4.01871e-08 -3.77488e-17 0.0001   3.1e-05
QR_4 1787064789.762416000 1.015448   -0.789001 0.988462 -0.0116233   0.0552119 1.46327 0.0001   3.1e-05
HR_6 1787064789.772416000 1.000000   9.36265e-13 0.233923 -4.21929e-12   4.02039e-08 -3.78252e-17 0.0001   1.5e-05
QR_4 1787064789.772416000 1.015494   -0.791604 0.987947 -0.011539   0.0540476 1.4652 0.0001   1.5e-05
HR_6 1787064789.782416000 1.000000   9.36695e-13 0.233933 -4.22106e-12   4.02207e-08 -3.78423e-17 0.0001   1.1e-05
QR_4 1787064789.782416000 1.015539   -0.794171 0.987454 -0.0113568   0.0528522 1.46701 0.0001   1.1e-05
HR_6 1787064789.792416000 1.000000   9.37028e-13 0.233941 -4.22247e-12   4.02341e-08 -3.7844e-17 0.0001   0.000101
QR_4 1787064789.792416000 1.015529   -0.79619 0.987097 -0.0113374   0.0519408 1.4685 0.0001   0.000101
HR_6 1787064789.802416000 1.000000   9.37361e-13 0.233949 -4.22388e-12   4.02476e-08 -3.78398e-17 0.0001   6e-06
QR_4 1787064789.802416000 1.015505   -0.798148 0.986667 -0.0115111   0.0510738 1.47039 0.0001   6e-06
HR_6 1787064789.812416000 1.000000   9.37792e-13 0.233959 -4.22564e-12   4.02644e-08 -3.78669e-17 0.0001   8e-06
QR_4 1787064789.812416000 1.015508   -0.800608 0.986208 -0.0115859   0.0499439 1.47217 0.0001   8e-06
HR_6 1787064789.822416000 1.000000   9.38014e-13 0.233965 -4.2267e-12   4.02745e-08 -3.78661e-17 0.0001   7e-06
QR_4 1787064789.822416000 1.015480   -0.802038 0.98595 -0.0117584   0.049278 1.47327 0.0001   7e-06
HR_6 1787064789.832416000 1.000000   9.38444e-13 0.233975 -4.22846e-12   4.02913e-08 -3.78767e-17 0.0001   1.9e-05
QR_4 1787064789.832416000 1.015400   -0.804324 0.985396 -0.011658   0.0483505 1.47535 0.0001   1.9e-05
HR_6 1787064789.842417000 1.000000   9.38818e-13 0.233985 -4.23023e-12   4.03081e-08 -3.79102e-17 0.0001   4.2e-05
QR_4 1787064789.842417000 1.015375   -0.806565 0.984889 -0.0112615   0.0474264 1.47764 0.0001   4.2e-05
HR_6 1787064789.852417000 1.000000   9.39152e-13 0.233993 -4.23164e-12   4.03215e-08 -3.78956e-17 0.0001   0.000291
QR_4 1787064789.852417000 1.015294   -0.808361 0.984498 -0.0107489   0.0465788 1.47884 0.0001   0.000291
HR_6 1787064789.862417000 1.000000   9.39679e-13 0.234005 -4.23375e-12   4.03417e-08 -3.78723e-17 0.0001   2.2e-05
QR_4 1787064789.862417000 1.015164   -0.810983 0.983946 -0.0100263   0.0453371 1.48055 0.0001   2.2e-05
HR_6 1787064789.872417000 1.000000   9.40054e-13 0.234015 -4.23552e-12   4.03585e-08 -3.78498e-17 0.0001   1.2e-05
QR_4 1787064789.872417000 1.015132   -0.813102 0.983516 -0.00922044   0.0443419 1.48247 0.0001   1.2e-05
HR_6 1787064789.882417000 1.000000   9.40484e-13 0.234025 -4.23728e-12   4.03753e-08 -3.78994e-17 0.0001   1.6e-05
QR_4 1787064789.882417000 1.015047   -0.815208 0.983101 -0.00872001   0.0432911 1.48416 0.0001   1.6e-05
HR_6 1787064789.892416000 1.000000   9.4072e-13 0.234031 -4.23834e-12   4.03854e-08 -3.78621e-17 0.0001   2e-06
QR_4 1787064789.892416000 1.014998   -0.816429 0.982829 -0.00890996   0.0426484 1.48507 0.0001   2e-06
HR_6 1787064789.902416000 1.000000   9.41053e-13 0.234039 -4.23975e-12   4.03988e-08 -3.7869e-17 0.0001   5e-06
QR_4 1787064789.902416000 1.014994   -0.817988 0.982478 -0.0091039   0.0418863 1.48655 0.0001   5e-06
HR_6 1787064789.912416000 1.000000   9.41469e-13 0.234049 -4.24151e-12   4.04156e-08 -3.78691e-17 0.0001   2.1e-05
QR_4 1787064789.912416000 1.014999   -0.819959 0.982036 -0.00942432   0.0408229 1.48882 0.0001   2.1e-05
HR_6 1787064789.922416000 1.000000   9.41705e-13 0.234055 -4.24257e-12   4.04257e-08 -3.78418e-17 0.0001   1.1e-05
QR_4 1787064789.922416000 1.014993   -0.821092 0.981773 -0.00963534   0.0402419 1.48982 0.0001   1.1e-05
HR_6 1787064789.932416000 1.000000   9.42135e-13 0.234065 -4.24433e-12   4.04425e-08 -3.78416e-17 0.0001   4e-06
QR_4 1787064789.932416000 1.014948   -0.822981 0.981205 -0.0103856   0.039175 1.49145 0.0001   4e-06
HR_6 1787064789.942416000 1.000000   9.42565e-13 0.234075 -4.2461e-12   4.04593e-08 -3.78407e-17 0.0001   5.7e-05
QR_4 1787064789.942416000 1.014938   -0.824822 0.980584 -0.0109231   0.0381178 1.49323 0.0001   5.7e-05
HR_6 1787064789.952416000 1.000000   9.42899e-13 0.234083 -4.24751e-12   4.04727e-08 -3.78651e-17 0.0001   1.2e-05
QR_4 1787064789.952416000 1.014877   -0.826267 0.980119 -0.0111417   0.0372684 1.49453 0.0001   1.2e-05
HR_6 1787064789.962416000 1.000000   9.43134e-13 0.234089 -4.24857e-12   4.04828e-08 -3.78464e-17 0.0001   9e-06
QR_4 1787064789.962416000 1.014810   -0.82738 0.979775 -0.0108043   0.0365989 1.49594 0.0001   9e-06
HR_6 1787064789.972416000 1.000000   9.43565e-13 0.234099 -4.25033e-12   4.04996e-08 -3.78246e-17 0.0001   0.003105
QR_4 1787064789.972416000 1.014718   -0.829202 0.979237 -0.0101578   0.0355502 1.49834 0.0001   0.003105
HR_6 1787064789.982416000 1.000000   9.43801e-13 0.234105 -4.25139e-12   4.05097e-08 -3.7775e-17 0.0001   1.5e-05
QR_4 1787064789.982416000 1.014642   -0.830277 0.978924 -0.009989   0.0350391 1.49968 0.0001   1.5e-05
HR_6 1787064789.992412000 1.000000   9.44134e-13 0.234113 -4.2528e-12   4.05231e-08 -3.77795e-17 0.0001   3e-06
QR_4 1787064789.992412000 1.014544   -0.831672 0.97856 -0.0100785   0.0344937 1.50122 0.0001   3e-06
HR_6 1787064790.002413000 1.000000   9.44592e-13 0.234125 -4.25491e-12   4.05433e-08 -3.78602e-17 0.0001   5.2e-05
QR_4 1787064790.002413000 1.014385   -0.833732 0.978098 -0.0105418   0.033906 1.50303 0.0001   5.2e-05
HR_6 1787064790.012413000 1.000000   9.44925e-13 0.234133 -4.25632e-12   4.05567e-08 -3.78621e-17 0.0001   3e-05
QR_4 1787064790.012413000 1.014257   -0.835072 0.97783 -0.0106927   0.0335428 1.50427 0.0001   3e-05
HR_6 1787064790.022413000 1.000000   9.45258e-13 0.234141 -4.25773e-12   4.05702e-08 -3.78399e-17 0.0001   0.000522
QR_4 1787064790.022413000 1.014120   -0.836391 0.977602 -0.0104342   0.0330016 1.50536 0.0001   0.000522
HR_6 1787064790.032413000 1.000000   9.45688e-13 0.234151 -4.2595e-12   4.0587e-08 -3.78449e-17 0.0001   3.9e-05
QR_4 1787064790.032413000 1.013959   -0.837997 0.977361 -0.00975444   0.032167 1.50662 0.0001   3.9e-05
HR_6 1787064790.042413000 1.000000   9.4616e-13 0.234163 -4.26161e-12   4.06071e-08 -3.78565e-17 0.0001   0.004195
QR_4 1787064790.042413000 1.013716   -0.839845 0.977019 -0.00928261   0.0309256 1.50822 0.0001   0.004195
HR_6 1787064790.052413000 1.000000   9.46451e-13 0.234169 -4.26267e-12   4.06172e-08 -3.78405e-17 0.0001   0.000232
QR_4 1787064790.052413000 1.013572   -0.840745 0.97685 -0.00918214   0.0302907 1.509 0.0001   0.000232
HR_6 1787064790.062413000 1.000000   9.46784e-13 0.234177 -4.26408e-12   4.06307e-08 -3.78261e-17 0.0001   0.000197
QR_4 1787064790.062413000 1.013414   -0.841898 0.976645 -0.00896841   0.0296006 1.51004 0.0001   0.000197
HR_6 1787064790.072413000 1.000000   9.47117e-13 0.234185 -4.26549e-12   4.06441e-08 -3.78268e-17 0.0001   0.000196
QR_4 1787064790.072413000 1.013201   -0.843029 0.976467 -0.00881532   0.0289205 1.51109 0.0001   0.000196
HR_6 1787064790.082413000 1.000000   9.4745e-13 0.234193 -4.2669e-12   4.06576e-08 -3.783e-17 0.0001   0.000181
QR_4 1787064790.082413000 1.012954   -0.844169 0.976316 -0.00868681   0.0280814 1.51212 0.0001   0.000181
HR_6 1787064790.092413000 1.000000   9.47811e-13 0.234203 -4.26867e-12   4.06744e-08 -3.78325e-17 0.0001   0.000198
QR_4 1787064790.092413000 1.012723   -0.845568 0.976153 -0.00842553   0.0270597 1.51335 0.0001   0.000198
HR_6 1787064790.102414000 1.000000   9.48144e-13 0.234211 -4.27008e-12   4.06878e-08 -3.77863e-17 0.0001   0.000209
QR_4 1787064790.102414000 1.012485   -0.846714 0.976032 -0.00815105   0.0262522 1.51439 0.0001   0.000209
HR_6 1787064790.112414000 1.000000   9.48477e-13 0.234219 -4.27149e-12   4.07012e-08 -3.7777e-17 0.0001   0.000174
QR_4 1787064790.112414000 1.012214   -0.847812 0.975903 -0.00776618   0.0256193 1.5154 0.0001   0.000174
HR_6 1787064790.122414000 1.000000   9.48908e-13 0.234229 -4.27325e-12   4.0718e-08 -3.77495e-17 0.0001   0.000205
QR_4 1787064790.122414000 1.011857   -0.849167 0.975769 -0.00711921   0.0249356 1.51667 0.0001   0.000205
HR_6 1787064790.132414000 1.000000   9.49241e-13 0.234237 -4.27466e-12   4.07315e-08 -3.77488e-17 0.0001   0.000157
QR_4 1787064790.132414000 1.011575   -0.850303 0.975676 -0.00647277   0.0243842 1.5179 0.0001   0.000157
HR_6 1787064790.142414000 1.000000   9.49574e-13 0.234245 -4.27607e-12   4.07449e-08 -3.77743e-17 0.0001   9e-05
QR_4 1787064790.142414000 1.011308   -0.851415 0.975571 -0.00578074   0.0241245 1.519 0.0001   9e-05
HR_6 1787064790.152414000 1.000000   9.50046e-13 0.234257 -4.27819e-12   4.07651e-08 -3.77835e-17 0.0001   0.000106
QR_4 1787064790.152414000 1.010964   -0.852995 0.975411 -0.00477116   0.023901 1.52026 0.0001   0.000106
HR_6 1787064790.162414000 1.000000   9.50379e-13 0.234265 -4.2796e-12   4.07785e-08 -3.78182e-17 0.0001   0.000171
QR_4 1787064790.162414000 1.010761   -0.854065 0.975332 -0.00415292   0.0239723 1.5212 0.0001   0.000171
HR_6 1787064790.172414000 1.000000   9.50712e-13 0.234273 -4.28101e-12   4.0792e-08 -3.77886e-17 0.0001   0.000167
QR_4 1787064790.172414000 1.010528   -0.855092 0.97531 -0.00362757   0.0240139 1.52199 0.0001   0.000167
HR_6 1787064790.182414000 1.000000   9.51045e-13 0.234281 -4.28242e-12   4.08054e-08 -3.77536e-17 0.0001   0.000258
QR_4 1787064790.182414000 1.010245   -0.856042 0.975307 -0.00328681   0.0242449 1.52254 0.0001   0.000258
HR_6 1787064790.192414000 1.000000   9.51461e-13 0.234291 -4.28419e-12   4.08222e-08 -3.7739e-17 0.0001   0.000171
QR_4 1787064790.192414000 1.009997   -0.8572 0.97532 -0.00266591   0.0243971 1.52351 0.0001   0.000171
HR_6 1787064790.202415000 1.000000   9.51697e-13 0.234297 -4.28524e-12   4.08323e-08 -3.77041e-17 0.0001   2.3e-05
QR_4 1787064790.202415000 1.009834   -0.857935 0.9753 -0.00234995   0.0241667 1.52422 0.0001   2.3e-05
HR_6 1787064790.212415000 1.000000   9.52224e-13 0.234309 -4.28736e-12   4.08525e-08 -3.76499e-17 0.0001   1.8e-05
QR_4 1787064790.212415000 1.009473   -0.859371 0.975297 -0.00190083   0.0235772 1.52543 0.0001   1.8e-05
HR_6 1787064790.222415000 1.000000   9.52655e-13 0.234319 -4.28912e-12   4.08693e-08 -3.76135e-17 0.0001   5.4e-05
QR_4 1787064790.222415000 1.009160   -0.860517 0.975276 -0.00162115   0.0227804 1.52641 0.0001   5.4e-05
HR_6 1787064790.232415000 1.000000   9.52932e-13 0.234327 -4.29053e-12   4.08827e-08 -3.76301e-17 0.0001   0.002941
QR_4 1787064790.232415000 1.008950   -0.861543 0.97522 -0.00151582   0.0218764 1.52726 0.0001   0.002941
HR_6 1787064790.242415000 1.000000   9.53224e-13 0.234333 -4.29159e-12   4.08928e-08 -3.76075e-17 0.0001   1.9e-05
QR_4 1787064790.242415000 1.008818   -0.862261 0.975155 -0.00154922   0.0213102 1.5279 0.0001   1.9e-05
HR_6 1787064790.252415000 1.000000   9.53598e-13 0.234343 -4.29336e-12   4.09096e-08 -3.76216e-17 0.0001   3.4e-05
QR_4 1787064790.252415000 1.008617   -0.863376 0.975028 -0.00169329   0.0205591 1.52874 0.0001   3.4e-05
HR_6 1787064790.262415000 1.000000   9.54029e-13 0.234353 -4.29512e-12   4.09264e-08 -3.75989e-17 0.0001   4.6e-05
QR_4 1787064790.262415000 1.008455   -0.864517 0.974892 -0.00172263   0.0197192 1.52946 0.0001   4.6e-05
HR_6 1787064790.272415000 1.000000   9.54362e-13 0.234361 -4.29653e-12   4.09398e-08 -3.76408e-17 0.0001   8e-06
QR_4 1787064790.272415000 1.008272   -0.865359 0.974772 -0.00178629   0.0190614 1.52994 0.0001   8e-06
HR_6 1787064790.282415000 1.000000   9.54778e-13 0.234371 -4.29829e-12   4.09566e-08 -3.76984e-17 0.0001   0.000285
QR_4 1787064790.282415000 1.007994   -0.866343 0.974617 -0.00201379   0.0184495 1.5306 0.0001   0.000285
HR_6 1787064790.292415000 1.000000   9.55208e-13 0.234381 -4.30006e-12   4.09734e-08 -3.77137e-17 0.0001   5.8e-05
QR_4 1787064790.292415000 1.007749   -0.867329 0.974456 -0.00200163   0.0176801 1.53119 0.0001   5.8e-05
HR_6 1787064790.302416000 1.000000   9.55541e-13 0.234389 -4.30147e-12   4.09869e-08 -3.77517e-17 0.0001   0.000638
QR_4 1787064790.302416000 1.007547   -0.86809 0.974347 -0.00175657   0.0173724 1.53165 0.0001   0.000638
HR_6 1787064790.312416000 1.000000   9.55874e-13 0.234397 -4.30288e-12   4.10003e-08 -3.77555e-17 0.0001   3.7e-05
QR_4 1787064790.312416000 1.007291   -0.868833 0.974245 -0.00142994   0.0171113 1.53232 0.0001   3.7e-05
HR_6 1787064790.322416000 1.000000   9.56207e-13 0.234405 -4.30429e-12   4.10138e-08 -3.77436e-17 0.0001   0.000134
QR_4 1787064790.322416000 1.007096   -0.869554 0.974145 -0.000900839   0.016752 1.53272 0.0001   0.000134
HR_6 1787064790.332416000 1.000000   9.5654e-13 0.234413 -4.3057e-12   4.10272e-08 -3.77327e-17 0.0001   1.7e-05
QR_4 1787064790.332416000 1.006892   -0.870302 0.97408 -0.000193107   0.0166649 1.53302 0.0001   1.7e-05
HR_6 1787064790.342416000 1.000000   9.57012e-13 0.234425 -4.30782e-12   4.10474e-08 -3.77572e-17 0.0001   0.000114
QR_4 1787064790.342416000 1.006589   -0.871464 0.973932 0.000451005   0.0151381 1.53329 0.0001   0.000114
HR_6 1787064790.352416000 1.000000   9.57442e-13 0.234435 -4.30958e-12   4.10642e-08 -3.77663e-17 0.0001   0.000184
QR_4 1787064790.352416000 1.006335   -0.872376 0.973816 0.000797268   0.0137623 1.53361 0.0001   0.000184
HR_6 1787064790.362416000 1.000000   9.57678e-13 0.234441 -4.31064e-12   4.10742e-08 -3.78017e-17 0.0001   5e-05
QR_4 1787064790.362416000 1.006190   -0.872932 0.973747 0.000952172   0.012945 1.53372 0.0001   5e-05
HR_6 1787064790.372416000 1.000000   9.58109e-13 0.234451 -4.3124e-12   4.1091e-08 -3.77768e-17 0.0001   1.8e-05
QR_4 1787064790.372416000 1.005975   -0.873831 0.973638 0.00116992   0.0123775 1.5336 0.0001   1.8e-05
HR_6 1787064790.382416000 1.000000   9.58483e-13 0.234461 -4.31416e-12   4.11078e-08 -3.78014e-17 0.0001   8.7e-05
QR_4 1787064790.382416000 1.005780   -0.874684 0.973513 0.00134547   0.011764 1.53318 0.0001   8.7e-05
HR_6 1787064790.392416000 1.000000   9.58761e-13 0.234467 -4.31522e-12   4.11179e-08 -3.78088e-17 0.0001   0.000478
QR_4 1787064790.392416000 1.005663   -0.875193 0.973394 0.00140198   0.0107421 1.53291 0.0001   0.000478
HR_6 1787064790.402417000 1.000000   9.59094e-13 0.234475 -4.31663e-12   4.11314e-08 -3.78007e-17 0.0001   3.3e-05
QR_4 1787064790.402417000 1.005499   -0.87592 0.973197 0.00143524   0.00895877 1.53248 0.0001   3.3e-05
HR_6 1787064790.412417000 1.000000   9.59469e-13 0.234485 -4.3184e-12   4.11482e-08 -3.77481e-17 0.0001   0.000104
QR_4 1787064790.412417000 1.005269   -0.876791 0.972967 0.00151939   0.00738469 1.53228 0.0001   0.000104
HR_6 1787064790.422417000 1.000000   9.59899e-13 0.234495 -4.32016e-12   4.1165e-08 -3.76285e-17 0.0001   0.000934
QR_4 1787064790.422417000 1.005101   -0.877697 0.972771 0.00182442   0.00625648 1.53169 0.0001   0.000934
HR_6 1787064790.432417000 1.000000   9.60232e-13 0.234503 -4.32157e-12   4.11784e-08 -3.76535e-17 0.0001   4.4e-05
QR_4 1787064790.432417000 1.004947   -0.878367 0.972651 0.00215673   0.00517507 1.53156 0.0001   4.4e-05
HR_6 1787064790.442417000 1.000000   9.60662e-13 0.234513 -4.32333e-12   4.11952e-08 -3.7635e-17 0.0001   4e-05
QR_4 1787064790.442417000 1.004705   -0.879171 0.972512 0.00251345   0.00422215 1.53161 0.0001   4e-05
HR_6 1787064790.452417000 1.000000   9.60898e-13 0.234519 -4.32439e-12   4.12053e-08 -3.76489e-17 0.0001   4e-05
QR_4 1787064790.452417000 1.004616   -0.87964 0.972415 0.00274385   0.00404509 1.53163 0.0001   4e-05
HR_6 1787064790.462417000 1.000000   9.61328e-13 0.234529 -4.32615e-12   4.12221e-08 -3.76674e-17 0.0001   3.5e-05
QR_4 1787064790.462417000 1.004544   -0.880397 0.972175 0.00317404   0.0044498 1.53179 0.0001   3.5e-05
HR_6 1787064790.472417000 1.000000   9.61661e-13 0.234537 -4.32756e-12   4.12355e-08 -3.77263e-17 0.0001   4.7e-05
QR_4 1787064790.472417000 1.004392   -0.881001 0.971977 0.00326025   0.00493131 1.53195 0.0001   4.7e-05
HR_6 1787064790.482417000 1.000000   9.62036e-13 0.234547 -4.32933e-12   4.12523e-08 -3.77603e-17 0.0001   3.1e-05
QR_4 1787064790.482417000 1.004256   -0.881745 0.971624 0.00315609   0.00591355 1.53207 0.0001   3.1e-05
HR_6 1787064790.492417000 1.000000   9.62369e-13 0.234555 -4.33074e-12   4.12658e-08 -3.77599e-17 0.0001   3.1e-05
QR_4 1787064790.492417000 1.004212   -0.882375 0.971317 0.00304197   0.00632288 1.53203 0.0001   3.1e-05
HR_6 1787064790.502418000 1.000000   9.62785e-13 0.234565 -4.3325e-12   4.12826e-08 -3.77855e-17 0.0001   3.1e-05
QR_4 1787064790.502418000 1.004075   -0.883206 0.970975 0.00274723   0.00589556 1.5319 0.0001   3.1e-05
HR_6 1787064790.512418000 1.000000   9.63118e-13 0.234573 -4.33391e-12   4.1296e-08 -3.78056e-17 0.0001   9e-06
QR_4 1787064790.512418000 1.003982   -0.88384 0.97073 0.00251825   0.00505186 1.53196 0.0001   9e-06
HR_6 1787064790.522408000 1.000000   9.63549e-13 0.234583 -4.33568e-12   4.13128e-08 -3.78081e-17 0.0001   3e-06
QR_4 1787064790.522408000 1.003883   -0.884608 0.970458 0.00250334   0.0035662 1.53211 0.0001   3e-06
HR_6 1787064790.532409000 1.000000   9.63979e-13 0.234593 -4.33744e-12   4.13296e-08 -3.7835e-17 0.0001   3.6e-05
QR_4 1787064790.532409000 1.003756   -0.885469 0.970177 0.00262055   0.00255262 1.53183 0.0001   3.6e-05
HR_6 1787064790.542409000 1.000000   9.64354e-13 0.234603 -4.3392e-12   4.13464e-08 -3.7871e-17 0.0001   4.6e-05
QR_4 1787064790.542409000 1.003593   -0.886269 0.969954 0.00279646   0.00156813 1.53187 0.0001   4.6e-05
HR_6 1787064790.552409000 1.000000   9.64687e-13 0.234611 -4.34061e-12   4.13599e-08 -3.79059e-17 0.0001   2.9e-05
QR_4 1787064790.552409000 1.003470   -0.886929 0.96986 0.00296676   0.00029003 1.53173 0.0001   2.9e-05
HR_6 1787064790.562409000 1.000000   9.65117e-13 0.234621 -4.34238e-12   4.13767e-08 -3.79465e-17 0.0001   3.5e-05
QR_4 1787064790.562409000 1.003305   -0.887855 0.969756 0.00306411   -0.00128247 1.53118 0.0001   3.5e-05
HR_6 1787064790.572409000 1.000000   9.65547e-13 0.234631 -4.34414e-12   4.13935e-08 -3.79691e-17 0.0001   0.001422
QR_4 1787064790.572409000 1.003023   -0.888833 0.969742 0.00285369   -0.00234548 1.53051 0.0001   0.001422
HR_6 1787064790.582409000 1.000000   9.65783e-13 0.234637 -4.3452e-12   4.14036e-08 -3.79669e-17 0.0001   0.000434
QR_4 1787064790.582409000 1.002868   -0.889386 0.969736 0.00269061   -0.00263955 1.53018 0.0001   0.000434
HR_6 1787064790.592409000 1.000000   9.66116e-13 0.234645 -4.34661e-12   4.1417e-08 -3.79459e-17 0.0001   3.4e-05
QR_4 1787064790.592409000 1.002739   -0.890105 0.969851 0.00257185   -0.00254138 1.52972 0.0001   3.4e-05
HR_6 1787064790.602409000 1.000000   9.66588e-13 0.234657 -4.34872e-12   4.14372e-08 -3.79339e-17 0.0001   2.2e-05
QR_4 1787064790.602409000 1.002573   -0.891263 0.969949 0.00265116   -0.00232845 1.52929 0.0001   2.2e-05
HR_6 1787064790.612409000 1.000000   9.66921e-13 0.234665 -4.35013e-12   4.14506e-08 -3.79127e-17 0.0001   3.1e-05
QR_4 1787064790.612409000 1.002470   -0.892003 0.969989 0.00269979   -0.00178751 1.52893 0.0001   3.1e-05
HR_6 1787064790.622409000 1.000000   9.6724e-13 0.234673 -4.35155e-12   4.1464e-08 -3.79149e-17 0.0001   4e-05
QR_4 1787064790.622409000 1.002390   -0.89278 0.970034 0.0026997   -0.000988679 1.52875 0.0001   4e-05
HR_6 1787064790.632410000 1.000000   9.67573e-13 0.234681 -4.35296e-12   4.14775e-08 -3.79031e-17 0.0001   3.8e-05
QR_4 1787064790.632410000 1.002364   -0.893574 0.970095 0.00263568   -0.000199212 1.5286 0.0001   3.8e-05
HR_6 1787064790.642410000 1.000000   9.68003e-13 0.234691 -4.35472e-12   4.14943e-08 -3.79432e-17 0.0001   5.5e-05
QR_4 1787064790.642410000 1.002204   -0.89447 0.970221 0.0021293   0.000455064 1.52837 0.0001   5.5e-05
HR_6 1787064790.652410000 1.000000   9.68434e-13 0.234701 -4.35648e-12   4.15111e-08 -3.79423e-17 0.0001   0.001638
QR_4 1787064790.652410000 1.002057   -0.89535 0.970445 0.00138949   0.000190746 1.52814 0.0001   0.001638
HR_6 1787064790.662410000 1.000000   9.68767e-13 0.234709 -4.35789e-12   4.15245e-08 -3.78926e-17 0.0001   4.4e-05
QR_4 1787064790.662410000 1.001977   -0.896059 0.970641 0.000844967   -0.000188141 1.52796 0.0001   4.4e-05
HR_6 1787064790.672410000 1.000000   9.691e-13 0.234717 -4.3593e-12   4.1538e-08 -3.79358e-17 0.0001   0.000902
QR_4 1787064790.672410000 1.001833   -0.896746 0.970846 0.000141326   -0.000479334 1.52772 0.0001   0.000902
HR_6 1787064790.682410000 1.000000   9.69433e-13 0.234725 -4.36071e-12   4.15514e-08 -3.79228e-17 0.0001   2.5e-05
QR_4 1787064790.682410000 1.001725   -0.897482 0.971063 -0.000768024   -0.000847494 1.52757 0.0001   2.5e-05
HR_6 1787064790.692410000 1.000000   9.69808e-13 0.234735 -4.36248e-12   4.15682e-08 -3.80289e-17 0.0001   0.000309
QR_4 1787064790.692410000 1.001647   -0.898442 0.971345 -0.00178354   -0.00129478 1.52735 0.0001   0.000309
HR_6 1787064790.702410000 1.000000   9.70141e-13 0.234743 -4.36389e-12   4.15817e-08 -3.80968e-17 0.0001   8.9e-05
QR_4 1787064790.702410000 1.001571   -0.899223 0.971579 -0.00244677   -0.00152609 1.52722 0.0001   8.9e-05
HR_6 1787064790.712410000 1.000000   9.70571e-13 0.234753 -4.36565e-12   4.15985e-08 -3.81373e-17 0.0001   4e-05
QR_4 1787064790.712410000 1.001452   -0.900204 0.971857 -0.00324338   -0.00188626 1.5272 0.0001   4e-05
HR_6 1787064790.722410000 1.000000   9.70904e-13 0.234761 -4.36706e-12   4.16119e-08 -3.81288e-17 0.0001   8.4e-05
QR_4 1787064790.722410000 1.001417   -0.900999 0.972064 -0.00358853   -0.00218869 1.52704 0.0001   8.4e-05
HR_6 1787064790.732411000 1.000000   9.71237e-13 0.234769 -4.36847e-12   4.16253e-08 -3.81499e-17 0.0001   4.2e-05
QR_4 1787064790.732411000 1.001340   -0.901784 0.972292 -0.00408264   -0.00239417 1.52705 0.0001   4.2e-05
HR_6 1787064790.742411000 1.000000   9.71653e-13 0.234779 -4.37024e-12   4.16422e-08 -3.81976e-17 0.0001   5.4e-05
QR_4 1787064790.742411000 1.001174   -0.902778 0.972577 -0.00510961   -0.00285181 1.5275 0.0001   5.4e-05
HR_6 1787064790.752411000 1.000000   9.72084e-13 0.234789 -4.372e-12   4.1659e-08 -3.82547e-17 0.0001   7.6e-05
QR_4 1787064790.752411000 1.001036   -0.903772 0.972848 -0.00595949   -0.00302765 1.52766 0.0001   7.6e-05
HR_6 1787064790.762411000 1.000000   9.72417e-13 0.234797 -4.37341e-12   4.16724e-08 -3.82651e-17 0.0001   4.2e-05
QR_4 1787064790.762411000 1.000893   -0.904592 0.973141 -0.00659105   -0.00236021 1.5281 0.0001   4.2e-05
HR_6 1787064790.772411000 1.000000   9.72791e-13 0.234807 -4.37517e-12   4.16892e-08 -3.83169e-17 0.0001   4.1e-05
QR_4 1787064790.772411000 1.000678   -0.905596 0.973499 -0.00753914   -0.00172606 1.529 0.0001   4.1e-05
HR_6 1787064790.782411000 1.000000   9.73222e-13 0.234817 -4.37694e-12   4.1706e-08 -3.8278e-17 0.0001   0.003063
QR_4 1787064790.782411000 1.000472   -0.906624 0.973841 -0.0077441   -0.000530625 1.52953 0.0001   0.003063
HR_6 1787064790.792411000 1.000000   9.73457e-13 0.234823 -4.37799e-12   4.17161e-08 -3.83284e-17 0.0001   0.001345
QR_4 1787064790.792411000 1.000343   -0.907238 0.974079 -0.00754037   0.00077468 1.52975 0.0001   0.001345
HR_6 1787064790.802411000 1.000000   9.73985e-13 0.234835 -4.38011e-12   4.17362e-08 -3.83485e-17 0.0001   4.3e-05
QR_4 1787064790.802411000 1.000037   -0.90847 0.974534 -0.00736595   0.0028637 1.53087 0.0001   4.3e-05
HR_6 1787064790.812411000 1.000000   9.74359e-13 0.234845 -4.38187e-12   4.1753e-08 -3.84053e-17 0.0001   5.1e-05
QR_4 1787064790.812411000 0.999774   -0.909466 0.974895 -0.0072604   0.00408969 1.53164 0.0001   5.1e-05
HR_6 1787064790.822411000 1.000000   9.74693e-13 0.234853 -4.38328e-12   4.17665e-08 -3.84034e-17 0.0001   0.000159
QR_4 1787064790.822411000 0.999544   -0.910262 0.975179 -0.00761768   0.00455999 1.53244 0.0001   0.000159
HR_6 1787064790.832412000 1.000000   9.75026e-13 0.234861 -4.3847e-12   4.17799e-08 -3.84139e-17 0.0001   4.3e-05
QR_4 1787064790.832412000 0.999278   -0.911082 0.975427 -0.0078298   0.00475031 1.53347 0.0001   4.3e-05
HR_6 1787064790.842412000 1.000000   9.75456e-13 0.234871 -4.38646e-12   4.17967e-08 -3.84031e-17 0.0001   4.4e-05
QR_4 1787064790.842412000 0.998931   -0.912021 0.975742 -0.00821071   0.00471864 1.53466 0.0001   4.4e-05
HR_6 1787064790.852412000 1.000000   9.75789e-13 0.234879 -4.38787e-12   4.18102e-08 -3.84614e-17 0.0001   3.3e-05
QR_4 1787064790.852412000 0.998663   -0.912795 0.975958 -0.00815101   0.0050025 1.53568 0.0001   3.3e-05
HR_6 1787064790.862412000 1.000000   9.76219e-13 0.234889 -4.38963e-12   4.1827e-08 -3.84441e-17 0.0001   4.2e-05
QR_4 1787064790.862412000 0.998289   -0.913806 0.976202 -0.00763381   0.00524706 1.53707 0.0001   4.2e-05
HR_6 1787064790.872412000 1.000000   9.76455e-13 0.234895 -4.39069e-12   4.18371e-08 -3.84315e-17 0.0001   0.002926
QR_4 1787064790.872412000 0.998040   -0.914359 0.976348 -0.00724486   0.00543416 1.53794 0.0001   0.002926
HR_6 1787064790.882412000 1.000000   9.76691e-13 0.234901 -4.39175e-12   4.18471e-08 -3.84224e-17 0.0001   1.9e-05
QR_4 1787064790.882412000 0.997787   -0.91493 0.97651 -0.00648728   0.0056032 1.53878 0.0001   1.9e-05
HR_6 1787064790.892412000 1.000000   9.77107e-13 0.234911 -4.39351e-12   4.18639e-08 -3.84034e-17 0.0001   0.00202
QR_4 1787064790.892412000 0.997388   -0.915951 0.976776 -0.00513691   0.00554152 1.53998 0.0001   0.00202
HR_6 1787064790.902412000 1.000000   9.7744e-13 0.234919 -4.39492e-12   4.18774e-08 -3.83682e-17 0.0001   3.5e-05
QR_4 1787064790.902412000 0.997025   -0.916716 0.976984 -0.00422096   0.00560884 1.54118 0.0001   3.5e-05
HR_6 1787064790.912412000 1.000000   9.77773e-13 0.234927 -4.39633e-12   4.18908e-08 -3.84047e-17 0.0001   4.8e-05
QR_4 1787064790.912412000 0.996634   -0.917448 0.977132 -0.00383506   0.00557851 1.54253 0.0001   4.8e-05
HR_6 1787064790.922412000 1.000000   9.78204e-13 0.234937 -4.3981e-12   4.19076e-08 -3.84136e-17 0.0001   6.4e-05
QR_4 1787064790.922412000 0.996197   -0.918438 0.977238 -0.0033223   0.00504578 1.54392 0.0001   6.4e-05
HR_6 1787064790.932413000 1.000000   9.7844e-13 0.234943 -4.39915e-12   4.19177e-08 -3.84231e-17 0.0001   0.000496
QR_4 1787064790.932413000 0.995892   -0.918996 0.977288 -0.00304504   0.0047952 1.54486 0.0001   0.000496
HR_6 1787064790.942413000 1.000000   9.7887e-13 0.234953 -4.40092e-12   4.19345e-08 -3.84598e-17 0.0001   5.3e-05
QR_4 1787064790.942413000 0.995340   -0.919882 0.97726 -0.00267392   0.00480598 1.54659 0.0001   5.3e-05
HR_6 1787064790.952413000 1.000000   9.79203e-13 0.234961 -4.40233e-12   4.19479e-08 -3.84474e-17 0.0001   4.7e-05
QR_4 1787064790.952413000 0.994943   -0.920671 0.977217 -0.00207383   0.00484068 1.54764 0.0001   4.7e-05
HR_6 1787064790.962413000 1.000000   9.79578e-13 0.234971 -4.40409e-12   4.19648e-08 -3.85305e-17 0.0001   5e-05
QR_4 1787064790.962413000 0.994386   -0.921675 0.97717 -0.00169954   0.00513411 1.54887 0.0001   5e-05
HR_6 1787064790.972413000 1.000000   9.79911e-13 0.234979 -4.4055e-12   4.19782e-08 -3.85008e-17 0.0001   4.4e-05
QR_4 1787064790.972413000 0.993972   -0.922499 0.977094 -0.00111162   0.00551362 1.5498 0.0001   4.4e-05
HR_6 1787064790.982413000 1.000000   9.80202e-13 0.234985 -4.40656e-12   4.19883e-08 -3.85064e-17 0.0001   4.4e-05
QR_4 1787064790.982413000 0.993688   -0.923139 0.977035 -0.000664444   0.00584202 1.55049 0.0001   4.4e-05
HR_6 1787064790.992413000 1.000000   9.80535e-13 0.234993 -4.40797e-12   4.20017e-08 -3.8518e-17 0.0001   3.7e-05
QR_4 1787064790.992413000 0.993266   -0.924045 0.976958 -0.000257036   0.0063132 1.55135 0.0001   3.7e-05
HR_6 1787064791.002413000 1.000000   9.8091e-13 0.235003 -4.40973e-12   4.20185e-08 -3.8534e-17 0.0001   5.3e-05
QR_4 1787064791.002413000 0.992704   -0.925159 0.976843 -0.000317509   0.00710398 1.55246 0.0001   5.3e-05
HR_6 1787064791.012413000 1.000000   9.81201e-13 0.235009 -4.41079e-12   4.20286e-08 -3.85277e-17 0.0001   0.000353
QR_4 1787064791.012413000 0.992391   -0.92585 0.976774 -0.000365764   0.00759205 1.55305 0.0001   0.000353
HR_6 1787064791.022413000 1.000000   9.81576e-13 0.235019 -4.41256e-12   4.20454e-08 -3.85114e-17 0.0001   1.3e-05
QR_4 1787064791.022413000 0.991883   -0.926951 0.976688 -0.000170152   0.00831955 1.55398 0.0001   1.3e-05
HR_6 1787064791.032414000 1.000000   9.82006e-13 0.235029 -4.41432e-12   4.20622e-08 -3.85855e-17 0.0001   1.2e-05
QR_4 1787064791.032414000 0.991373   -0.928035 0.976584 -5.17896e-05   0.00899181 1.55481 0.0001   1.2e-05
HR_6 1787064791.042414000 1.000000   9.82436e-13 0.235039 -4.41608e-12   4.2079e-08 -3.86032e-17 0.0001   2.5e-05
QR_4 1787064791.042414000 0.990889   -0.929108 0.976483 0.000369569   0.00962241 1.55573 0.0001   2.5e-05
HR_6 1787064791.052414000 1.000000   9.82756e-13 0.235047 -4.41749e-12   4.20924e-08 -3.85512e-17 0.0001   5.5e-05
QR_4 1787064791.052414000 0.990488   -0.929957 0.976378 0.000562781   0.0100684 1.55635 0.0001   5.5e-05
HR_6 1787064791.062414000 1.000000   9.83186e-13 0.235057 -4.41926e-12   4.21092e-08 -3.85907e-17 0.0001   3.7e-05
QR_4 1787064791.062414000 0.989974   -0.930986 0.976229 0.00156304   0.0106728 1.55705 0.0001   3.7e-05
HR_6 1787064791.072414000 1.000000   9.8356e-13 0.235067 -4.42102e-12   4.21261e-08 -3.8577e-17 0.0001   1.7e-05
QR_4 1787064791.072414000 0.989484   -0.932001 0.976111 0.00310975   0.0112349 1.55831 0.0001   1.7e-05
HR_6 1787064791.082414000 1.000000   9.83894e-13 0.235075 -4.42243e-12   4.21395e-08 -3.8552e-17 0.0001   9e-06
QR_4 1787064791.082414000 0.989082   -0.932804 0.976009 0.00461562   0.0116283 1.55928 0.0001   9e-06
HR_6 1787064791.092414000 1.000000   9.84227e-13 0.235083 -4.42384e-12   4.21529e-08 -3.85277e-17 0.0001   5.8e-05
QR_4 1787064791.092414000 0.988670   -0.933583 0.975892 0.00658883   0.0119969 1.55987 0.0001   5.8e-05
HR_6 1787064791.102414000 1.000000   9.84754e-13 0.235095 -4.42596e-12   4.21731e-08 -3.85551e-17 0.0001   6.8e-05
QR_4 1787064791.102414000 0.988104   -0.934745 0.975784 0.00822463   0.012465 1.56097 0.0001   6.8e-05
HR_6 1787064791.112414000 1.000000   9.85087e-13 0.235103 -4.42737e-12   4.21865e-08 -3.85405e-17 0.0001   4e-05
QR_4 1787064791.112414000 0.987729   -0.935513 0.975706 0.00898891   0.0127433 1.56175 0.0001   4e-05
HR_6 1787064791.122414000 1.000000   9.85517e-13 0.235112 -4.42913e-12   4.22033e-08 -3.84905e-17 0.0001   2.4e-05
QR_4 1787064791.122414000 0.987285   -0.936394 0.975636 0.00929097   0.0131331 1.56225 0.0001   2.4e-05
HR_6 1787064791.132415000 1.000000   9.85892e-13 0.235122 -4.43089e-12   4.22201e-08 -3.84795e-17 0.0001   5e-05
QR_4 1787064791.132415000 0.986865   -0.937222 0.975564 0.00955782   0.0135422 1.56261 0.0001   5e-05
HR_6 1787064791.142415000 1.000000   9.86225e-13 0.23513 -4.43231e-12   4.22336e-08 -3.84575e-17 0.0001   0.000699
QR_4 1787064791.142415000 0.986495   -0.937904 0.97551 0.00983483   0.0138236 1.56296 0.0001   0.000699
HR_6 1787064791.152415000 1.000000   9.86655e-13 0.23514 -4.43407e-12   4.22504e-08 -3.85027e-17 0.0001   6.6e-05
QR_4 1787064791.152415000 0.986010   -0.938763 0.975464 0.0104638   0.0142611 1.56339 0.0001   6.6e-05
HR_6 1787064791.162415000 1.000000   9.87085e-13 0.23515 -4.43583e-12   4.22672e-08 -3.85271e-17 0.0001   5.9e-05
QR_4 1787064791.162415000 0.985566   -0.93957 0.975418 0.0115717   0.014783 1.56377 0.0001   5.9e-05
HR_6 1787064791.172415000 1.000000   9.87418e-13 0.235158 -4.43724e-12   4.22806e-08 -3.85348e-17 0.0001   3.4e-05
QR_4 1787064791.172415000 0.985208   -0.940276 0.975401 0.0124808   0.0150048 1.56415 0.0001   3.4e-05
HR_6 1787064791.182415000 1.000000   9.87793e-13 0.235168 -4.43901e-12   4.22974e-08 -3.85661e-17 0.0001   1.6e-05
QR_4 1787064791.182415000 0.984782   -0.941214 0.975402 0.0144575   0.015559 1.56461 0.0001   1.6e-05
HR_6 1787064791.192415000 1.000000   9.88126e-13 0.235176 -4.44042e-12   4.23109e-08 -3.8577e-17 0.0001   0.000468
QR_4 1787064791.192415000 0.984503   -0.941898 0.975402 0.0158321   0.0157714 1.56502 0.0001   0.000468
HR_6 1787064791.202415000 1.000000   9.88556e-13 0.235186 -4.44218e-12   4.23277e-08 -3.86056e-17 0.0001   1.4e-05
QR_4 1787064791.202415000 0.984180   -0.942713 0.975393 0.0170405   0.0154009 1.5656 0.0001   1.4e-05
HR_6 1787064791.212415000 1.000000   9.88987e-13 0.235196 -4.44394e-12   4.23445e-08 -3.86405e-17 0.0001   3e-05
QR_4 1787064791.212415000 0.983796   -0.943463 0.975383 0.0175433   0.0148439 1.56615 0.0001   3e-05
HR_6 1787064791.222415000 1.000000   9.89403e-13 0.235206 -4.44571e-12   4.23613e-08 -3.8648e-17 0.0001   2.4e-05
QR_4 1787064791.222415000 0.983407   -0.944118 0.97536 0.0176484   0.0141247 1.567 0.0001   2.4e-05
HR_6 1787064791.232416000 1.000000   9.89736e-13 0.235214 -4.44712e-12   4.23747e-08 -3.8683e-17 0.0001   3.8e-05
QR_4 1787064791.232416000 0.983148   -0.944641 0.975324 0.0177918   0.0134482 1.56764 0.0001   3.8e-05
HR_6 1787064791.242416000 1.000000   9.90069e-13 0.235222 -4.44853e-12   4.23882e-08 -3.86405e-17 0.0001   0.000729
QR_4 1787064791.242416000 0.982874   -0.945124 0.975274 0.017884   0.0126335 1.56834 0.0001   0.000729
HR_6 1787064791.252416000 1.000000   9.90541e-13 0.235234 -4.45064e-12   4.24083e-08 -3.868e-17 0.0001   1.2e-05
QR_4 1787064791.252416000 0.982499   -0.945768 0.975192 0.0182449   0.0116669 1.5697 0.0001   1.2e-05
HR_6 1787064791.262416000 1.000000   9.90874e-13 0.235242 -4.45206e-12   4.24218e-08 -3.86943e-17 0.0001   2e-06
QR_4 1787064791.262416000 0.982299   -0.946205 0.975176 0.0186794   0.0112253 1.57045 0.0001   2e-06
HR_6 1787064791.272416000 1.000000   9.91304e-13 0.235252 -4.45382e-12   4.24386e-08 -3.87053e-17 0.0001   8e-06
QR_4 1787064791.272416000 0.982022   -0.946822 0.975149 0.0192186   0.0108343 1.57111 0.0001   8e-06
HR_6 1787064791.282416000 1.000000   9.91637e-13 0.23526 -4.45523e-12   4.2452e-08 -3.86794e-17 0.0001   3.1e-05
QR_4 1787064791.282416000 0.981851   -0.947273 0.975031 0.0197747   0.0105916 1.57172 0.0001   3.1e-05
HR_6 1787064791.292416000 1.000000   9.9197e-13 0.235268 -4.45664e-12   4.24655e-08 -3.87186e-17 0.0001   4.1e-05
QR_4 1787064791.292416000 0.981805   -0.947679 0.974924 0.0205579   0.0103031 1.5723 0.0001   4.1e-05
HR_6 1787064791.302416000 1.000000   9.92303e-13 0.235276 -4.45805e-12   4.24789e-08 -3.87421e-17 0.0001   0.000291
QR_4 1787064791.302416000 0.981817   -0.948099 0.974798 0.0215011   0.00955212 1.57276 0.0001   0.000291
HR_6 1787064791.312416000 1.000000   9.92637e-13 0.235284 -4.45946e-12   4.24923e-08 -3.87487e-17 0.0001   1.9e-05
QR_4 1787064791.312416000 0.981830   -0.948507 0.974749 0.0221814   0.0086704 1.57321 0.0001   1.9e-05
HR_6 1787064791.322416000 1.000000   9.93011e-13 0.235294 -4.46122e-12   4.25091e-08 -3.87862e-17 0.0001   3.1e-05
QR_4 1787064791.322416000 0.981782   -0.948939 0.974694 0.0223778   0.00763087 1.57382 0.0001   3.1e-05
HR_6 1787064791.332416000 1.000000   9.93344e-13 0.235302 -4.46263e-12   4.25226e-08 -3.87321e-17 0.0001   0.002938
QR_4 1787064791.332416000 0.981787   -0.949336 0.974659 0.0221397   0.00668877 1.5742 0.0001   0.002938
HR_6 1787064791.342416000 1.000000   9.93636e-13 0.235308 -4.46369e-12   4.25327e-08 -3.87508e-17 0.0001   1.2e-05
QR_4 1787064791.342416000 0.981828   -0.949652 0.974603 0.0215126   0.00610662 1.57461 0.0001   1.2e-05
HR_6 1787064791.352416000 1.000000   9.93969e-13 0.235316 -4.4651e-12   4.25461e-08 -3.87274e-17 0.0001   2.5e-05
QR_4 1787064791.352416000 0.981844   -0.950031 0.974528 0.0206169   0.00525661 1.57492 0.0001   2.5e-05
HR_6 1787064791.362416000 1.000000   9.94343e-13 0.235326 -4.46687e-12   4.25629e-08 -3.87065e-17 0.0001   7.2e-05
QR_4 1787064791.362416000 0.981920   -0.950536 0.974454 0.020321   0.0042494 1.57547 0.0001   7.2e-05
HR_6 1787064791.372417000 1.000000   9.94635e-13 0.235332 -4.46792e-12   4.2573e-08 -3.86904e-17 0.0001   0.000466
QR_4 1787064791.372417000 0.981940   -0.950827 0.974423 0.0207663   0.0037472 1.57567 0.0001   0.000466
HR_6 1787064791.382417000 1.000000   9.9501e-13 0.235342 -4.46969e-12   4.25898e-08 -3.86966e-17 0.0001   1.3e-05
QR_4 1787064791.382417000 0.981955   -0.951279 0.974366 0.0216648   0.00314901 1.5758 0.0001   1.3e-05
HR_6 1787064791.392417000 1.000000   9.9544e-13 0.235352 -4.47145e-12   4.26066e-08 -3.87215e-17 0.0001   2.8e-05
QR_4 1787064791.392417000 0.982055   -0.95172 0.974318 0.0222084   0.00282278 1.57604 0.0001   2.8e-05
HR_6 1787064791.402417000 1.000000   9.95676e-13 0.235358 -4.47251e-12   4.26167e-08 -3.87378e-17 0.0001   4.4e-05
QR_4 1787064791.402417000 0.982105   -0.952006 0.974296 0.0218323   0.00249049 1.57628 0.0001   4.4e-05
HR_6 1787064791.412417000 1.000000   9.96106e-13 0.235368 -4.47427e-12   4.26335e-08 -3.87614e-17 0.0001   1.3e-05
QR_4 1787064791.412417000 0.982181   -0.952478 0.97424 0.0204279   0.0017224 1.57659 0.0001   1.3e-05
HR_6 1787064791.422417000 1.000000   9.96439e-13 0.235376 -4.47568e-12   4.26469e-08 -3.87842e-17 0.0001   4.9e-05
QR_4 1787064791.422417000 0.982301   -0.952846 0.974202 0.019249   0.0011342 1.57701 0.0001   4.9e-05
HR_6 1787064791.432413000 1.000000   9.96772e-13 0.235384 -4.47709e-12   4.26604e-08 -3.87843e-17 0.0001   1e-06
QR_4 1787064791.432413000 0.982415   -0.953241 0.974121 0.0183781   0.00049654 1.57792 0.0001   1e-06
HR_6 1787064791.442413000 1.000000   9.97188e-13 0.235394 -4.47886e-12   4.26772e-08 -3.88312e-17 0.0001   0.000368
QR_4 1787064791.442413000 0.982526   -0.953751 0.973969 0.0182267   4.75484e-05 1.57886 0.0001   0.000368
HR_6 1787064791.452413000 1.000000   9.97619e-13 0.235404 -4.48062e-12   4.2694e-08 -3.88552e-17 0.0001   3.1e-05
QR_4 1787064791.452413000 0.982650   -0.954251 0.9738 0.018226   -0.000460635 1.57921 0.0001   3.1e-05
HR_6 1787064791.462413000 1.000000   9.97952e-13 0.235412 -4.48203e-12   4.27074e-08 -3.88689e-17 0.0001   1.2e-05
QR_4 1787064791.462413000 0.982750   -0.954665 0.97365 0.0182989   -0.00118498 1.57969 0.0001   1.2e-05
HR_6 1787064791.472413000 1.000000   9.98285e-13 0.23542 -4.48344e-12   4.27208e-08 -3.88894e-17 0.0001   0.000755
QR_4 1787064791.472413000 0.982854   -0.955058 0.973504 0.0185493   -0.00176945 1.57917 0.0001   0.000755
HR_6 1787064791.482413000 1.000000   9.98659e-13 0.23543 -4.48521e-12   4.27376e-08 -3.88987e-17 0.0001   3.7e-05
QR_4 1787064791.482413000 0.983012   -0.955561 0.97331 0.0181976   -0.00177851 1.5779 0.0001   3.7e-05
HR_6 1787064791.492413000 1.000000   9.9909e-13 0.23544 -4.48697e-12   4.27545e-08 -3.89589e-17 0.0001   0.001576
QR_4 1787064791.492413000 0.983201   -0.956084 0.973106 0.0173779   -0.00159053 1.57712 0.0001   0.001576
HR_6 1787064791.502413000 1.000000   9.99326e-13 0.235446 -4.48803e-12   4.27645e-08 -3.90147e-17 0.0001   9e-06
QR_4 1787064791.502413000 0.983325   -0.956393 0.973042 0.01676   -0.00134125 1.57603 0.0001   9e-06
HR_6 1787064791.512413000 1.000000   9.99659e-13 0.235454 -4.48944e-12   4.2778e-08 -3.90539e-17 0.0001   4.5e-05
QR_4 1787064791.512413000 0.983510   -0.956826 0.972996 0.0158885   -0.000417722 1.57476 0.0001   4.5e-05
HR_6 1787064791.522413000 1.000000   1.00019e-12 0.235466 -4.49155e-12   4.27981e-08 -3.90182e-17 0.0001   2.9e-05
QR_4 1787064791.522413000 0.983825   -0.95747 0.972925 0.0145966   0.00108343 1.57274 0.0001   2.9e-05
HR_6 1787064791.532413000 1.000000   1.00052e-12 0.235474 -4.49296e-12   4.28116e-08 -3.9002e-17 0.0001   0.001958
QR_4 1787064791.532413000 0.984041   -0.957891 0.972872 0.0137538   0.00191943 1.57149 0.0001   0.001958
HR_6 1787064791.542414000 1.000000   1.00085e-12 0.235482 -4.49438e-12   4.2825e-08 -3.90017e-17 0.0001   5.1e-05
QR_4 1787064791.542414000 0.984275   -0.958305 0.972809 0.0129398   0.00217106 1.56984 0.0001   5.1e-05
HR_6 1787064791.552414000 1.000000   1.00128e-12 0.235492 -4.49614e-12   4.28418e-08 -3.90021e-17 0.0001   3.3e-05
QR_4 1787064791.552414000 0.984615   -0.958806 0.972747 0.0120127   0.00215975 1.56766 0.0001   3.3e-05
HR_6 1787064791.562414000 1.000000   1.00166e-12 0.235502 -4.4979e-12   4.28586e-08 -3.90557e-17 0.0001   5.3e-05
QR_4 1787064791.562414000 0.984958   -0.959327 0.972683 0.0110665   0.00211892 1.56613 0.0001   5.3e-05
HR_6 1787064791.572414000 1.000000   1.00189e-12 0.235508 -4.49896e-12   4.28687e-08 -3.90336e-17 0.0001   2.5e-05
QR_4 1787064791.572414000 0.985167   -0.959622 0.972586 0.0104231   0.00236193 1.56472 0.0001   2.5e-05
HR_6 1787064791.582414000 1.000000   1.00223e-12 0.235516 -4.50037e-12   4.28821e-08 -3.90144e-17 0.0001   4.4e-05
QR_4 1787064791.582414000 0.985434   -0.960017 0.972404 0.00950053   0.00270513 1.56241 0.0001   4.4e-05
HR_6 1787064791.592414000 1.000000   1.00266e-12 0.235526 -4.50213e-12   4.2899e-08 -3.90362e-17 0.0001   0.000592
QR_4 1787064791.592414000 0.985796   -0.960497 0.972153 0.00842357   0.0031758 1.56027 0.0001   0.000592
HR_6 1787064791.602414000 1.000000   1.00299e-12 0.235534 -4.50354e-12   4.29124e-08 -3.90479e-17 0.0001   0.000918
QR_4 1787064791.602414000 0.986090   -0.960896 0.971961 0.0075704   0.00342997 1.55834 0.0001   0.000918
HR_6 1787064791.612414000 1.000000   1.00332e-12 0.235542 -4.50495e-12   4.29258e-08 -3.90607e-17 0.0001   3.9e-05
QR_4 1787064791.612414000 0.986388   -0.961304 0.97178 0.00683824   0.00343882 1.55655 0.0001   3.9e-05
HR_6 1787064791.622414000 1.000000   1.00385e-12 0.235554 -4.50707e-12   4.2946e-08 -3.90944e-17 0.0001   1.1e-05
QR_4 1787064791.622414000 0.986856   -0.961887 0.971516 0.00582177   0.00365954 1.55404 0.0001   1.1e-05
HR_6 1787064791.632414000 1.000000   1.00418e-12 0.235562 -4.50848e-12   4.29594e-08 -3.91442e-17 0.0001   3.5e-05
QR_4 1787064791.632414000 0.987178   -0.962287 0.971322 0.0051617   0.00421947 1.55226 0.0001   3.5e-05
HR_6 1787064791.642415000 1.000000   1.00452e-12 0.23557 -4.50989e-12   4.29729e-08 -3.91875e-17 0.0001   0.000939
QR_4 1787064791.642415000 0.987496   -0.962668 0.971066 0.00440317   0.0043119 1.5504 0.0001   0.000939
HR_6 1787064791.652415000 1.000000   1.00485e-12 0.235578 -4.5113e-12   4.29863e-08 -3.9214e-17 0.0001   1.8e-05
QR_4 1787064791.652415000 0.987808   -0.963045 0.970873 0.0036258   0.00485462 1.5487 0.0001   1.8e-05
HR_6 1787064791.662415000 1.000000   1.00518e-12 0.235586 -4.51271e-12   4.29998e-08 -3.92129e-17 0.0001   1.6e-05
QR_4 1787064791.662415000 0.988134   -0.963404 0.970705 0.00289349   0.00548167 1.54604 0.0001   1.6e-05
HR_6 1787064791.672415000 1.000000   1.00552e-12 0.235594 -4.51412e-12   4.30132e-08 -3.92596e-17 0.0001   1.7e-05
QR_4 1787064791.672415000 0.988468   -0.963758 0.970568 0.00232431   0.00634658 1.5437 0.0001   1.7e-05
HR_6 1787064791.682415000 1.000000   1.00585e-12 0.235602 -4.51554e-12   4.30266e-08 -3.9256e-17 0.0001   4.7e-05
QR_4 1787064791.682415000 0.988800   -0.964125 0.970467 0.00188721   0.00644466 1.54224 0.0001   4.7e-05
HR_6 1787064791.692415000 1.000000   1.00632e-12 0.235614 -4.51765e-12   4.30468e-08 -3.93132e-17 0.0001   7e-06
QR_4 1787064791.692415000 0.989318   -0.96466 0.970341 0.00135105   0.00598306 1.54013 0.0001   7e-06
HR_6 1787064791.702415000 1.000000   1.00675e-12 0.235624 -4.51941e-12   4.30636e-08 -3.93978e-17 0.0001   2.3e-05
QR_4 1787064791.702415000 0.989763   -0.965061 0.970262 0.000939407   0.00570153 1.53847 0.0001   2.3e-05
HR_6 1787064791.712415000 1.000000   1.00718e-12 0.235634 -4.52118e-12   4.30804e-08 -3.94683e-17 0.0001   1.3e-05
QR_4 1787064791.712415000 0.990238   -0.965511 0.970277 0.000558052   0.00637272 1.53709 0.0001   1.3e-05
HR_6 1787064791.722415000 1.000000   1.00765e-12 0.235646 -4.52329e-12   4.31006e-08 -3.94642e-17 0.0001   1.4e-05
QR_4 1787064791.722415000 0.990839   -0.966081 0.970367 5.87788e-06   0.00685638 1.53543 0.0001   1.4e-05
HR_6 1787064791.732415000 1.000000   1.00799e-12 0.235654 -4.5247e-12   4.3114e-08 -3.94771e-17 0.0001   3.4e-05
QR_4 1787064791.732415000 0.991227   -0.966442 0.970466 -0.0004175   0.00670535 1.53471 0.0001   3.4e-05
HR_6 1787064791.742411000 1.000000   1.0084e-12 0.235664 -4.52647e-12   4.31308e-08 -3.95448e-17 0.0001   2e-06
QR_4 1787064791.742411000 0.991709   -0.966858 0.970635 -0.000988377   0.00578296 1.53386 0.0001   2e-06
HR_6 1787064791.752411000 1.000000   1.00883e-12 0.235674 -4.52823e-12   4.31476e-08 -3.95496e-17 0.0001   0.000356
QR_4 1787064791.752411000 0.992202   -0.967294 0.970774 -0.00159482   0.00524888 1.53293 0.0001   0.000356
HR_6 1787064791.762411000 1.000000   1.00921e-12 0.235684 -4.52999e-12   4.31644e-08 -3.96035e-17 0.0001   4e-06
QR_4 1787064791.762411000 0.992687   -0.967734 0.970892 -0.00227019   0.00492412 1.53264 0.0001   4e-06
HR_6 1787064791.772411000 1.000000   1.0095e-12 0.23569 -4.53105e-12   4.31745e-08 -3.95969e-17 0.0001   3.9e-05
QR_4 1787064791.772411000 0.992973   -0.967997 0.970919 -0.00269451   0.00454489 1.53273 0.0001   3.9e-05
HR_6 1787064791.782411000 1.000000   1.00987e-12 0.2357 -4.53282e-12   4.31913e-08 -3.96136e-17 0.0001   0.00209
QR_4 1787064791.782411000 0.993455   -0.968404 0.970926 -0.00342664   0.0033096 1.53206 0.0001   0.00209
HR_6 1787064791.792411000 1.000000   1.01021e-12 0.235708 -4.53423e-12   4.32047e-08 -3.96405e-17 0.0001   3.5e-05
QR_4 1787064791.792411000 0.993836   -0.968724 0.970927 -0.00396303   0.00247359 1.53162 0.0001   3.5e-05
HR_6 1787064791.802411000 1.000000   1.01064e-12 0.235718 -4.53599e-12   4.32216e-08 -3.96715e-17 0.0001   3e-05
QR_4 1787064791.802411000 0.994285   -0.969121 0.970917 -0.00452439   0.00187076 1.53129 0.0001   3e-05
HR_6 1787064791.812411000 1.000000   1.01097e-12 0.235726 -4.5374e-12   4.3235e-08 -3.965e-17 0.0001   1.5e-05
QR_4 1787064791.812411000 0.994632   -0.969435 0.970892 -0.00490749   0.00154862 1.53018 0.0001   1.5e-05
HR_6 1787064791.822411000 1.000000   1.0114e-12 0.235736 -4.53916e-12   4.32518e-08 -3.96793e-17 0.0001   0.000202
QR_4 1787064791.822411000 0.995066   -0.969847 0.97087 -0.00521035   0.00149785 1.53049 0.0001   0.000202
HR_6 1787064791.832411000 1.000000   1.01183e-12 0.235746 -4.54093e-12   4.32686e-08 -3.96811e-17 0.0001   7.5e-05
QR_4 1787064791.832411000 0.995501   -0.97026 0.970853 -0.00534235   0.00173383 1.53206 0.0001   7.5e-05
HR_6 1787064791.842411000 1.000000   1.0122e-12 0.235756 -4.54269e-12   4.32854e-08 -3.9665e-17 0.0001   0.002968
QR_4 1787064791.842411000 0.995925   -0.97067 0.970851 -0.00556324   0.00206943 1.53307 0.0001   0.002968
HR_6 1787064791.852412000 1.000000   1.01254e-12 0.235764 -4.5441e-12   4.32988e-08 -3.97582e-17 0.0001   2.6e-05
QR_4 1787064791.852412000 0.996255   -0.970994 0.970859 -0.00582247   0.00232455 1.53324 0.0001   2.6e-05
HR_6 1787064791.862412000 1.000000   1.01297e-12 0.235774 -4.54586e-12   4.33156e-08 -3.98124e-17 0.0001   3.7e-05
QR_4 1787064791.862412000 0.996669   -0.971392 0.970868 -0.00615838   0.00262442 1.53477 0.0001   3.7e-05
HR_6 1787064791.872412000 1.000000   1.0134e-12 0.235784 -4.54763e-12   4.33324e-08 -3.99291e-17 0.0001   0.000103
QR_4 1787064791.872412000 0.997071   -0.971784 0.970883 -0.00637549   0.00284085 1.53562 0.0001   0.000103
HR_6 1787064791.882412000 1.000000   1.01363e-12 0.23579 -4.54869e-12   4.33425e-08 -3.99209e-17 0.0001   3.9e-05
QR_4 1787064791.882412000 0.997312   -0.972009 0.970874 -0.00662813   0.00292265 1.53653 0.0001   3.9e-05
HR_6 1787064791.892412000 1.000000   1.01397e-12 0.235798 -4.5501e-12   4.3356e-08 -3.99756e-17 0.0001   6.2e-05
QR_4 1787064791.892412000 0.997638   -0.972311 0.970835 -0.007142   0.00288525 1.53902 0.0001   6.2e-05
HR_6 1787064791.902412000 1.000000   1.0143e-12 0.235806 -4.55151e-12   4.33694e-08 -3.99793e-17 0.0001   0.000199
QR_4 1787064791.902412000 0.997943   -0.972622 0.970806 -0.00751896   0.00279221 1.54033 0.0001   0.000199
HR_6 1787064791.912412000 1.000000   1.01454e-12 0.235812 -4.55257e-12   4.33795e-08 -3.99773e-17 0.0001   4.4e-05
QR_4 1787064791.912412000 0.998172   -0.97285 0.970702 -0.00792147   0.00261738 1.54125 0.0001   4.4e-05
HR_6 1787064791.922412000 1.000000   1.01497e-12 0.235822 -4.55433e-12   4.33963e-08 -4.00383e-17 0.0001   0.000124
QR_4 1787064791.922412000 0.998556   -0.973223 0.970483 -0.00823317   0.00230475 1.54368 0.0001   0.000124
HR_6 1787064791.932412000 1.000000   1.0154e-12 0.235832 -4.55609e-12   4.34131e-08 -4.01434e-17 0.0001   0.000149
QR_4 1787064791.932412000 0.998953   -0.973586 0.970261 -0.00861759   0.00217706 1.54667 0.0001   0.000149
HR_6 1787064791.942412000 1.000000   1.01573e-12 0.23584 -4.5575e-12   4.34265e-08 -4.01696e-17 0.0001   0.002873
QR_4 1787064791.942412000 0.999257   -0.973884 0.970068 -0.00856498   0.00217007 1.5488 0.0001   0.002873
HR_6 1787064791.952413000 1.000000   1.01587e-12 0.235844 -4.55821e-12   4.34333e-08 -4.01691e-17 0.0001   8.3e-05
QR_4 1787064791.952413000 0.999398   -0.974034 0.96996 -0.00809873   0.00215889 1.54987 0.0001   8.3e-05
HR_6 1787064791.962413000 1.000000   1.0164e-12 0.235856 -4.56032e-12   4.34534e-08 -4.02458e-17 0.0001   4.7e-05
QR_4 1787064791.962413000 0.999819   -0.974484 0.96964 -0.00665857   0.00220869 1.55277 0.0001   4.7e-05
HR_6 1787064791.972413000 1.000000   1.01683e-12 0.235866 -4.56209e-12   4.34702e-08 -4.03322e-17 0.0001   0.00242
QR_4 1787064791.972413000 1.000147   -0.974871 0.96939 -0.0066816   0.00248993 1.55499 0.0001   0.00242
HR_6 1787064791.982413000 1.000000   1.01716e-12 0.235874 -4.5635e-12   4.34837e-08 -4.04166e-17 0.0001   0.000129
QR_4 1787064791.982413000 1.000388   -0.975157 0.969167 -0.00863841   0.00319605 1.55681 0.0001   0.000129
HR_6 1787064791.992413000 1.000000   1.01749e-12 0.235882 -4.56491e-12   4.34971e-08 -4.04303e-17 0.0001   0.001193
QR_4 1787064791.992413000 1.000684   -0.975511 0.968931 -0.0129009   0.00481345 1.55793 0.0001   0.001193
HR_6 1787064792.002413000 1.000000   1.01773e-12 0.235888 -4.56597e-12   4.35072e-08 -4.05099e-17 0.0001   0.000137
QR_4 1787064792.002413000 1.000911   -0.975743 0.968775 -0.0184991   0.00698825 1.55849 0.0001   0.000137
HR_6 1787064792.012413000 1.000000   1.0182e-12 0.2359 -4.56808e-12   4.35273e-08 -4.05397e-17 0.0001   0.000235
QR_4 1787064792.012413000 1.001465   -0.976241 0.968486 -0.0361874   0.01397 1.55942 0.0001   0.000235
HR_6 1787064792.022413000 1.000000   1.01863e-12 0.23591 -4.56985e-12   4.35442e-08 -4.05901e-17 0.0001   0.000224
QR_4 1787064792.022413000 1.002007   -0.976666 0.968137 -0.0568219   0.0222223 1.55934 0.0001   0.000224
HR_6 1787064792.032413000 1.000000   1.01887e-12 0.235916 -4.5709e-12   4.35542e-08 -4.0596e-17 0.0001   0.000187
QR_4 1787064792.032413000 1.002328   -0.976924 0.967856 -0.0717898   0.0284299 1.55895 0.0001   0.000187
HR_6 1787064792.042413000 1.000000   1.0192e-12 0.235924 -4.57231e-12   4.35677e-08 -4.06253e-17 0.0001   0.000211
QR_4 1787064792.042413000 1.002769   -0.977225 0.967285 -0.0932839   0.0376401 1.55882 0.0001   0.000211
HR_6 1787064792.052414000 1.000000   1.01953e-12 0.235932 -4.57373e-12   4.35811e-08 -4.071e-17 0.0001   4.3e-05
QR_4 1787064792.052414000 1.003130   -0.977549 0.966475 -0.116185   0.0479147 1.55835 0.0001   4.3e-05
HR_6 1787064792.062414000 1.000000   1.01986e-12 0.23594 -4.57514e-12   4.35946e-08 -4.06808e-17 0.0001   1e-05
QR_4 1787064792.062414000 1.003453   -0.977846 0.965342 -0.139246   0.058882 1.55732 0.0001   1e-05
HR_6 1787064792.072414000 1.000000   1.02029e-12 0.23595 -4.5769e-12   4.36114e-08 -4.07344e-17 0.0001   3e-05
QR_4 1787064792.072414000 1.003780   -0.978224 0.963541 -0.166489   0.0732749 1.55493 0.0001   3e-05
HR_6 1787064792.082414000 1.000000   1.02063e-12 0.235958 -4.57831e-12   4.36248e-08 -4.071e-17 0.0001   9.2e-05
QR_4 1787064792.082414000 1.003971   -0.978477 0.96181 -0.186231   0.0855099 1.55308 0.0001   9.2e-05
HR_6 1787064792.092414000 1.000000   1.02086e-12 0.235964 -4.57937e-12   4.36349e-08 -4.06826e-17 0.0001   6.8e-05
QR_4 1787064792.092414000 1.004036   -0.978636 0.960344 -0.199899   0.0948855 1.55071 0.0001   6.8e-05
HR_6 1787064792.102414000 1.000000   1.02139e-12 0.235976 -4.58148e-12   4.3655e-08 -4.07652e-17 0.0001   0.000582
QR_4 1787064792.102414000 1.003995   -0.978978 0.957192 -0.222109   0.114223 1.54633 0.0001   0.000582
HR_6 1787064792.112414000 1.000000   1.02163e-12 0.235982 -4.58254e-12   4.36651e-08 -4.0797e-17 0.0001   7.6e-05
QR_4 1787064792.112414000 1.003877   -0.979155 0.95547 -0.231045   0.123979 1.5441 0.0001   7.6e-05
HR_6 1787064792.122414000 1.000000   1.02196e-12 0.23599 -4.58395e-12   4.36786e-08 -4.08934e-17 0.0001   0.000596
QR_4 1787064792.122414000 1.003555   -0.979337 0.953124 -0.240056   0.136848 1.54078 0.0001   0.000596
HR_6 1787064792.132414000 1.000000   1.02239e-12 0.236 -4.58572e-12   4.36954e-08 -4.09538e-17 0.0001   2.6e-05
QR_4 1787064792.132414000 1.002936   -0.97942 0.950055 -0.248302   0.152226 1.53638 0.0001   2.6e-05
HR_6 1787064792.142414000 1.000000   1.02263e-12 0.236006 -4.58677e-12   4.37055e-08 -4.09441e-17 0.0001   0.001284
QR_4 1787064792.142414000 1.002435   -0.97939 0.948142 -0.251785   0.160705 1.53306 0.0001   0.001284
HR_6 1787064792.152415000 1.000000   1.02306e-12 0.236016 -4.58854e-12   4.37223e-08 -4.10369e-17 0.0001   6e-06
QR_4 1787064792.152415000 1.001506   -0.979114 0.944794 -0.257134   0.173162 1.52735 0.0001   6e-06
HR_6 1787064792.162415000 1.000000   1.02329e-12 0.236022 -4.5896e-12   4.37323e-08 -4.10665e-17 0.0001   1.2e-05
QR_4 1787064792.162415000 1.000804   -0.978866 0.942763 -0.259915   0.179409 1.52392 0.0001   1.2e-05
HR_6 1787064792.172411000 1.000000   1.02363e-12 0.23603 -4.59101e-12   4.37458e-08 -4.11463e-17 0.0001   2e-06
QR_4 1787064792.172411000 0.999762   -0.978428 0.93993 -0.263543   0.186261 1.51933 0.0001   2e-06
HR_6 1787064792.182412000 1.000000   1.02406e-12 0.23604 -4.59277e-12   4.37626e-08 -4.11867e-17 0.0001   2.5e-05
QR_4 1787064792.182412000 0.998330   -0.977651 0.936301 -0.267623   0.192391 1.51277 0.0001   2.5e-05
HR_6 1787064792.192412000 1.000000   1.02453e-12 0.236052 -4.59489e-12   4.37827e-08 -4.12841e-17 0.0001   6.7e-05
QR_4 1787064792.192412000 0.996293   -0.976501 0.931755 -0.272198   0.19695 1.50516 0.0001   6.7e-05
HR_6 1787064792.202412000 1.000000   1.02476e-12 0.236058 -4.59594e-12   4.37928e-08 -4.13443e-17 0.0001   0.000647
QR_4 1787064792.202412000 0.995141   -0.97582 0.929407 -0.274107   0.198456 1.50188 0.0001   0.000647
HR_6 1787064792.212412000 1.000000   1.02519e-12 0.236068 -4.59771e-12   4.38096e-08 -4.13934e-17 0.0001   6e-05
QR_4 1787064792.212412000 0.993047   -0.974568 0.925326 -0.276357   0.199698 1.49654 0.0001   6e-05
HR_6 1787064792.222412000 1.000000   1.02562e-12 0.236078 -4.59947e-12   4.38264e-08 -4.14598e-17 0.0001   3.8e-05
QR_4 1787064792.222412000 0.990734   -0.973103 0.921003 -0.277626   0.200015 1.4915 0.0001   3.8e-05
HR_6 1787064792.232412000 1.000000   1.02586e-12 0.236084 -4.60053e-12   4.38365e-08 -4.14372e-17 0.0001   0.001631
QR_4 1787064792.232412000 0.989223   -0.972151 0.918339 -0.277425   0.199855 1.48843 0.0001   0.001631
HR_6 1787064792.242412000 1.000000   1.02629e-12 0.236094 -4.60229e-12   4.38533e-08 -4.14372e-17 0.0001   3.1e-05
QR_4 1787064792.242412000 0.986558   -0.970385 0.913778 -0.276425   0.199628 1.48323 0.0001   3.1e-05
HR_6 1787064792.252412000 1.000000   1.02653e-12 0.2361 -4.60335e-12   4.38634e-08 -4.14737e-17 0.0001   0.002183
QR_4 1787064792.252412000 0.984836   -0.969227 0.910977 -0.275492   0.19975 1.47999 0.0001   0.002183
HR_6 1787064792.262412000 1.000000   1.02696e-12 0.23611 -4.60511e-12   4.38802e-08 -4.14946e-17 0.0001   4.5e-05
QR_4 1787064792.262412000 0.981742   -0.967114 0.906157 -0.274933   0.200016 1.47313 0.0001   4.5e-05
HR_6 1787064792.272412000 1.000000   1.02739e-12 0.23612 -4.60688e-12   4.3897e-08 -4.15465e-17 0.0001   4.6e-05
QR_4 1787064792.272412000 0.978396   -0.964833 0.90124 -0.27431   0.200518 1.46635 0.0001   4.6e-05
HR_6 1787064792.282413000 1.000000   1.02772e-12 0.236128 -4.60829e-12   4.39104e-08 -4.15477e-17 0.0001   4.5e-05
QR_4 1787064792.282413000 0.975579   -0.962883 0.897225 -0.274381   0.200606 1.46046 0.0001   4.5e-05
HR_6 1787064792.292413000 1.000000   1.02809e-12 0.236138 -4.61005e-12   4.39272e-08 -4.15314e-17 0.0001   0.000233
QR_4 1787064792.292413000 0.971841   -0.960256 0.892145 -0.274532   0.200424 1.45281 0.0001   0.000233
HR_6 1787064792.302413000 1.000000   1.02843e-12 0.236146 -4.61146e-12   4.39407e-08 -4.15804e-17 0.0001   3.2e-05
QR_4 1787064792.302413000 0.968666   -0.95795 0.888 -0.274017   0.199965 1.44631 0.0001   3.2e-05
HR_6 1787064792.312413000 1.000000   1.02876e-12 0.236154 -4.61287e-12   4.39541e-08 -4.15674e-17 0.0001   4.1e-05
QR_4 1787064792.312413000 0.965373   -0.955554 0.883804 -0.272916   0.199106 1.44009 0.0001   4.1e-05
HR_6 1787064792.322413000 1.000000   1.02929e-12 0.236166 -4.61499e-12   4.39743e-08 -4.1669e-17 0.0001   6e-06
QR_4 1787064792.322413000 0.960210   -0.951656 0.877354 -0.269865   0.197084 1.43061 0.0001   6e-06
HR_6 1787064792.332413000 1.000000   1.02962e-12 0.236174 -4.6164e-12   4.39877e-08 -4.16923e-17 0.0001   0.001925
QR_4 1787064792.332413000 0.956598   -0.948932 0.872956 -0.26821   0.195252 1.42401 0.0001   0.001925
HR_6 1787064792.342413000 1.000000   1.02986e-12 0.23618 -4.61746e-12   4.39978e-08 -4.17145e-17 0.0001   6.1e-05
QR_4 1787064792.342413000 0.953777   -0.946759 0.869598 -0.266691   0.193947 1.41943 0.0001   6.1e-05
HR_6 1787064792.352413000 1.000000   1.03038e-12 0.236192 -4.61957e-12   4.4018e-08 -4.17982e-17 0.0001   6.3e-05
QR_4 1787064792.352413000 0.947925   -0.9422 0.8628 -0.26255   0.190963 1.40978 0.0001   6.3e-05
HR_6 1787064792.362413000 1.000000   1.03072e-12 0.2362 -4.62098e-12   4.40314e-08 -4.1772e-17 0.0001   0.000333
QR_4 1787064792.362413000 0.943823   -0.938977 0.858226 -0.259105   0.188407 1.40322 0.0001   0.000333
HR_6 1787064792.372413000 1.000000   1.03105e-12 0.236208 -4.62239e-12   4.40449e-08 -4.18734e-17 0.0001   4.8e-05
QR_4 1787064792.372413000 0.939559   -0.935586 0.853711 -0.255193   0.185347 1.39641 0.0001   4.8e-05
HR_6 1787064792.382414000 1.000000   1.03142e-12 0.236218 -4.62416e-12   4.40617e-08 -4.19162e-17 0.0001   5e-05
QR_4 1787064792.382414000 0.934056   -0.931156 0.847972 -0.250146   0.181148 1.38784 0.0001   5e-05
HR_6 1787064792.392414000 1.000000   1.03172e-12 0.236224 -4.62522e-12   4.40717e-08 -4.19832e-17 0.0001   2.8e-05
QR_4 1787064792.392414000 0.930677   -0.928408 0.844448 -0.247015   0.17858 1.38296 0.0001   2.8e-05
HR_6 1787064792.402414000 1.000000   1.03209e-12 0.236234 -4.62698e-12   4.40885e-08 -4.21041e-17 0.0001   1.8e-05
QR_4 1787064792.402414000 0.924898   -0.923671 0.838424 -0.242082   0.174141 1.37362 0.0001   1.8e-05
HR_6 1787064792.412414000 1.000000   1.03242e-12 0.236242 -4.62839e-12   4.4102e-08 -4.21044e-17 0.0001   6.7e-05
QR_4 1787064792.412414000 0.920163   -0.919754 0.833522 -0.238   0.170557 1.36649 0.0001   6.7e-05
HR_6 1787064792.422414000 1.000000   1.03272e-12 0.236248 -4.62945e-12   4.41121e-08 -4.21532e-17 0.0001   7.5e-05
QR_4 1787064792.422414000 0.916530   -0.916741 0.829779 -0.234852   0.167288 1.3617 0.0001   7.5e-05
HR_6 1787064792.432414000 1.000000   1.03319e-12 0.23626 -4.63156e-12   4.41322e-08 -4.21952e-17 0.0001   3.9e-05
QR_4 1787064792.432414000 0.909085   -0.910478 0.822114 -0.22855   0.159176 1.35148 0.0001   3.9e-05
HR_6 1787064792.442414000 1.000000   1.03362e-12 0.23627 -4.63333e-12   4.4149e-08 -4.22353e-17 0.0001   5.1e-05
QR_4 1787064792.442414000 0.902702   -0.905091 0.815639 -0.223094   0.152203 1.34261 0.0001   5.1e-05
HR_6 1787064792.452414000 1.000000   1.03405e-12 0.23628 -4.63509e-12   4.41658e-08 -4.22709e-17 0.0001   4.2e-05
QR_4 1787064792.452414000 0.896099   -0.899508 0.809114 -0.217426   0.145749 1.3337 0.0001   4.2e-05
HR_6 1787064792.462414000 1.000000   1.03442e-12 0.23629 -4.63685e-12   4.41826e-08 -4.23468e-17 0.0001   7e-06
QR_4 1787064792.462414000 0.889365   -0.893725 0.80253 -0.211697   0.139449 1.3247 0.0001   7e-06
HR_6 1787064792.472414000 1.000000   1.03495e-12 0.236302 -4.63897e-12   4.42028e-08 -4.23866e-17 0.0001   0.000753
QR_4 1787064792.472414000 0.881062   -0.886574 0.794547 -0.204536   0.132437 1.31382 0.0001   0.000753
HR_6 1787064792.482415000 1.000000   1.03519e-12 0.236308 -4.64003e-12   4.42129e-08 -4.23836e-17 0.0001   2e-05
QR_4 1787064792.482415000 0.876824   -0.882887 0.790514 -0.20088   0.129048 1.30795 0.0001   2e-05
HR_6 1787064792.492415000 1.000000   1.03571e-12 0.23632 -4.64214e-12   4.4233e-08 -4.24443e-17 0.0001   4.8e-05
QR_4 1787064792.492415000 0.868196   -0.875325 0.78236 -0.193404   0.122419 1.29556 0.0001   4.8e-05
HR_6 1787064792.502415000 1.000000   1.03595e-12 0.236326 -4.6432e-12   4.42431e-08 -4.24602e-17 0.0001   6e-05
QR_4 1787064792.502415000 0.863800   -0.871458 0.778209 -0.189543   0.119344 1.28921 0.0001   6e-05
HR_6 1787064792.512415000 1.000000   1.03628e-12 0.236334 -4.64461e-12   4.42566e-08 -4.24762e-17 0.0001   4.5e-05
QR_4 1787064792.512415000 0.857840   -0.866223 0.772624 -0.184064   0.115209 1.28032 0.0001   4.5e-05
HR_6 1787064792.522413000 1.000000   1.03671e-12 0.236344 -4.64638e-12   4.42734e-08 -4.25128e-17 0.0001   1e-06
QR_4 1787064792.522413000 0.850259   -0.859528 0.765632 -0.177347   0.109532 1.26874 0.0001   1e-06
HR_6 1787064792.532413000 1.000000   1.03705e-12 0.236352 -4.64779e-12   4.42868e-08 -4.24374e-17 0.0001   0.003861
QR_4 1787064792.532413000 0.844090   -0.854082 0.760042 -0.172188   0.104524 1.26033 0.0001   0.003861
HR_6 1787064792.542413000 1.000000   1.03738e-12 0.23636 -4.6492e-12   4.43002e-08 -4.24296e-17 0.0001   1.9e-05
QR_4 1787064792.542413000 0.837828   -0.84853 0.754459 -0.16744   0.0990955 1.2516 0.0001   1.9e-05
HR_6 1787064792.552413000 1.000000   1.03781e-12 0.23637 -4.65096e-12   4.4317e-08 -4.24731e-17 0.0001   1.5e-05
QR_4 1787064792.552413000 0.829884   -0.841464 0.747462 -0.161331   0.0923666 1.24068 0.0001   1.5e-05
HR_6 1787064792.562413000 1.000000   1.03814e-12 0.236378 -4.65237e-12   4.43305e-08 -4.2501e-17 0.0001   0.002943
QR_4 1787064792.562413000 0.823432   -0.835754 0.741896 -0.156715   0.0873446 1.23305 0.0001   0.002943
HR_6 1787064792.572413000 1.000000   1.03847e-12 0.236386 -4.65378e-12   4.43439e-08 -4.25527e-17 0.0001   1.4e-05
QR_4 1787064792.572413000 0.816889   -0.829976 0.736329 -0.152156   0.0827544 1.22502 0.0001   1.4e-05
HR_6 1787064792.582413000 1.000000   1.03885e-12 0.236396 -4.65555e-12   4.43607e-08 -4.25879e-17 0.0001   8e-06
QR_4 1787064792.582413000 0.808593   -0.822649 0.729353 -0.146005   0.0775617 1.21445 0.0001   8e-06
HR_6 1787064792.592413000 1.000000   1.03914e-12 0.236402 -4.6566e-12   4.43708e-08 -4.26059e-17 0.0001   0.001859
QR_4 1787064792.592413000 0.803579   -0.818203 0.725182 -0.142336   0.0749846 1.2087 0.0001   0.001859
HR_6 1787064792.602413000 1.000000   1.03947e-12 0.23641 -4.65801e-12   4.43843e-08 -4.26915e-17 0.0001   2e-06
QR_4 1787064792.602413000 0.796856   -0.81219 0.71964 -0.137734   0.0724236 1.20134 0.0001   2e-06
HR_6 1787064792.612413000 1.000000   1.03981e-12 0.236418 -4.65943e-12   4.43977e-08 -4.27244e-17 0.0001   5.4e-05
QR_4 1787064792.612413000 0.790025   -0.806121 0.714114 -0.132721   0.0696502 1.19344 0.0001   5.4e-05
HR_6 1787064792.622413000 1.000000   1.03995e-12 0.236422 -4.66013e-12   4.44044e-08 -4.27522e-17 0.0001   2.9e-05
QR_4 1787064792.622413000 0.786610   -0.803048 0.711341 -0.129994   0.0681906 1.18978 0.0001   2.9e-05
HR_6 1787064792.632414000 1.000000   1.04047e-12 0.236434 -4.66225e-12   4.44246e-08 -4.27653e-17 0.0001   7.1e-05
QR_4 1787064792.632414000 0.776284   -0.79368 0.702911 -0.12131   0.0648325 1.17858 0.0001   7.1e-05
HR_6 1787064792.642414000 1.000000   1.04085e-12 0.236444 -4.66401e-12   4.44414e-08 -4.28602e-17 0.0001   6.1e-05
QR_4 1787064792.642414000 0.767576   -0.78578 0.695867 -0.113724   0.0620241 1.16906 0.0001   6.1e-05
HR_6 1787064792.652414000 1.000000   1.04118e-12 0.236452 -4.66542e-12   4.44548e-08 -4.29394e-17 0.0001   3.7e-05
QR_4 1787064792.652414000 0.760563   -0.779364 0.690226 -0.107413   0.0599772 1.16147 0.0001   3.7e-05
HR_6 1787064792.662414000 1.000000   1.04161e-12 0.236462 -4.66718e-12   4.44716e-08 -4.29707e-17 0.0001   3.7e-05
QR_4 1787064792.662414000 0.751782   -0.771257 0.683149 -0.0994406   0.0572854 1.15236 0.0001   3.7e-05
HR_6 1787064792.672414000 1.000000   1.04204e-12 0.236472 -4.66895e-12   4.44884e-08 -4.30466e-17 0.0001   7.7e-05
QR_4 1787064792.672414000 0.742915   -0.763108 0.676082 -0.0918577   0.0541014 1.14268 0.0001   7.7e-05
HR_6 1787064792.682414000 1.000000   1.04237e-12 0.23648 -4.67036e-12   4.45019e-08 -4.3078e-17 0.0001   3.7e-05
QR_4 1787064792.682414000 0.735783   -0.756492 0.670449 -0.0860174   0.0515246 1.13525 0.0001   3.7e-05
HR_6 1787064792.692414000 1.000000   1.04271e-12 0.236488 -4.67177e-12   4.45153e-08 -4.3092e-17 0.0001   5.5e-05
QR_4 1787064792.692414000 0.728605   -0.749771 0.664831 -0.0803147   0.0489902 1.12836 0.0001   5.5e-05
HR_6 1787064792.702414000 1.000000   1.04318e-12 0.2365 -4.67388e-12   4.45355e-08 -4.31542e-17 0.0001   7e-05
QR_4 1787064792.702414000 0.717780   -0.739621 0.656429 -0.0725544   0.0454531 1.11739 0.0001   7e-05
HR_6 1787064792.712414000 1.000000   1.04351e-12 0.236508 -4.6753e-12   4.45489e-08 -4.31891e-17 0.0001   0.000158
QR_4 1787064792.712414000 0.710511   -0.732799 0.650831 -0.0673886   0.0432412 1.10982 0.0001   0.000158
HR_6 1787064792.722414000 1.000000   1.04394e-12 0.236518 -4.67706e-12   4.45657e-08 -4.32009e-17 0.0001   3.8e-05
QR_4 1787064792.722414000 0.701357   -0.724158 0.643868 -0.061394   0.0407045 1.10074 0.0001   3.8e-05
HR_6 1787064792.732415000 1.000000   1.04437e-12 0.236528 -4.67882e-12   4.45825e-08 -4.32408e-17 0.0001   0.000109
QR_4 1787064792.732415000 0.692194   -0.715457 0.636951 -0.0553872   0.0383353 1.09161 0.0001   0.000109
HR_6 1787064792.742415000 1.000000   1.04471e-12 0.236536 -4.68023e-12   4.4596e-08 -4.32296e-17 0.0001   0.000291
QR_4 1787064792.742415000 0.684810   -0.708474 0.631408 -0.0502749   0.0364871 1.08409 0.0001   0.000291
HR_6 1787064792.752415000 1.000000   1.04514e-12 0.236546 -4.682e-12   4.46128e-08 -4.32683e-17 0.0001   4.5e-05
QR_4 1787064792.752415000 0.675508   -0.699683 0.62453 -0.0440252   0.0342938 1.07478 0.0001   4.5e-05
HR_6 1787064792.762415000 1.000000   1.04551e-12 0.236556 -4.68376e-12   4.46296e-08 -4.33113e-17 0.0001   7.7e-05
QR_4 1787064792.762415000 0.666207   -0.690818 0.617683 -0.0373901   0.0322189 1.06568 0.0001   7.7e-05
HR_6 1787064792.772415000 1.000000   1.04595e-12 0.236566 -4.68552e-12   4.46464e-08 -4.33695e-17 0.0001   2.6e-05
QR_4 1787064792.772415000 0.656910   -0.68194 0.610862 -0.0305005   0.0302222 1.05619 0.0001   2.6e-05
HR_6 1787064792.782415000 1.000000   1.04639e-12 0.236576 -4.68729e-12   4.46632e-08 -4.34324e-17 0.0001   3.2e-05
QR_4 1787064792.782415000 0.647595   -0.673019 0.60404 -0.0234423   0.028335 1.04661 0.0001   3.2e-05
HR_6 1787064792.792415000 1.000000   1.04682e-12 0.236586 -4.68905e-12   4.468e-08 -4.34357e-17 0.0001   4e-05
QR_4 1787064792.792415000 0.638252   -0.664005 0.59722 -0.0168449   0.0268117 1.03733 0.0001   4e-05
HR_6 1787064792.802415000 1.000000   1.04719e-12 0.236596 -4.69081e-12   4.46968e-08 -4.3448e-17 0.0001   3.2e-05
QR_4 1787064792.802415000 0.628961   -0.654958 0.590531 -0.0104665   0.0254084 1.02774 0.0001   3.2e-05
HR_6 1787064792.812415000 1.000000   1.04752e-12 0.236604 -4.69222e-12   4.47102e-08 -4.3498e-17 0.0001   4.5e-05
QR_4 1787064792.812415000 0.621510   -0.647714 0.585223 -0.00546325   0.0242162 1.02008 0.0001   4.5e-05
HR_6 1787064792.822415000 1.000000   1.04805e-12 0.236616 -4.69434e-12   4.47304e-08 -4.35562e-17 0.0001   3.8e-05
QR_4 1787064792.822415000 0.610311   -0.636811 0.577398 0.00155087   0.0223102 1.00887 0.0001   3.8e-05
HR_6 1787064792.832416000 1.000000   1.04838e-12 0.236624 -4.69575e-12   4.47438e-08 -4.36939e-17 0.0001   5.2e-05
QR_4 1787064792.832416000 0.602879   -0.629496 0.57222 0.00638437   0.0209357 1.00133 0.0001   5.2e-05
HR_6 1787064792.842416000 1.000000   1.04881e-12 0.236634 -4.69751e-12   4.47606e-08 -4.37432e-17 0.0001   0.001248
QR_4 1787064792.842416000 0.593591   -0.620364 0.565715 0.0126362   0.0191123 0.991947 0.0001   0.001248
HR_6 1787064792.852416000 1.000000   1.04915e-12 0.236642 -4.69892e-12   4.47741e-08 -4.37608e-17 0.0001   3.7e-05
QR_4 1787064792.852416000 0.586175   -0.613067 0.560449 0.0178774   0.0177179 0.984365 0.0001   3.7e-05
HR_6 1787064792.862416000 1.000000   1.04952e-12 0.236652 -4.70069e-12   4.47909e-08 -4.38062e-17 0.0001   0.000288
QR_4 1787064792.862416000 0.576910   -0.603902 0.553883 0.0246773   0.0162099 0.975367 0.0001   0.000288
HR_6 1787064792.872416000 1.000000   1.04985e-12 0.23666 -4.7021e-12   4.48043e-08 -4.3797e-17 0.0001   3e-06
QR_4 1787064792.872416000 0.569521   -0.596578 0.548618 0.0304364   0.0150099 0.968168 0.0001   3e-06
HR_6 1787064792.882414000 1.000000   1.05019e-12 0.236668 -4.70351e-12   4.48177e-08 -4.38097e-17 0.0001   2e-06
QR_4 1787064792.882414000 0.562140   -0.589279 0.543305 0.0363891   0.0137312 0.960688 0.0001   2e-06
HR_6 1787064792.892414000 1.000000   1.05072e-12 0.23668 -4.70563e-12   4.48379e-08 -4.38936e-17 0.0001   4.4e-05
QR_4 1787064792.892414000 0.551099   -0.578305 0.53539 0.0450062   0.0121062 0.94985 0.0001   4.4e-05
HR_6 1787064792.902414000 1.000000   1.05105e-12 0.236688 -4.70704e-12   4.48514e-08 -4.3923e-17 0.0001   0.000929
QR_4 1787064792.902414000 0.543793   -0.570989 0.530166 0.050496   0.0112219 0.942729 0.0001   0.000929
HR_6 1787064792.912413000 1.000000   1.05148e-12 0.236698 -4.7088e-12   4.48682e-08 -4.39612e-17 0.0001   1e-06
QR_4 1787064792.912413000 0.534713   -0.561897 0.523778 0.0565395   0.0104826 0.933736 0.0001   1e-06
HR_6 1787064792.922413000 1.000000   1.05185e-12 0.236708 -4.71056e-12   4.4885e-08 -4.39598e-17 0.0001   3e-06
QR_4 1787064792.922413000 0.525649   -0.552862 0.517484 0.0622749   0.0097885 0.924579 0.0001   3e-06
HR_6 1787064792.932413000 1.000000   1.05214e-12 0.236714 -4.71162e-12   4.4895e-08 -4.39877e-17 0.0001   9.7e-05
QR_4 1787064792.932413000 0.520245   -0.547419 0.513742 0.0655456   0.00954473 0.919303 0.0001   9.7e-05
HR_6 1787064792.942413000 1.000000   1.05248e-12 0.236722 -4.71303e-12   4.49085e-08 -4.40763e-17 0.0001   5.2e-05
QR_4 1787064792.942413000 0.513081   -0.540169 0.508803 0.0700906   0.00906642 0.912328 0.0001   5.2e-05
HR_6 1787064792.952413000 1.000000   1.05291e-12 0.236732 -4.71479e-12   4.49253e-08 -4.4077e-17 0.0001   4.8e-05
QR_4 1787064792.952413000 0.504189   -0.531193 0.502658 0.0760171   0.00886616 0.903522 0.0001   4.8e-05
HR_6 1787064792.962413000 1.000000   1.05324e-12 0.23674 -4.7162e-12   4.49387e-08 -4.41386e-17 0.0001   3.2e-05
QR_4 1787064792.962413000 0.497108   -0.523994 0.497834 0.0799244   0.00879177 0.896581 0.0001   3.2e-05
HR_6 1787064792.972413000 1.000000   1.05338e-12 0.236744 -4.71691e-12   4.49454e-08 -4.41757e-17 0.0001   3.5e-05
QR_4 1787064792.972413000 0.493572   -0.520403 0.495458 0.0814193   0.00909401 0.893087 0.0001   3.5e-05
HR_6 1787064792.982413000 1.000000   1.05381e-12 0.236754 -4.71867e-12   4.49622e-08 -4.42871e-17 0.0001   0.000808
QR_4 1787064792.982413000 0.484807   -0.511453 0.489581 0.0850348   0.0104219 0.884673 0.0001   0.000808
HR_6 1787064792.992413000 1.000000   1.05414e-12 0.236762 -4.72008e-12   4.49757e-08 -4.43513e-17 0.0001   5.4e-05
QR_4 1787064792.992413000 0.477837   -0.504311 0.484907 0.0889275   0.0121837 0.877924 0.0001   5.4e-05
HR_6 1787064793.002413000 1.000000   1.05448e-12 0.23677 -4.72149e-12   4.49891e-08 -4.44235e-17 0.0001   2.7e-05
QR_4 1787064793.002413000 0.470904   -0.497133 0.480268 0.0931827   0.0138898 0.87144 0.0001   2.7e-05
HR_6 1787064793.012413000 1.000000   1.05491e-12 0.23678 -4.72326e-12   4.50059e-08 -4.45131e-17 0.0001   5.9e-05
QR_4 1787064793.012413000 0.462368   -0.488217 0.474516 0.0985512   0.0152522 0.863717 0.0001   5.9e-05
HR_6 1787064793.022414000 1.000000   1.05528e-12 0.23679 -4.72502e-12   4.50227e-08 -4.45849e-17 0.0001   1.5e-05
QR_4 1787064793.022414000 0.453950   -0.479325 0.468833 0.103365   0.0156345 0.856508 0.0001   1.5e-05
HR_6 1787064793.032414000 1.000000   1.05557e-12 0.236796 -4.72608e-12   4.50328e-08 -4.46354e-17 0.0001   2.2e-05
QR_4 1787064793.032414000 0.448951   -0.474006 0.46545 0.105849   0.0155669 0.852186 0.0001   2.2e-05
HR_6 1787064793.042414000 1.000000   1.05591e-12 0.236804 -4.72749e-12   4.50463e-08 -4.47097e-17 0.0001   0.000137
QR_4 1787064793.042414000 0.442342   -0.466941 0.460982 0.10896   0.0148954 0.846885 0.0001   0.000137
HR_6 1787064793.052414000 1.000000   1.05628e-12 0.236814 -4.72925e-12   4.50631e-08 -4.47393e-17 0.0001   2.6e-05
QR_4 1787064793.052414000 0.434179   -0.458174 0.455425 0.112531   0.0140871 0.839829 0.0001   2.6e-05
HR_6 1787064793.062414000 1.000000   1.05661e-12 0.236822 -4.73066e-12   4.50765e-08 -4.4757e-17 0.0001   3e-05
QR_4 1787064793.062414000 0.427701   -0.451242 0.450987 0.114792   0.0138088 0.833823 0.0001   3e-05
HR_6 1787064793.072414000 1.000000   1.05706e-12 0.236832 -4.73243e-12   4.50933e-08 -4.47956e-17 0.0001   0.000858
QR_4 1787064793.072414000 0.419668   -0.442663 0.445492 0.117597   0.0133422 0.826327 0.0001   0.000858
HR_6 1787064793.082414000 1.000000   1.05739e-12 0.23684 -4.73384e-12   4.51067e-08 -4.48438e-17 0.0001   9e-06
QR_4 1787064793.082414000 0.413303   -0.435857 0.441135 0.119854   0.0130704 0.82019 0.0001   9e-06
HR_6 1787064793.092414000 1.000000   1.05782e-12 0.23685 -4.7356e-12   4.51235e-08 -4.49201e-17 0.0001   4.2e-05
QR_4 1787064793.092414000 0.405468   -0.427432 0.435741 0.122534   0.012632 0.812103 0.0001   4.2e-05
HR_6 1787064793.102414000 1.000000   1.05829e-12 0.236862 -4.73772e-12   4.51437e-08 -4.50362e-17 0.0001   4e-05
QR_4 1787064793.102414000 0.396223   -0.417445 0.429333 0.125466   0.0119729 0.802098 0.0001   4e-05
HR_6 1787064793.112412000 1.000000   1.05858e-12 0.236868 -4.73878e-12   4.51538e-08 -4.50722e-17 0.0001   2e-06
QR_4 1787064793.112412000 0.391646   -0.41247 0.426121 0.126638   0.0121998 0.797367 0.0001   2e-06
HR_6 1787064793.122412000 1.000000   1.05896e-12 0.236878 -4.74054e-12   4.51706e-08 -4.51263e-17 0.0001   2.2e-05
QR_4 1787064793.122412000 0.384124   -0.404235 0.420824 0.128224   0.0124465 0.78939 0.0001   2.2e-05
HR_6 1787064793.132412000 1.000000   1.05929e-12 0.236886 -4.74195e-12   4.5184e-08 -4.51619e-17 0.0001   4.6e-05
QR_4 1787064793.132412000 0.378192   -0.397717 0.416602 0.129523   0.0129465 0.782754 0.0001   4.6e-05
HR_6 1787064793.142412000 1.000000   1.05982e-12 0.236898 -4.74407e-12   4.52042e-08 -4.51859e-17 0.0001   0.001515
QR_4 1787064793.142412000 0.369256   -0.387964 0.410168 0.130513   0.0139519 0.775436 0.0001   0.001515
HR_6 1787064793.152412000 1.000000   1.06015e-12 0.236906 -4.74548e-12   4.52176e-08 -4.5225e-17 0.0001   1.7e-05
QR_4 1787064793.152412000 0.363332   -0.381514 0.405897 0.131045   0.014281 0.771523 0.0001   1.7e-05
HR_6 1787064793.162412000 1.000000   1.06049e-12 0.236914 -4.74689e-12   4.52311e-08 -4.53308e-17 0.0001   6e-05
QR_4 1787064793.162412000 0.357529   -0.375113 0.401649 0.131727   0.0144401 0.766879 0.0001   6e-05
HR_6 1787064793.172412000 1.000000   1.06072e-12 0.23692 -4.74795e-12   4.52412e-08 -4.54075e-17 0.0001   1.6e-05
QR_4 1787064793.172412000 0.353227   -0.37035 0.398496 0.132633   0.0146032 0.763133 0.0001   1.6e-05
HR_6 1787064793.182412000 1.000000   1.06105e-12 0.236928 -4.74936e-12   4.52546e-08 -4.54511e-17 0.0001   2e-05
QR_4 1787064793.182412000 0.347509   -0.364043 0.3943 0.134017   0.0146492 0.758315 0.0001   2e-05
HR_6 1787064793.192412000 1.000000   1.06148e-12 0.236938 -4.75112e-12   4.52714e-08 -4.54569e-17 0.0001   0.000128
QR_4 1787064793.192412000 0.340501   -0.356205 0.389066 0.135932   0.0145542 0.752272 0.0001   0.000128
HR_6 1787064793.202412000 1.000000   1.06182e-12 0.236946 -4.75253e-12   4.52848e-08 -4.54572e-17 0.0001   1.2e-05
QR_4 1787064793.202412000 0.334939   -0.350016 0.384763 0.137431   0.0147001 0.747059 0.0001   1.2e-05
HR_6 1787064793.212412000 1.000000   1.06215e-12 0.236954 -4.75394e-12   4.52983e-08 -4.54805e-17 0.0001   5.5e-05
QR_4 1787064793.212412000 0.329467   -0.343909 0.380477 0.138897   0.0149001 0.741781 0.0001   5.5e-05
HR_6 1787064793.222413000 1.000000   1.06248e-12 0.236962 -4.75535e-12   4.53117e-08 -4.55338e-17 0.0001   0.000127
QR_4 1787064793.222413000 0.324043   -0.337805 0.376265 0.140034   0.0149741 0.736784 0.0001   0.000127
HR_6 1787064793.232413000 1.000000   1.06291e-12 0.236972 -4.75712e-12   4.53285e-08 -4.54853e-17 0.0001   0.000797
QR_4 1787064793.232413000 0.317372   -0.330289 0.371024 0.141398   0.0149504 0.730229 0.0001   0.000797
HR_6 1787064793.242413000 1.000000   1.06325e-12 0.23698 -4.75853e-12   4.5342e-08 -4.55887e-17 0.0001   5.3e-05
QR_4 1787064793.242413000 0.312152   -0.324368 0.36678 0.142489   0.0148737 0.725116 0.0001   5.3e-05
HR_6 1787064793.252413000 1.000000   1.06368e-12 0.23699 -4.76029e-12   4.53588e-08 -4.56371e-17 0.0001   6.3e-05
QR_4 1787064793.252413000 0.305687   -0.317039 0.361498 0.142925   0.0144391 0.718435 0.0001   6.3e-05
HR_6 1787064793.262413000 1.000000   1.06401e-12 0.236998 -4.7617e-12   4.53722e-08 -4.56861e-17 0.0001   3e-05
QR_4 1787064793.262413000 0.300639   -0.311271 0.357269 0.142819   0.0140208 0.713218 0.0001   3e-05
HR_6 1787064793.272413000 1.000000   1.06434e-12 0.237006 -4.76311e-12   4.53857e-08 -4.57117e-17 0.0001   9.4e-05
QR_4 1787064793.272413000 0.295705   -0.305571 0.353015 0.142178   0.0136085 0.708419 0.0001   9.4e-05
HR_6 1787064793.282413000 1.000000   1.06472e-12 0.237016 -4.76487e-12   4.54025e-08 -4.58092e-17 0.0001   5.4e-05
QR_4 1787064793.282413000 0.289603   -0.298573 0.347756 0.14135   0.0130338 0.701738 0.0001   5.4e-05
HR_6 1787064793.292413000 1.000000   1.06506e-12 0.237024 -4.76629e-12   4.54159e-08 -4.58709e-17 0.0001   1.6e-05
QR_4 1787064793.292413000 0.284815   -0.293039 0.343522 0.14032   0.0126631 0.696609 0.0001   1.6e-05
HR_6 1787064793.302413000 1.000000   1.06549e-12 0.237034 -4.76805e-12   4.54327e-08 -4.59242e-17 0.0001   5e-06
QR_4 1787064793.302413000 0.278943   -0.286198 0.338322 0.139548   0.0122644 0.6907 0.0001   5e-06
HR_6 1787064793.312413000 1.000000   1.06593e-12 0.237044 -4.76981e-12   4.54495e-08 -4.59932e-17 0.0001   0.002609
QR_4 1787064793.312413000 0.273151   -0.279493 0.333184 0.13928   0.0119865 0.684613 0.0001   0.002609
HR_6 1787064793.322414000 1.000000   1.06616e-12 0.23705 -4.77087e-12   4.54596e-08 -4.60347e-17 0.0001   6.3e-05
QR_4 1787064793.322414000 0.269704   -0.275518 0.3301 0.139196   0.0118304 0.680773 0.0001   6.3e-05
HR_6 1787064793.332414000 1.000000   1.06669e-12 0.237062 -4.77299e-12   4.54798e-08 -4.61299e-17 0.0001   4.6e-05
QR_4 1787064793.332414000 0.262933   -0.267672 0.323965 0.139324   0.0117806 0.673052 0.0001   4.6e-05
HR_6 1787064793.342414000 1.000000   1.06706e-12 0.237072 -4.77475e-12   4.54966e-08 -4.61708e-17 0.0001   2.6e-05
QR_4 1787064793.342414000 0.257452   -0.261264 0.318964 0.139627   0.0119751 0.666798 0.0001   2.6e-05
HR_6 1787064793.352414000 1.000000   1.06749e-12 0.237082 -4.77651e-12   4.55134e-08 -4.61975e-17 0.0001   2.6e-05
QR_4 1787064793.352414000 0.252017   -0.254955 0.314012 0.139741   0.0120806 0.659993 0.0001   2.6e-05
HR_6 1787064793.362414000 1.000000   1.06783e-12 0.23709 -4.77792e-12   4.55268e-08 -4.62657e-17 0.0001   0.000128
QR_4 1787064793.362414000 0.247758   -0.249981 0.310026 0.139894   0.0119541 0.654768 0.0001   0.000128
HR_6 1787064793.372414000 1.000000   1.06826e-12 0.2371 -4.77969e-12   4.55436e-08 -4.6314e-17 0.0001   2.7e-05
QR_4 1787064793.372414000 0.242573   -0.243876 0.305102 0.140163   0.011736 0.648882 0.0001   2.7e-05
HR_6 1787064793.382414000 1.000000   1.06869e-12 0.23711 -4.78145e-12   4.55604e-08 -4.63258e-17 0.0001   8e-06
QR_4 1787064793.382414000 0.237482   -0.237919 0.300236 0.140444   0.0114806 0.643239 0.0001   8e-06
HR_6 1787064793.392414000 1.000000   1.06912e-12 0.23712 -4.78321e-12   4.55772e-08 -4.6385e-17 0.0001   0.002894
QR_4 1787064793.392414000 0.232498   -0.232026 0.295489 0.140594   0.0117999 0.637444 0.0001   0.002894
HR_6 1787064793.402414000 1.000000   1.06945e-12 0.237128 -4.78462e-12   4.55906e-08 -4.63979e-17 0.0001   2.6e-05
QR_4 1787064793.402414000 0.228623   -0.227414 0.291814 0.140749   0.0124657 0.633237 0.0001   2.6e-05
HR_6 1787064793.412414000 1.000000   1.06982e-12 0.237138 -4.78639e-12   4.56075e-08 -4.63998e-17 0.0001   7e-05
QR_4 1787064793.412414000 0.223853   -0.22176 0.287275 0.140812   0.0132367 0.627897 0.0001   7e-05
HR_6 1787064793.422415000 1.000000   1.07025e-12 0.237148 -4.78815e-12   4.56243e-08 -4.63688e-17 0.0001   0.000391
QR_4 1787064793.422415000 0.219121   -0.216209 0.282857 0.140719   0.0140679 0.621879 0.0001   0.000391
HR_6 1787064793.432415000 1.000000   1.07059e-12 0.237156 -4.78956e-12   4.56377e-08 -4.63215e-17 0.0001   0.000114
QR_4 1787064793.432415000 0.215389   -0.211857 0.279449 0.140817   0.0148948 0.61689 0.0001   0.000114
HR_6 1787064793.442415000 1.000000   1.07102e-12 0.237166 -4.79133e-12   4.56545e-08 -4.6347e-17 0.0001   1.5e-05
QR_4 1787064793.442415000 0.210860   -0.206475 0.275273 0.141074   0.0156377 0.61087 0.0001   1.5e-05
HR_6 1787064793.452415000 1.000000   1.07145e-12 0.237176 -4.79309e-12   4.56713e-08 -4.65103e-17 0.0001   0.00148
QR_4 1787064793.452415000 0.206446   -0.20123 0.271133 0.141345   0.0161172 0.60534 0.0001   0.00148
HR_6 1787064793.462415000 1.000000   1.0717e-12 0.237182 -4.79415e-12   4.56814e-08 -4.65218e-17 0.0001   4.7e-05
QR_4 1787064793.462415000 0.203801   -0.198109 0.268713 0.141441   0.0164231 0.601405 0.0001   4.7e-05
HR_6 1787064793.472415000 1.000000   1.07213e-12 0.237192 -4.79591e-12   4.56982e-08 -4.66476e-17 0.0001   2.6e-05
QR_4 1787064793.472415000 0.199423   -0.192975 0.264657 0.141361   0.0169154 0.594391 0.0001   2.6e-05
HR_6 1787064793.482415000 1.000000   1.0726e-12 0.237204 -4.79803e-12   4.57183e-08 -4.67264e-17 0.0001   0.000147
QR_4 1787064793.482415000 0.194304   -0.186969 0.259896 0.141178   0.0176212 0.586382 0.0001   0.000147
HR_6 1787064793.492415000 1.000000   1.07293e-12 0.237212 -4.79944e-12   4.57318e-08 -4.68031e-17 0.0001   0.000254
QR_4 1787064793.492415000 0.190948   -0.183056 0.256793 0.141043   0.0182633 0.580789 0.0001   0.000254
HR_6 1787064793.502415000 1.000000   1.07327e-12 0.23722 -4.80085e-12   4.57452e-08 -4.68657e-17 0.0001   6e-06
QR_4 1787064793.502415000 0.187665   -0.179246 0.253695 0.141051   0.0189262 0.575139 0.0001   6e-06
HR_6 1787064793.512415000 1.000000   1.0737e-12 0.23723 -4.80261e-12   4.5762e-08 -4.69096e-17 0.0001   2.2e-05
QR_4 1787064793.512415000 0.183673   -0.17459 0.249913 0.141034   0.0199743 0.568384 0.0001   2.2e-05
HR_6 1787064793.522416000 1.000000   1.07413e-12 0.23724 -4.80437e-12   4.57788e-08 -4.6999e-17 0.0001   1.1e-05
QR_4 1787064793.522416000 0.179834   -0.170048 0.246216 0.14098   0.0210871 0.561758 0.0001   1.1e-05
HR_6 1787064793.532416000 1.000000   1.07446e-12 0.237248 -4.80578e-12   4.57923e-08 -4.70509e-17 0.0001   6e-06
QR_4 1787064793.532416000 0.176796   -0.166524 0.24332 0.140983   0.0217695 0.55647 0.0001   6e-06
HR_6 1787064793.542416000 1.000000   1.07479e-12 0.237256 -4.8072e-12   4.58057e-08 -4.71254e-17 0.0001   2.1e-05
QR_4 1787064793.542416000 0.173766   -0.163095 0.240438 0.140914   0.0226335 0.551654 0.0001   2.1e-05
HR_6 1787064793.552416000 0.999893   -9.43732e-10 0.237311 4.48369e-09   -0.000449101 6.25607e-09 0.0001   1.4e-05
QR_4 1787064793.552416000 0.170338   -0.158615 0.237269 0.138199   0.016859 0.547202 0.0001   1.4e-05
HR_6 1787064793.562416000 0.999893   -1.09462e-09 0.237321 4.95747e-09   -0.000449102 6.74692e-09 0.0001   1.6e-05
QR_4 1787064793.562416000 0.167024   -0.154272 0.234185 0.135397   0.0113271 0.542476 0.0001   1.6e-05
HR_6 1787064793.572416000 0.999893   -1.09462e-09 0.237331 4.95747e-09   -0.000449102 6.74692e-09 0.0001   7e-06
QR_4 1787064793.572416000 0.163751   -0.150041 0.231203 0.132612   0.00652237 0.538621 0.0001   7e-06
HR_6 1787064793.582416000 0.999893   -1.09462e-09 0.237339 4.95747e-09   -0.000449102 6.74692e-09 0.0001   3.6e-05
QR_4 1787064793.582416000 0.161197   -0.146734 0.228881 0.130989   0.00408748 0.536074 0.0001   3.6e-05
HR_6 1787064793.592416000 0.999864   -1.60361e-09 0.237361 7.47314e-09   -0.000573045 1.11038e-08 0.0001   2e-05
QR_4 1787064793.592416000 0.158197   -0.142579 0.226165 0.129176   0.00139331 0.53246 0.0001   2e-05
HR_6 1787064793.602411000 0.999864   -1.6882e-09 0.237371 7.72989e-09   -0.000573046 1.14177e-08 0.0001   2e-06
QR_4 1787064793.602411000 0.155274   -0.138471 0.223487 0.127735   0.000598228 0.529223 0.0001   2e-06
HR_6 1787064793.612412000 0.999864   -1.68821e-09 0.237379 7.7299e-09   -0.000573046 1.14177e-08 0.0001   3.3e-05
QR_4 1787064793.612412000 0.152991   -0.135292 0.221346 0.127219   0.0014138 0.527503 0.0001   3.3e-05
HR_6 1787064793.622412000 0.999864   -1.72551e-09 0.237391 7.84149e-09   -0.000573047 1.15621e-08 0.0001   1.2e-05
QR_4 1787064793.622412000 0.149689   -0.130657 0.218136 0.12767   0.00411144 0.526443 0.0001   1.2e-05
HR_6 1787064793.632412000 0.999864   -1.72551e-09 0.237397 7.84149e-09   -0.000573047 1.15621e-08 0.0001   6e-05
QR_4 1787064793.632412000 0.148038   -0.128401 0.216553 0.127998   0.0057072 0.525351 0.0001   6e-05
HR_6 1787064793.642412000 0.999864   -1.72551e-09 0.237407 7.84149e-09   -0.000573047 1.15621e-08 0.0001   4.7e-05
QR_4 1787064793.642412000 0.145386   -0.124817 0.213894 0.128222   0.00764693 0.523677 0.0001   4.7e-05
HR_6 1787064793.652412000 0.999864   -1.72551e-09 0.237417 7.84149e-09   -0.000573047 1.15621e-08 0.0001   3.3e-05
QR_4 1787064793.652412000 0.142820   -0.121391 0.211289 0.127401   0.00846362 0.521847 0.0001   3.3e-05
HR_6 1787064793.662412000 0.999864   -1.72551e-09 0.237425 7.84149e-09   -0.000573047 1.15621e-08 0.0001   5.5e-05
QR_4 1787064793.662412000 0.140845   -0.118748 0.209223 0.126346   0.00863957 0.520087 0.0001   5.5e-05
HR_6 1787064793.672412000 0.999864   -1.72551e-09 0.237435 7.84149e-09   -0.000573047 1.15622e-08 0.0001   4.8e-05
QR_4 1787064793.672412000 0.138388   -0.115556 0.206695 0.125912   0.00797169 0.517994 0.0001   4.8e-05
HR_6 1787064793.682412000 0.999864   -1.7255e-09 0.237443 7.84149e-09   -0.000573047 1.15622e-08 0.0001   7.1e-05
QR_4 1787064793.682412000 0.136428   -0.113048 0.20472 0.12579   0.00741071 0.516015 0.0001   7.1e-05
HR_6 1787064793.692412000 0.999864   -1.7255e-09 0.237453 7.84149e-09   -0.000573047 1.15622e-08 0.0001   4.5e-05
QR_4 1787064793.692412000 0.134089   -0.110029 0.202259 0.125534   0.00697981 0.513483 0.0001   4.5e-05
HR_6 1787064793.702412000 0.999864   -1.7255e-09 0.237461 7.84149e-09   -0.000573048 1.15622e-08 0.0001   0.000419
QR_4 1787064793.702412000 0.132257   -0.107704 0.200308 0.124892   0.00676145 0.511805 0.0001   0.000419
HR_6 1787064793.712413000 0.999864   -1.7255e-09 0.237471 7.84149e-09   -0.000573048 1.15622e-08 0.0001   3.6e-05
QR_4 1787064793.712413000 0.130020   -0.104895 0.197889 0.12408   0.00715054 0.510107 0.0001   3.6e-05
HR_6 1787064793.722413000 0.999864   -1.7255e-09 0.237481 7.84149e-09   -0.000573048 1.15622e-08 0.0001   0.000933
QR_4 1787064793.722413000 0.127861   -0.102198 0.195497 0.122823   0.00784373 0.507723 0.0001   0.000933
HR_6 1787064793.732413000 0.999864   -1.7255e-09 0.237489 7.84149e-09   -0.000573048 1.15622e-08 0.0001   4.3e-05
QR_4 1787064793.732413000 0.126169   -0.100123 0.19359 0.121583   0.00817989 0.506504 0.0001   4.3e-05
HR_6 1787064793.742413000 0.999864   -1.7255e-09 0.237497 7.8415e-09   -0.000573048 1.15622e-08 0.0001   9.2e-05
QR_4 1787064793.742413000 0.124517   -0.0981144 0.191638 0.120129   0.0084637 0.504494 0.0001   9.2e-05
HR_6 1787064793.752413000 0.999864   -1.7255e-09 0.237507 7.8415e-09   -0.000573048 1.15622e-08 0.0001   4.5e-05
QR_4 1787064793.752413000 0.122535   -0.0956916 0.189227 0.11806   0.00856425 0.501849 0.0001   4.5e-05
HR_6 1787064793.762413000 0.999864   -1.7255e-09 0.237515 7.8415e-09   -0.000573048 1.15622e-08 0.0001   4.1e-05
QR_4 1787064793.762413000 0.120973   -0.0938324 0.187311 0.116439   0.00808885 0.499613 0.0001   4.1e-05
HR_6 1787064793.772413000 0.999864   -1.7255e-09 0.237529 7.8415e-09   -0.000573049 1.15622e-08 0.0001   0.002318
QR_4 1787064793.772413000 0.118358   -0.0906737 0.183818 0.113742   0.00519657 0.49575 0.0001   0.002318
HR_6 1787064793.782413000 0.999864   -1.7255e-09 0.237535 7.8415e-09   -0.000573049 1.15622e-08 0.0001   4.1e-05
QR_4 1787064793.782413000 0.117284   -0.0893744 0.182321 0.112674   0.00411331 0.494096 0.0001   4.1e-05
HR_6 1787064793.792413000 0.999864   -1.7255e-09 0.237545 7.8415e-09   -0.000573049 1.15622e-08 0.0001   3.3e-05
QR_4 1787064793.792413000 0.115523   -0.0872957 0.179823 0.110916   0.00283778 0.492239 0.0001   3.3e-05
HR_6 1787064793.802413000 0.999864   -1.7255e-09 0.237553 7.8415e-09   -0.000573049 1.15622e-08 0.0001   0.00096
QR_4 1787064793.802413000 0.114158   -0.0857093 0.177878 0.109541   0.00247089 0.490038 0.0001   0.00096
HR_6 1787064793.812414000 0.999864   -1.7255e-09 0.237563 7.8415e-09   -0.000573049 1.15622e-08 0.0001   2.1e-05
QR_4 1787064793.812414000 0.112483   -0.0838224 0.175456 0.10769   0.00257378 0.486666 0.0001   2.1e-05
HR_6 1787064793.822414000 0.999864   -1.7255e-09 0.237573 7.8415e-09   -0.000573049 1.15622e-08 0.0001   8.1e-05
QR_4 1787064793.822414000 0.110871   -0.0820287 0.173058 0.105774   0.00310695 0.483999 0.0001   8.1e-05
HR_6 1787064793.832414000 0.999864   -1.7255e-09 0.237581 7.8415e-09   -0.000573049 1.15622e-08 0.0001   0.001729
QR_4 1787064793.832414000 0.109611   -0.080644 0.171147 0.104366   0.00374504 0.482455 0.0001   0.001729
HR_6 1787064793.842414000 0.999864   -1.7255e-09 0.237589 7.8415e-09   -0.000573049 1.15622e-08 0.0001   3.5e-05
QR_4 1787064793.842414000 0.108380   -0.0793231 0.169241 0.102863   0.00449345 0.480172 0.0001   3.5e-05
HR_6 1787064793.852414000 0.999864   -1.7255e-09 0.237597 7.8415e-09   -0.00057305 1.15622e-08 0.0001   8e-05
QR_4 1787064793.852414000 0.107174   -0.0780471 0.167356 0.100911   0.00502115 0.479029 0.0001   8e-05
HR_6 1787064793.862414000 0.999864   -1.7255e-09 0.237605 7.8415e-09   -0.00057305 1.15622e-08 0.0001   2.4e-05
QR_4 1787064793.862414000 0.106004   -0.0768113 0.165554 0.0983166   0.00532999 0.478219 0.0001   2.4e-05
HR_6 1787064793.872414000 0.999864   -1.7255e-09 0.237615 7.8415e-09   -0.00057305 1.15622e-08 0.0001   9.4e-05
QR_4 1787064793.872414000 0.104609   -0.0753312 0.163306 0.0952359   0.00543091 0.476731 0.0001   9.4e-05
HR_6 1787064793.882414000 0.999864   -1.7255e-09 0.237623 7.8415e-09   -0.00057305 1.15622e-08 0.0001   0.000883
QR_4 1787064793.882414000 0.103538   -0.0742356 0.161512 0.0927336   0.00542061 0.475616 0.0001   0.000883
HR_6 1787064793.892414000 0.999864   -1.7255e-09 0.237631 7.8415e-09   -0.00057305 1.15622e-08 0.0001   4.1e-05
QR_4 1787064793.892414000 0.102500   -0.0732013 0.159747 0.0896277   0.00542485 0.474077 0.0001   4.1e-05
HR_6 1787064793.902414000 0.999864   -1.7255e-09 0.237641 7.8415e-09   -0.00057305 1.15622e-08 0.0001   4.5e-05
QR_4 1787064793.902414000 0.101236   -0.0719889 0.157614 0.0857528   0.00546025 0.471359 0.0001   4.5e-05
HR_6 1787064793.912415000 0.999864   -1.7255e-09 0.237647 7.8415e-09   -0.00057305 1.15622e-08 0.0001   4e-05
QR_4 1787064793.912415000 0.100521   -0.0713015 0.156359 0.083603   0.00546609 0.4698 0.0001   4e-05
HR_6 1787064793.922415000 0.999864   -1.7255e-09 0.237657 7.8415e-09   -0.00057305 1.15622e-08 0.0001   0.000296
QR_4 1787064793.922415000 0.099367   -0.0702207 0.154396 0.0807636   0.00539686 0.466587 0.0001   0.000296
HR_6 1787064793.932415000 0.999864   -1.7255e-09 0.237665 7.8415e-09   -0.000573051 1.15622e-08 0.0001   4e-05
QR_4 1787064793.932415000 0.098483   -0.069406 0.152886 0.0790516   0.00528814 0.463535 0.0001   4e-05
HR_6 1787064793.942415000 0.999864   -1.7255e-09 0.237677 7.8415e-09   -0.000573051 1.15622e-08 0.0001   8.1e-05
QR_4 1787064793.942415000 0.097198   -0.0682728 0.150651 0.0767658   0.00503686 0.459953 0.0001   8.1e-05
HR_6 1787064793.952415000 0.999864   -1.7255e-09 0.237683 7.8415e-09   -0.000573051 1.15622e-08 0.0001   7.1e-05
QR_4 1787064793.952415000 0.096576   -0.0677461 0.149528 0.0757084   0.0049388 0.457524 0.0001   7.1e-05
HR_6 1787064793.962415000 0.999864   -1.72549e-09 0.237693 7.8415e-09   -0.000573051 1.15622e-08 0.0001   0.002791
QR_4 1787064793.962415000 0.095578   -0.0669291 0.147655 0.0739063   0.00489998 0.452748 0.0001   0.002791
HR_6 1787064793.972415000 0.999864   -1.72549e-09 0.237701 7.8415e-09   -0.000573051 1.15622e-08 0.0001   0.000944
QR_4 1787064793.972415000 0.094794   -0.0663261 0.146165 0.0722775   0.00480139 0.449852 0.0001   0.000944
HR_6 1787064793.982415000 0.999864   -1.72549e-09 0.237711 7.8415e-09   -0.000573051 1.15622e-08 0.0001   0.000102
QR_4 1787064793.982415000 0.093846   -0.0656241 0.144341 0.0698958   0.00476664 0.446588 0.0001   0.000102
HR_6 1787064793.992415000 0.999864   -1.72549e-09 0.237721 7.84151e-09   -0.000573051 1.15622e-08 0.0001   4.3e-05
QR_4 1787064793.992415000 0.092933   -0.0649927 0.142541 0.0672543   0.00481794 0.442444 0.0001   4.3e-05
HR_6 1787064794.002415000 0.999864   -1.72549e-09 0.237729 7.84151e-09   -0.000573051 1.15622e-08 0.0001   2.5e-05
QR_4 1787064794.002415000 0.092226   -0.0645286 0.141066 0.0653935   0.00488496 0.439487 0.0001   2.5e-05
HR_6 1787064794.012416000 0.999864   -1.72549e-09 0.237739 7.84151e-09   -0.000573052 1.15622e-08 0.0001   0.001445
QR_4 1787064794.012416000 0.091378   -0.0639797 0.139247 0.0629827   0.00499068 0.436287 0.0001   0.001445
HR_6 1787064794.022416000 0.999864   -1.72549e-09 0.237747 7.84151e-09   -0.000573052 1.15622e-08 0.0001   1.1e-05
QR_4 1787064794.022416000 0.090719   -0.0635591 0.137848 0.0607885   0.00502414 0.434236 0.0001   1.1e-05
HR_6 1787064794.032416000 0.999864   -1.72549e-09 0.237755 7.84151e-09   -0.000573052 1.15623e-08 0.0001   0.000244
QR_4 1787064794.032416000 0.090063   -0.0631796 0.136472 0.0583842   0.00497722 0.432624 0.0001   0.000244
HR_6 1787064794.042416000 0.999864   -1.72549e-09 0.237765 7.84151e-09   -0.000573052 1.15623e-08 0.0001   6.8e-05
QR_4 1787064794.042416000 0.089276   -0.062731 0.134804 0.0553692   0.00489004 0.430441 0.0001   6.8e-05
HR_6 1787064794.052416000 0.999864   -1.72549e-09 0.237773 7.84151e-09   -0.000573052 1.15623e-08 0.0001   3.4e-05
QR_4 1787064794.052416000 0.088663   -0.0623988 0.133491 0.053309   0.00477168 0.428629 0.0001   3.4e-05
HR_6 1787064794.062416000 0.999864   -1.72549e-09 0.237783 7.84151e-09   -0.000573052 1.15623e-08 0.0001   5.1e-05
QR_4 1787064794.062416000 0.087916   -0.0620394 0.131889 0.0512138   0.00454573 0.426303 0.0001   5.1e-05
HR_6 1787064794.072416000 0.999864   -1.72549e-09 0.237789 7.84151e-09   -0.000573052 1.15623e-08 0.0001   2.2e-05
QR_4 1787064794.072416000 0.087484   -0.0618426 0.130946 0.050155   0.00435399 0.424966 0.0001   2.2e-05
HR_6 1787064794.082416000 0.999864   -1.72549e-09 0.237797 7.84151e-09   -0.000573052 1.15623e-08 0.0001   2.3e-05
QR_4 1787064794.082416000 0.086910   -0.0616059 0.129696 0.0484301   0.00410402 0.423009 0.0001   2.3e-05
HR_6 1787064794.092416000 0.999864   -1.72549e-09 0.237807 7.84151e-09   -0.000573053 1.15623e-08 0.0001   8.9e-05
QR_4 1787064794.092416000 0.086236   -0.0613418 0.128142 0.0461605   0.00382707 0.420808 0.0001   8.9e-05
HR_6 1787064794.102416000 0.999864   -1.72549e-09 0.237813 7.84151e-09   -0.000573053 1.15623e-08 0.0001   2.7e-05
QR_4 1787064794.102416000 0.085839   -0.0612117 0.127221 0.0446439   0.00367401 0.418915 0.0001   2.7e-05
HR_6 1787064794.112417000 0.999864   -1.72549e-09 0.237821 7.84151e-09   -0.000573053 1.15623e-08 0.0001   4.4e-05
QR_4 1787064794.112417000 0.085319   -0.0610707 0.125915 0.0425842   0.00346765 0.415651 0.0001   4.4e-05
HR_6 1787064794.122417000 0.999864   -1.72549e-09 0.237833 7.84151e-09   -0.000573053 1.15623e-08 0.0001   2.9e-05
QR_4 1787064794.122417000 0.084555   -0.0608986 0.12399 0.0395597   0.00320262 0.410781 0.0001   2.9e-05
HR_6 1787064794.132417000 0.999864   -1.72549e-09 0.237841 7.84151e-09   -0.000573053 1.15623e-08 0.0001   5.3e-05
QR_4 1787064794.132417000 0.084058   -0.0608169 0.122758 0.0379301   0.00304905 0.406975 0.0001   5.3e-05
HR_6 1787064794.142417000 0.999864   -1.72549e-09 0.237849 7.84151e-09   -0.000573053 1.15623e-08 0.0001   0.00197
QR_4 1787064794.142417000 0.083569   -0.0607594 0.121534 0.0364364   0.00296085 0.403027 0.0001   0.00197
HR_6 1787064794.152417000 0.999864   -1.72549e-09 0.237859 7.84151e-09   -0.000573053 1.15623e-08 0.0001   1.4e-05
QR_4 1787064794.152417000 0.082959   -0.0607183 0.120037 0.0346341   0.00294848 0.398554 0.0001   1.4e-05
HR_6 1787064794.162417000 0.999864   -1.72549e-09 0.237869 7.84151e-09   -0.000573053 1.15623e-08 0.0001   1.9e-05
QR_4 1787064794.162417000 0.082368   -0.0607045 0.118521 0.0328444   0.00299624 0.394469 0.0001   1.9e-05
HR_6 1787064794.172406000 0.999864   -1.72549e-09 0.237875 7.84151e-09   -0.000573054 1.15623e-08 0.0001   2e-06
QR_4 1787064794.172406000 0.082024   -0.0607156 0.117674 0.0317127   0.00312767 0.391853 0.0001   2e-06
HR_6 1787064794.182406000 0.999864   -1.72549e-09 0.237883 7.84151e-09   -0.000573054 1.15623e-08 0.0001   2.9e-05
QR_4 1787064794.182406000 0.081572   -0.0607366 0.116576 0.0302083   0.00321293 0.388552 0.0001   2.9e-05
HR_6 1787064794.192406000 0.999864   -1.72549e-09 0.237893 7.84151e-09   -0.000573054 1.15623e-08 0.0001   7.7e-05
QR_4 1787064794.192406000 0.081023   -0.0607711 0.115207 0.0283601   0.00332636 0.385452 0.0001   7.7e-05
HR_6 1787064794.202406000 0.999864   -1.72549e-09 0.237899 7.84151e-09   -0.000573054 1.15623e-08 0.0001   4.3e-05
QR_4 1787064794.202406000 0.080694   -0.0608049 0.114379 0.0273089   0.0032984 0.38333 0.0001   4.3e-05
HR_6 1787064794.212406000 0.999864   -1.72549e-09 0.237909 7.84151e-09   -0.000573054 1.15623e-08 0.0001   3e-05
QR_4 1787064794.212406000 0.080153   -0.0608743 0.112862 0.0256671   0.00322876 0.379807 0.0001   3e-05
HR_6 1787064794.222406000 0.999864   -1.72549e-09 0.237917 7.84151e-09   -0.000573054 1.15623e-08 0.0001   8.1e-05
QR_4 1787064794.222406000 0.079734   -0.0609389 0.111637 0.0243563   0.00313854 0.377575 0.0001   8.1e-05
HR_6 1787064794.232406000 0.999864   -1.72549e-09 0.237923 7.84151e-09   -0.000573054 1.15623e-08 0.0001   4.5e-05
QR_4 1787064794.232406000 0.079425   -0.0609966 0.110706 0.023342   0.00313903 0.375391 0.0001   4.5e-05
HR_6 1787064794.242406000 0.999864   -1.72549e-09 0.237933 7.84151e-09   -0.000573054 1.15623e-08 0.0001   0.00014
QR_4 1787064794.242406000 0.078929   -0.0611026 0.109064 0.0216368   0.00336008 0.372403 0.0001   0.00014
HR_6 1787064794.252406000 0.999864   -1.72548e-09 0.237943 7.84152e-09   -0.000573055 1.15623e-08 0.0001   0.000218
QR_4 1787064794.252406000 0.078446   -0.0612159 0.107394 0.01998   0.00354304 0.370136 0.0001   0.000218
HR_6 1787064794.262406000 0.999864   -1.72548e-09 0.237949 7.84152e-09   -0.000573055 1.15623e-08 0.0001   5.4e-05
QR_4 1787064794.262406000 0.078157   -0.061291 0.106305 0.0190637   0.00358142 0.368313 0.0001   5.4e-05
HR_6 1787064794.272406000 0.999864   -1.72548e-09 0.237959 7.84152e-09   -0.000573055 1.15623e-08 0.0001   3.5e-05
QR_4 1787064794.272406000 0.077688   -0.061426 0.10437 0.0177142   0.00351416 0.364773 0.0001   3.5e-05
HR_6 1787064794.282407000 0.999864   -1.72548e-09 0.237969 7.84152e-09   -0.000573055 1.15623e-08 0.0001   7.3e-05
QR_4 1787064794.282407000 0.077238   -0.0615846 0.102476 0.0165381   0.00331226 0.362083 0.0001   7.3e-05
HR_6 1787064794.292407000 0.999864   -1.72548e-09 0.237975 7.84152e-09   -0.000573055 1.15623e-08 0.0001   0.00038
QR_4 1787064794.292407000 0.076966   -0.0616856 0.101385 0.0157438   0.00317019 0.360097 0.0001   0.00038
HR_6 1787064794.302407000 0.999864   -1.72548e-09 0.237985 7.84152e-09   -0.000573055 1.15623e-08 0.0001   1.2e-05
QR_4 1787064794.302407000 0.076516   -0.0618846 0.0996664 0.0141419   0.00292286 0.357922 0.0001   1.2e-05
HR_6 1787064794.312407000 0.999864   -1.72548e-09 0.237995 7.84152e-09   -0.000573055 1.15623e-08 0.0001   6e-05
QR_4 1787064794.312407000 0.076074   -0.0621004 0.097897 0.012486   0.00276497 0.355 0.0001   6e-05
HR_6 1787064794.322407000 0.999864   -1.72548e-09 0.238001 7.84152e-09   -0.000573055 1.15623e-08 0.0001   2.1e-05
QR_4 1787064794.322407000 0.075813   -0.0622364 0.0968742 0.011479   0.00266878 0.353798 0.0001   2.1e-05
HR_6 1787064794.332402000 0.999864   -1.72548e-09 0.238011 7.84152e-09   -0.000573055 1.15623e-08 0.0001   2e-06
QR_4 1787064794.332402000 0.075380   -0.0624696 0.095252 0.00969876   0.00241088 0.35204 0.0001   2e-06
HR_6 1787064794.342403000 0.999864   -1.72548e-09 0.238019 7.84152e-09   -0.000573056 1.15623e-08 0.0001   2.8e-05
QR_4 1787064794.342403000 0.075045   -0.0626542 0.0939493 0.00852996   0.00224291 0.350343 0.0001   2.8e-05
HR_6 1787064794.352403000 0.999864   -1.72548e-09 0.238027 7.84152e-09   -0.000573056 1.15623e-08 0.0001   3.9e-05
QR_4 1787064794.352403000 0.074708   -0.0628423 0.0926545 0.00763987   0.00212261 0.349256 0.0001   3.9e-05
HR_6 1787064794.362403000 0.999864   -1.72548e-09 0.238039 7.84152e-09   -0.000573056 1.15623e-08 0.0001   2.6e-05
QR_4 1787064794.362403000 0.074205   -0.0631296 0.090758 0.00654957   0.00199938 0.347481 0.0001   2.6e-05
HR_6 1787064794.372403000 0.999864   -1.72548e-09 0.238047 7.84152e-09   -0.000573056 1.15623e-08 0.0001   0.002208
QR_4 1787064794.372403000 0.073894   -0.063321 0.0895297 0.00646497   0.00200151 0.346165 0.0001   0.002208
HR_6 1787064794.382403000 0.999864   -1.72548e-09 0.238055 7.84152e-09   -0.000573056 1.15623e-08 0.0001   1.4e-05
QR_4 1787064794.382403000 0.073579   -0.0635035 0.0883369 0.00659902   0.00204056 0.344064 0.0001   1.4e-05
HR_6 1787064794.392403000 0.999864   -1.72548e-09 0.238065 7.84152e-09   -0.000573056 1.15623e-08 0.0001   4.4e-05
QR_4 1787064794.392403000 0.073193   -0.0637613 0.0868859 0.00664888   0.00204221 0.342722 0.0001   4.4e-05
HR_6 1787064794.402403000 0.999864   -1.72548e-09 0.238073 7.84152e-09   -0.000573056 1.15624e-08 0.0001   3.4e-05
QR_4 1787064794.402403000 0.072871   -0.0639624 0.0857672 0.00649753   0.00196009 0.34087 0.0001   3.4e-05
HR_6 1787064794.412403000 0.999864   -1.72548e-09 0.238083 7.84152e-09   -0.000573057 1.15624e-08 0.0001   6.3e-05
QR_4 1787064794.412403000 0.072476   -0.0642087 0.0845155 0.00566378   0.00188649 0.337592 0.0001   6.3e-05
HR_6 1787064794.422403000 0.999864   -1.72548e-09 0.238089 7.84152e-09   -0.000573057 1.15624e-08 0.0001   5.9e-05
QR_4 1787064794.422403000 0.072244   -0.0643576 0.0837445 0.00500607   0.00187022 0.336159 0.0001   5.9e-05
HR_6 1787064794.432403000 0.999864   -1.72548e-09 0.238097 7.84152e-09   -0.000573057 1.15624e-08 0.0001   2.5e-05
QR_4 1787064794.432403000 0.071936   -0.0645565 0.0827786 0.0041012   0.00174423 0.333708 0.0001   2.5e-05
HR_6 1787064794.442404000 0.999864   -1.72548e-09 0.238107 7.84152e-09   -0.000573057 1.15624e-08 0.0001   4.7e-05
QR_4 1787064794.442404000 0.071565   -0.0648087 0.0816998 0.00300161   0.00148068 0.330009 0.0001   4.7e-05
HR_6 1787064794.452404000 0.999864   -1.72548e-09 0.238115 7.84152e-09   -0.000573057 1.15624e-08 0.0001   5.8e-05
QR_4 1787064794.452404000 0.071266   -0.0650049 0.0808568 0.00224735   0.00123991 0.327502 0.0001   5.8e-05
HR_6 1787064794.462404000 0.999864   -1.72548e-09 0.238121 7.84152e-09   -0.000573057 1.15624e-08 0.0001   5.4e-05
QR_4 1787064794.462404000 0.071044   -0.0651512 0.0803154 0.0017858   0.00100211 0.325631 0.0001   5.4e-05
HR_6 1787064794.472404000 0.999864   -1.72548e-09 0.238133 7.84152e-09   -0.000573057 1.15624e-08 0.0001   5.4e-05
QR_4 1787064794.472404000 0.070602   -0.0654454 0.0792331 0.000898172   0.000631685 0.321078 0.0001   5.4e-05
HR_6 1787064794.482404000 0.999864   -1.72548e-09 0.238143 7.84152e-09   -0.000573057 1.15624e-08 0.0001   0.000323
QR_4 1787064794.482404000 0.070233   -0.0656877 0.0783091 0.000243853   0.000468036 0.317255 0.0001   0.000323
HR_6 1787064794.492404000 0.999864   -1.72548e-09 0.238151 7.84152e-09   -0.000573058 1.15624e-08 0.0001   1.8e-05
QR_4 1787064794.492404000 0.069939   -0.0658846 0.0775413 -0.000396176   0.000320967 0.314378 0.0001   1.8e-05
HR_6 1787064794.502404000 0.999864   -1.72548e-09 0.238159 7.84152e-09   -0.000573058 1.15624e-08 0.0001   4.2e-05
QR_4 1787064794.502404000 0.069642   -0.0660946 0.0767878 -0.00106525   0.000220012 0.311415 0.0001   4.2e-05
HR_6 1787064794.512404000 0.999864   -1.72548e-09 0.238169 7.84152e-09   -0.000573058 1.15624e-08 0.0001   4.7e-05
QR_4 1787064794.512404000 0.069260   -0.0663479 0.0758519 -0.00204732   4.64182e-05 0.307279 0.0001   4.7e-05
HR_6 1787064794.522404000 0.999864   -1.72548e-09 0.238177 7.84152e-09   -0.000573058 1.15624e-08 0.0001   0.000413
QR_4 1787064794.522404000 0.068949   -0.0665478 0.0749592 -0.00287917   -0.000185665 0.303682 0.0001   0.000413
HR_6 1787064794.532404000 0.999864   -1.72547e-09 0.238185 7.84153e-09   -0.000573058 1.15624e-08 0.0001   5.3e-05
QR_4 1787064794.532404000 0.068635   -0.0667629 0.0739859 -0.00365816   -0.000343138 0.300173 0.0001   5.3e-05
HR_6 1787064794.542405000 0.999864   -1.72547e-09 0.238197 7.84153e-09   -0.000573058 1.15624e-08 0.0001   5.4e-05
QR_4 1787064794.542405000 0.068169   -0.067065 0.0725532 -0.00469246   -0.000343912 0.294656 0.0001   5.4e-05
HR_6 1787064794.552405000 0.999864   -1.72547e-09 0.238205 7.84153e-09   -0.000573058 1.15624e-08 0.0001   6.2e-05
QR_4 1787064794.552405000 0.067861   -0.0672636 0.071546 -0.00542179   -0.000373789 0.291373 0.0001   6.2e-05
HR_6 1787064794.562405000 0.999864   -1.72547e-09 0.238215 7.84153e-09   -0.000573058 1.15624e-08 0.0001   4.7e-05
QR_4 1787064794.562405000 0.067476   -0.0675331 0.0702983 -0.00622924   -0.000489982 0.28836 0.0001   4.7e-05
HR_6 1787064794.572405000 0.999864   -1.72547e-09 0.238223 7.84153e-09   -0.000573059 1.15624e-08 0.0001   0.002402
QR_4 1787064794.572405000 0.067162   -0.0677394 0.0693178 -0.0066856   -0.000760156 0.285435 0.0001   0.002402
HR_6 1787064794.582405000 0.999864   -1.72547e-09 0.238229 7.84153e-09   -0.000573059 1.15624e-08 0.0001   5.7e-05
QR_4 1787064794.582405000 0.066930   -0.0678867 0.0686071 -0.00676242   -0.00127909 0.283192 0.0001   5.7e-05
HR_6 1787064794.592405000 0.999864   -1.72547e-09 0.238239 7.84153e-09   -0.000573059 1.15624e-08 0.0001   6.9e-05
QR_4 1787064794.592405000 0.066559   -0.0681311 0.0674264 -0.00679125   -0.00216926 0.280491 0.0001   6.9e-05
HR_6 1787064794.602405000 0.999864   -1.72547e-09 0.238247 7.84153e-09   -0.000573059 1.15624e-08 0.0001   3.5e-05
QR_4 1787064794.602405000 0.066242   -0.0683009 0.0664867 -0.00681987   -0.00286857 0.277279 0.0001   3.5e-05
HR_6 1787064794.612405000 0.999864   -1.72547e-09 0.238257 7.84153e-09   -0.000573059 1.15624e-08 0.0001   3.5e-05
QR_4 1787064794.612405000 0.065849   -0.0685256 0.0653027 -0.00686659   -0.00386557 0.273678 0.0001   3.5e-05
HR_6 1787064794.622405000 0.999864   -1.72547e-09 0.238267 7.84153e-09   -0.000573059 1.15624e-08 0.0001   2.8e-05
QR_4 1787064794.622405000 0.065484   -0.0687326 0.0641448 -0.00694579   -0.00462728 0.271419 0.0001   2.8e-05
HR_6 1787064794.632405000 0.999864   -1.72547e-09 0.238273 7.84153e-09   -0.000573059 1.15624e-08 0.0001   2.5e-05
QR_4 1787064794.632405000 0.065249   -0.0688649 0.0634203 -0.00707076   -0.00528787 0.269432 0.0001   2.5e-05
HR_6 1787064794.642406000 0.999864   -1.72547e-09 0.238283 7.84153e-09   -0.000573059 1.15624e-08 0.0001   0.000983
QR_4 1787064794.642406000 0.064855   -0.0690563 0.0622084 -0.00755694   -0.00583814 0.26651 0.0001   0.000983
HR_6 1787064794.652406000 0.999864   -1.72547e-09 0.238293 7.84153e-09   -0.00057306 1.15624e-08 0.0001   2.9e-05
QR_4 1787064794.652406000 0.064427   -0.0691821 0.0610247 -0.00840204   -0.00573402 0.264167 0.0001   2.9e-05
HR_6 1787064794.662406000 0.999864   -1.72547e-09 0.238301 7.84153e-09   -0.00057306 1.15624e-08 0.0001   4.3e-05
QR_4 1787064794.662406000 0.064103   -0.0693144 0.0600966 -0.0091117   -0.00544404 0.261918 0.0001   4.3e-05
HR_6 1787064794.672406000 0.999864   -1.72547e-09 0.238311 7.84153e-09   -0.00057306 1.15624e-08 0.0001   1.9e-05
QR_4 1787064794.672406000 0.063646   -0.0695279 0.0590542 -0.0099824   -0.00463621 0.258328 0.0001   1.9e-05
HR_6 1787064794.682406000 0.999864   -1.72547e-09 0.238319 7.84153e-09   -0.00057306 1.15624e-08 0.0001   0.000573
QR_4 1787064794.682406000 0.063252   -0.0696577 0.0582239 -0.0106042   -0.0039557 0.255849 0.0001   0.000573
HR_6 1787064794.692406000 0.999864   -1.72547e-09 0.238329 7.84153e-09   -0.00057306 1.15624e-08 0.0001   7.9e-05
QR_4 1787064794.692406000 0.062783   -0.0698149 0.0572172 -0.0112576   -0.00312078 0.253095 0.0001   7.9e-05
HR_6 1787064794.702406000 0.999864   -1.72547e-09 0.238339 7.84153e-09   -0.00057306 1.15624e-08 0.0001   0.001206
QR_4 1787064794.702406000 0.062278   -0.0699466 0.0562017 -0.0118085   -0.0026566 0.250376 0.0001   0.001206
HR_6 1787064794.712406000 0.999864   -1.72547e-09 0.238347 7.84153e-09   -0.00057306 1.15624e-08 0.0001   1.8e-05
QR_4 1787064794.712406000 0.061846   -0.0700599 0.0553889 -0.0121345   -0.0026499 0.247954 0.0001   1.8e-05
HR_6 1787064794.722406000 0.999864   -1.72547e-09 0.238359 7.84153e-09   -0.000573061 1.15624e-08 0.0001   4.5e-05
QR_4 1787064794.722406000 0.061212   -0.070204 0.0541915 -0.0124974   -0.00246379 0.244863 0.0001   4.5e-05
HR_6 1787064794.732406000 0.999864   -1.72547e-09 0.238367 7.84153e-09   -0.000573061 1.15624e-08 0.0001   0.000107
QR_4 1787064794.732406000 0.060794   -0.0703271 0.0534044 -0.0126505   -0.00219312 0.242261 0.0001   0.000107
HR_6 1787064794.742407000 0.999864   -1.72547e-09 0.238373 7.84153e-09   -0.000573061 1.15624e-08 0.0001   6.3e-05
QR_4 1787064794.742407000 0.060477   -0.07043 0.0528264 -0.0126723   -0.00164232 0.240148 0.0001   6.3e-05
HR_6 1787064794.752407000 0.999864   -1.72547e-09 0.238385 7.84153e-09   -0.000573061 1.15625e-08 0.0001   3.6e-05
QR_4 1787064794.752407000 0.059827   -0.0705875 0.051682 -0.0128112   -0.000472255 0.236895 0.0001   3.6e-05
HR_6 1787064794.762407000 0.999864   -1.72547e-09 0.238395 7.84153e-09   -0.000573061 1.15625e-08 0.0001   0.000109
QR_4 1787064794.762407000 0.059305   -0.0707093 0.0507421 -0.0130073   0.000292284 0.234188 0.0001   0.000109
HR_6 1787064794.772407000 0.999864   -1.72547e-09 0.238403 7.84153e-09   -0.000573061 1.15625e-08 0.0001   1.2e-05
QR_4 1787064794.772407000 0.058819   -0.0707951 0.0499562 -0.0132601   0.00104856 0.232435 0.0001   1.2e-05
HR_6 1787064794.782407000 0.999864   -1.72547e-09 0.238411 7.84154e-09   -0.000573061 1.15625e-08 0.0001   3.3e-05
QR_4 1787064794.782407000 0.058317   -0.070855 0.049204 -0.0135079   0.00131137 0.23101 0.0001   3.3e-05
HR_6 1787064794.792407000 0.999864   -1.72547e-09 0.238419 7.84154e-09   -0.000573061 1.15625e-08 0.0001   5e-05
QR_4 1787064794.792407000 0.057863   -0.0708767 0.0484691 -0.013802   0.00147439 0.229544 0.0001   5e-05
HR_6 1787064794.802407000 0.999864   -1.72546e-09 0.238429 7.84154e-09   -0.000573062 1.15625e-08 0.0001   0.000266
QR_4 1787064794.802407000 0.057273   -0.0709421 0.0475792 -0.0140829   0.00133584 0.227323 0.0001   0.000266
HR_6 1787064794.812407000 0.999864   -1.72546e-09 0.238439 7.84154e-09   -0.000573062 1.15625e-08 0.0001   4.7e-05
QR_4 1787064794.812407000 0.056666   -0.0710067 0.0467701 -0.0143349   0.000538617 0.225101 0.0001   4.7e-05
HR_6 1787064794.822407000 0.999864   -1.72546e-09 0.238449 7.84154e-09   -0.000573062 1.15625e-08 0.0001   6e-05
QR_4 1787064794.822407000 0.056079   -0.0710101 0.0459376 -0.0146254   0.000428362 0.223438 0.0001   6e-05
HR_6 1787064794.832407000 0.999864   -1.72546e-09 0.238457 7.84154e-09   -0.000573062 1.15625e-08 0.0001   3e-05
QR_4 1787064794.832407000 0.055606   -0.0710149 0.0452585 -0.0148298   0.000693277 0.221715 0.0001   3e-05
HR_6 1787064794.842408000 0.999864   -1.72546e-09 0.238465 7.84154e-09   -0.000573062 1.15625e-08 0.0001   4.1e-05
QR_4 1787064794.842408000 0.055116   -0.0710218 0.0445478 -0.0149183   0.00129319 0.219933 0.0001   4.1e-05
HR_6 1787064794.852408000 0.999864   -1.72546e-09 0.238475 7.84154e-09   -0.000573062 1.15625e-08 0.0001   2.6e-05
QR_4 1787064794.852408000 0.054495   -0.0709962 0.0436735 -0.0149022   0.00206547 0.218057 0.0001   2.6e-05
HR_6 1787064794.862408000 0.999864   -1.72546e-09 0.238483 7.84154e-09   -0.000573062 1.15625e-08 0.0001   3.4e-05
QR_4 1787064794.862408000 0.054007   -0.0709986 0.0430174 -0.0148194   0.00249517 0.216137 0.0001   3.4e-05
HR_6 1787064794.872408000 0.999864   -1.72546e-09 0.238493 7.84154e-09   -0.000573062 1.15625e-08 0.0001   6.9e-05
QR_4 1787064794.872408000 0.053357   -0.0710066 0.0421842 -0.0148004   0.00309056 0.214063 0.0001   6.9e-05
HR_6 1787064794.882408000 0.999864   -1.72546e-09 0.238503 7.84154e-09   -0.000573063 1.15625e-08 0.0001   5.1e-05
QR_4 1787064794.882408000 0.052683   -0.0709509 0.0413684 -0.0147169   0.0033691 0.212738 0.0001   5.1e-05
HR_6 1787064794.892408000 0.999864   -1.72546e-09 0.238513 7.84154e-09   -0.000573063 1.15625e-08 0.0001   7.5e-05
QR_4 1787064794.892408000 0.052052   -0.070865 0.0405834 -0.0145955   0.00352544 0.210944 0.0001   7.5e-05
HR_6 1787064794.902408000 0.999864   -1.72546e-09 0.238521 7.84154e-09   -0.000573063 1.15625e-08 0.0001   1.1e-05
QR_4 1787064794.902408000 0.051537   -0.0708079 0.0399652 -0.0143955   0.00354855 0.209257 0.0001   1.1e-05
HR_6 1787064794.912408000 0.999864   -1.72546e-09 0.238531 7.84154e-09   -0.000573063 1.15625e-08 0.0001   4.1e-05
QR_4 1787064794.912408000 0.050859   -0.0707209 0.0392563 -0.0144097   0.00304789 0.207369 0.0001   4.1e-05
HR_6 1787064794.922408000 0.999864   -1.72546e-09 0.238541 7.84154e-09   -0.000573063 1.15625e-08 0.0001   3.3e-05
QR_4 1787064794.922408000 0.050209   -0.0705997 0.0385471 -0.0145029   0.00271944 0.205638 0.0001   3.3e-05
HR_6 1787064794.932408000 0.999864   -1.72546e-09 0.238551 7.84154e-09   -0.000573063 1.15625e-08 0.0001   0.002473
QR_4 1787064794.932408000 0.049542   -0.070514 0.0378219 -0.0141415   0.00275905 0.203502 0.0001   0.002473
HR_6 1787064794.942409000 0.999864   -1.72546e-09 0.238559 7.84154e-09   -0.000573063 1.15625e-08 0.0001   0.000446
QR_4 1787064794.942409000 0.048984   -0.070431 0.0372534 -0.0137962   0.0030267 0.202086 0.0001   0.000446
HR_6 1787064794.952409000 0.999864   -1.72546e-09 0.238569 7.84154e-09   -0.000573063 1.15625e-08 0.0001   2e-05
QR_4 1787064794.952409000 0.048271   -0.0703222 0.0365635 -0.0133625   0.00353304 0.200559 0.0001   2e-05
HR_6 1787064794.962407000 0.999864   -1.72546e-09 0.238579 7.84154e-09   -0.000573064 1.15625e-08 0.0001   2e-06
QR_4 1787064794.962407000 0.047609   -0.0702063 0.0358719 -0.0128471   0.00413755 0.198366 0.0001   2e-06
HR_6 1787064794.972408000 0.999864   -1.72546e-09 0.238591 7.84154e-09   -0.000573064 1.15625e-08 0.0001   0.00094
QR_4 1787064794.972408000 0.046806   -0.0700633 0.0350176 -0.0120505   0.00481683 0.195679 0.0001   0.00094
HR_6 1787064794.982408000 0.999864   -1.72546e-09 0.238599 7.84154e-09   -0.000573064 1.15625e-08 0.0001   4.8e-05
QR_4 1787064794.982408000 0.046263   -0.0699497 0.0344551 -0.0115748   0.00529006 0.194355 0.0001   4.8e-05
HR_6 1787064794.992408000 0.999864   -1.72546e-09 0.238609 7.84154e-09   -0.000573064 1.15625e-08 0.0001   9.1e-05
QR_4 1787064794.992408000 0.045662   -0.0698179 0.0337613 -0.0111462   0.00591613 0.191846 0.0001   9.1e-05
HR_6 1787064795.002408000 0.999864   -1.72546e-09 0.238617 7.84154e-09   -0.000573064 1.15625e-08 0.0001   4.9e-05
QR_4 1787064795.002408000 0.045193   -0.069727 0.0331646 -0.0106964   0.00640245 0.18956 0.0001   4.9e-05
HR_6 1787064795.012408000 0.999864   -1.72546e-09 0.238625 7.84154e-09   -0.000573064 1.15625e-08 0.0001   5.4e-05
QR_4 1787064795.012408000 0.044704   -0.0695996 0.0325689 -0.0103792   0.00686454 0.187887 0.0001   5.4e-05
HR_6 1787064795.022408000 0.999864   -1.72546e-09 0.238637 7.84155e-09   -0.000573064 1.15625e-08 0.0001   0.00147
QR_4 1787064795.022408000 0.043986   -0.069342 0.0316954 -0.0103149   0.00737058 0.185523 0.0001   0.00147
HR_6 1787064795.032408000 0.999864   -1.72546e-09 0.238643 7.84155e-09   -0.000573065 1.15625e-08 0.0001   1.5e-05
QR_4 1787064795.032408000 0.043639   -0.0692183 0.0312813 -0.010328   0.00755012 0.184122 0.0001   1.5e-05
HR_6 1787064795.042408000 0.999864   -1.72546e-09 0.238653 7.84155e-09   -0.000573065 1.15625e-08 0.0001   6.5e-05
QR_4 1787064795.042408000 0.043049   -0.0690042 0.0306477 -0.0103056   0.0076419 0.181958 0.0001   6.5e-05
HR_6 1787064795.052408000 0.999864   -1.72546e-09 0.238665 7.84155e-09   -0.000573065 1.15625e-08 0.0001   5e-05
QR_4 1787064795.052408000 0.042824   -0.0688515 0.0305906 -0.00987025   0.00478681 0.179677 0.0001   5e-05
HR_6 1787064795.062408000 0.999864   -1.72546e-09 0.238671 7.84155e-09   -0.000573065 1.15625e-08 0.0001   4.6e-05
QR_4 1787064795.062408000 0.042711   -0.068856 0.0306945 -0.00947187   0.00384223 0.178694 0.0001   4.6e-05
HR_6 1787064795.072409000 0.999864   -1.72545e-09 0.238681 7.84155e-09   -0.000573065 1.15625e-08 0.0001   5e-06
QR_4 1787064795.072409000 0.042491   -0.0688765 0.0309694 -0.00881808   0.00311466 0.176992 0.0001   5e-06
HR_6 1787064795.082409000 0.999864   -1.72545e-09 0.238691 7.84155e-09   -0.000573065 1.15625e-08 0.0001   0.002469
QR_4 1787064795.082409000 0.042236   -0.0688452 0.0312699 -0.00882528   0.00351799 0.175959 0.0001   0.002469
HR_6 1787064795.092409000 0.999864   -1.72545e-09 0.238697 7.84155e-09   -0.000573065 1.15625e-08 0.0001   7e-06
QR_4 1787064795.092409000 0.042089   -0.06883 0.03143 -0.00927898   0.00375891 0.17498 0.0001   7e-06
HR_6 1787064795.102409000 0.999864   -1.72545e-09 0.238703 7.84155e-09   -0.000573065 1.15626e-08 0.0001   9e-06
QR_4 1787064795.102409000 0.041950   -0.0688599 0.0315811 -0.00993979   0.00404526 0.173427 0.0001   9e-06
HR_6 1787064795.112409000 0.999864   -1.72545e-09 0.238715 7.84155e-09   -0.000573066 1.15626e-08 0.0001   0.002263
QR_4 1787064795.112409000 0.041650   -0.0688863 0.0318541 -0.0116586   0.00483741 0.170816 0.0001   0.002263
HR_6 1787064795.122409000 0.999864   -1.72545e-09 0.238719 7.84155e-09   -0.000573066 1.15626e-08 0.0001   9e-06
QR_4 1787064795.122409000 0.041545   -0.0689036 0.0319373 -0.0126201   0.0053535 0.169935 0.0001   9e-06
HR_6 1787064795.132409000 0.999864   -1.72545e-09 0.238729 7.84155e-09   -0.000573066 1.15626e-08 0.0001   6.2e-05
QR_4 1787064795.132409000 0.041299   -0.0689791 0.0321225 -0.0152123   0.0069359 0.167013 0.0001   6.2e-05
HR_6 1787064795.142409000 0.999864   -1.72545e-09 0.238735 7.84155e-09   -0.000573066 1.15626e-08 0.0001   0.000146
QR_4 1787064795.142409000 0.041127   -0.0689739 0.0322205 -0.0165014   0.00764528 0.166006 0.0001   0.000146
HR_6 1787064795.152409000 0.999864   -1.72545e-09 0.238747 7.84155e-09   -0.000573066 1.15626e-08 0.0001   0.002335
QR_4 1787064795.152409000 0.040786   -0.0689156 0.0323897 -0.0176303   0.00736335 0.1643 0.0001   0.002335
HR_6 1787064795.162409000 0.999864   -1.72545e-09 0.238757 7.84155e-09   -0.000573066 1.15626e-08 0.0001   4.9e-05
QR_4 1787064795.162409000 0.040539   -0.0688527 0.0324939 -0.0181874   0.00687835 0.162299 0.0001   4.9e-05
HR_6 1787064795.172410000 0.999864   -1.72545e-09 0.238765 7.84155e-09   -0.000573066 1.15626e-08 0.0001   5.6e-05
QR_4 1787064795.172410000 0.040316   -0.0687714 0.0325484 -0.0187099   0.00656788 0.161188 0.0001   5.6e-05
HR_6 1787064795.182410000 0.999864   -1.72545e-09 0.238771 7.84155e-09   -0.000573066 1.15626e-08 0.0001   1.1e-05
QR_4 1787064795.182410000 0.040142   -0.0687041 0.0326115 -0.0192203   0.00656995 0.160408 0.0001   1.1e-05
HR_6 1787064795.192410000 0.999864   -1.72545e-09 0.238781 7.84155e-09   -0.000573067 1.15626e-08 0.0001   1.7e-05
QR_4 1787064795.192410000 0.039911   -0.0686252 0.0326615 -0.0201234   0.00690388 0.158095 0.0001   1.7e-05
HR_6 1787064795.202410000 0.999864   -1.72545e-09 0.238789 7.84155e-09   -0.000573067 1.15626e-08 0.0001   1.1e-05
QR_4 1787064795.202410000 0.039690   -0.0685084 0.0327655 -0.02087   0.00699688 0.156844 0.0001   1.1e-05
HR_6 1787064795.212410000 0.999864   -1.72545e-09 0.238797 7.84155e-09   -0.000573067 1.15626e-08 0.0001   1.5e-05
QR_4 1787064795.212410000 0.039452   -0.0683432 0.0328029 -0.0215901   0.00701336 0.155787 0.0001   1.5e-05
HR_6 1787064795.222410000 0.999864   -1.72545e-09 0.238807 7.84155e-09   -0.000573067 1.15626e-08 0.0001   0.002879
QR_4 1787064795.222410000 0.039195   -0.0681464 0.0328516 -0.0222827   0.00697773 0.153953 0.0001   0.002879
HR_6 1787064795.232410000 0.999864   -1.72545e-09 0.238813 7.84155e-09   -0.000573067 1.15626e-08 0.0001   2e-06
QR_4 1787064795.232410000 0.039058   -0.068016 0.0329125 -0.0226181   0.00693238 0.152617 0.0001   2e-06
HR_6 1787064795.242410000 0.999864   -1.72545e-09 0.238823 7.84155e-09   -0.000573067 1.15626e-08 0.0001   7e-05
QR_4 1787064795.242410000 0.038819   -0.0677607 0.0329525 -0.0231552   0.00667181 0.150472 0.0001   7e-05
HR_6 1787064795.252410000 0.999864   -1.72545e-09 0.238829 7.84155e-09   -0.000573067 1.15626e-08 0.0001   6.6e-05
QR_4 1787064795.252410000 0.038701   -0.0676041 0.0329431 -0.0233584   0.00649728 0.148897 0.0001   6.6e-05
HR_6 1787064795.262410000 0.999864   -1.72545e-09 0.238837 7.84155e-09   -0.000573067 1.15626e-08 0.0001   4.8e-05
QR_4 1787064795.262410000 0.038522   -0.0673751 0.0328718 -0.0234068   0.00612939 0.147076 0.0001   4.8e-05
HR_6 1787064795.272411000 0.999864   -1.72545e-09 0.238847 7.84155e-09   -0.000573068 1.15626e-08 0.0001   8e-05
QR_4 1787064795.272411000 0.038276   -0.067094 0.0328365 -0.0230999   0.00544543 0.145317 0.0001   8e-05
HR_6 1787064795.282411000 0.999864   -1.72545e-09 0.238855 7.84155e-09   -0.000573068 1.15626e-08 0.0001   2.9e-05
QR_4 1787064795.282411000 0.038122   -0.0668356 0.0327941 -0.022868   0.00496779 0.143479 0.0001   2.9e-05
HR_6 1787064795.292411000 0.999864   -1.72545e-09 0.238865 7.84155e-09   -0.000573068 1.15626e-08 0.0001   2.1e-05
QR_4 1787064795.292411000 0.037924   -0.0665334 0.0326723 -0.0227162   0.0043945 0.141492 0.0001   2.1e-05
HR_6 1787064795.302411000 0.999864   -1.72545e-09 0.238873 7.84155e-09   -0.000573068 1.15626e-08 0.0001   3e-05
QR_4 1787064795.302411000 0.037720   -0.0662328 0.0325255 -0.0228584   0.00382701 0.13968 0.0001   3e-05
HR_6 1787064795.312411000 0.999864   -1.72545e-09 0.238879 7.84156e-09   -0.000573068 1.15626e-08 0.0001   0.000963
QR_4 1787064795.312411000 0.037562   -0.0659833 0.0324096 -0.0230461   0.00347974 0.138217 0.0001   0.000963
HR_6 1787064795.322411000 0.999864   -1.72545e-09 0.238889 7.84156e-09   -0.000573068 1.15626e-08 0.0001   0.000747
QR_4 1787064795.322411000 0.037296   -0.0655098 0.0321804 -0.0233602   0.00297094 0.135418 0.0001   0.000747
HR_6 1787064795.332411000 0.999864   -1.72545e-09 0.238899 7.84156e-09   -0.000573068 1.15626e-08 0.0001   0.000925
QR_4 1787064795.332411000 0.036992   -0.0650519 0.031939 -0.0234571   0.00244503 0.133175 0.0001   0.000925
HR_6 1787064795.342410000 0.999864   -1.72545e-09 0.238907 7.84156e-09   -0.000573068 1.15626e-08 0.0001   2e-06
QR_4 1787064795.342410000 0.036811   -0.0647364 0.0318859 -0.0232672   0.00229484 0.131225 0.0001   2e-06
HR_6 1787064795.352410000 0.999864   -1.72544e-09 0.238917 7.84156e-09   -0.000573069 1.15626e-08 0.0001   1.8e-05
QR_4 1787064795.352410000 0.036678   -0.064367 0.0319216 -0.0230916   0.00231415 0.129164 0.0001   1.8e-05
HR_6 1787064795.362410000 0.999864   -1.72544e-09 0.238925 7.84156e-09   -0.000573069 1.15626e-08 0.0001   3.2e-05
QR_4 1787064795.362410000 0.036560   -0.0640909 0.031962 -0.0229092   0.00228296 0.127688 0.0001   3.2e-05
HR_6 1787064795.372410000 0.999864   -1.72544e-09 0.238929 7.84156e-09   -0.000573069 1.15626e-08 0.0001   1.3e-05
QR_4 1787064795.372410000 0.036504   -0.0639241 0.0319871 -0.0229045   0.0022467 0.126806 0.0001   1.3e-05
HR_6 1787064795.382410000 0.999864   -1.72544e-09 0.238939 7.84156e-09   -0.000573069 1.15626e-08 0.0001   6.4e-05
QR_4 1787064795.382410000 0.036342   -0.0635069 0.031965 -0.0232974   0.0019451 0.12441 0.0001   6.4e-05
HR_6 1787064795.392410000 0.999864   -1.72544e-09 0.238949 7.84156e-09   -0.000573069 1.15626e-08 0.0001   0.000731
QR_4 1787064795.392410000 0.036219   -0.063108 0.0319373 -0.0233385   0.00155 0.122469 0.0001   0.000731
HR_6 1787064795.402410000 0.999864   -1.72544e-09 0.238959 7.84156e-09   -0.000573069 1.15626e-08 0.0001   3.7e-05
QR_4 1787064795.402410000 0.036068   -0.0626612 0.031943 -0.0231958   0.00114541 0.120377 0.0001   3.7e-05
HR_6 1787064795.412410000 0.999864   -1.72544e-09 0.238969 7.84156e-09   -0.000573069 1.15626e-08 0.0001   1.8e-05
QR_4 1787064795.412410000 0.035940   -0.0622288 0.0319368 -0.0228563   0.000881074 0.118759 0.0001   1.8e-05
HR_6 1787064795.422410000 0.999864   -1.72544e-09 0.238977 7.84156e-09   -0.000573069 1.15626e-08 0.0001   8.3e-05
QR_4 1787064795.422410000 0.035877   -0.0619065 0.0319262 -0.0220565   0.000621885 0.117958 0.0001   8.3e-05
HR_6 1787064795.432410000 0.999864   -1.72544e-09 0.238985 7.84156e-09   -0.000573069 1.15626e-08 0.0001   3.4e-05
QR_4 1787064795.432410000 0.035789   -0.0615794 0.0318618 -0.0217961   0.000349926 0.116765 0.0001   3.4e-05
HR_6 1787064795.442410000 0.999864   -1.72544e-09 0.238993 7.84156e-09   -0.00057307 1.15626e-08 0.0001   4.9e-05
QR_4 1787064795.442410000 0.035706   -0.0612656 0.0318308 -0.0216878   0.000154262 0.11577 0.0001   4.9e-05
HR_6 1787064795.452411000 0.999864   -1.72544e-09 0.239001 7.84156e-09   -0.00057307 1.15626e-08 0.0001   6.7e-05
QR_4 1787064795.452411000 0.035636   -0.060985 0.0318567 -0.0212126   3.15009e-05 0.115232 0.0001   6.7e-05
HR_6 1787064795.462411000 0.999864   -1.72544e-09 0.239009 7.84156e-09   -0.00057307 1.15626e-08 0.0001   4e-05
QR_4 1787064795.462411000 0.035559   -0.0606901 0.0318432 -0.0213679   4.02108e-05 0.114587 0.0001   4e-05
HR_6 1787064795.472411000 0.999864   -1.72544e-09 0.239019 7.84156e-09   -0.00057307 1.15627e-08 0.0001   6e-05
QR_4 1787064795.472411000 0.035452   -0.0603112 0.0318523 -0.0214288   -7.49612e-05 0.113453 0.0001   6e-05
HR_6 1787064795.482411000 0.999864   -1.72544e-09 0.239029 7.84156e-09   -0.00057307 1.15627e-08 0.0001   0.00298
QR_4 1787064795.482411000 0.035364   -0.0599901 0.0319441 -0.0213575   0.000110343 0.112482 0.0001   0.00298
HR_6 1787064795.492411000 0.999864   -1.72544e-09 0.239035 7.84156e-09   -0.00057307 1.15627e-08 0.0001   0.000754
QR_4 1787064795.492411000 0.035266   -0.0598362 0.0319241 -0.0219529   0.000150258 0.11125 0.0001   0.000754
HR_6 1787064795.502411000 0.999864   -1.72544e-09 0.239045 7.84156e-09   -0.00057307 1.15627e-08 0.0001   3.7e-05
QR_4 1787064795.502411000 0.035068   -0.0596829 0.0319629 -0.0229314   0.000332046 0.108729 0.0001   3.7e-05
HR_6 1787064795.512411000 0.999864   -1.72544e-09 0.239055 7.84156e-09   -0.000573071 1.15627e-08 0.0001   4.2e-05
QR_4 1787064795.512411000 0.034921   -0.0595705 0.0320635 -0.0233345   0.000579249 0.106894 0.0001   4.2e-05
HR_6 1787064795.522411000 0.999864   -1.72544e-09 0.239063 7.84156e-09   -0.000573071 1.15627e-08 0.0001   1.6e-05
QR_4 1787064795.522411000 0.034762   -0.0594549 0.0320947 -0.0240604   0.000894565 0.104696 0.0001   1.6e-05
HR_6 1787064795.532411000 0.999864   -1.72544e-09 0.239071 7.84156e-09   -0.000573071 1.15627e-08 0.0001   8e-05
QR_4 1787064795.532411000 0.034593   -0.0593212 0.0321353 -0.0245088   0.000852348 0.102383 0.0001   8e-05
HR_6 1787064795.542411000 0.999864   -1.72544e-09 0.239079 7.84156e-09   -0.000573071 1.15627e-08 0.0001   0.000319
QR_4 1787064795.542411000 0.034451   -0.0591645 0.0321753 -0.0246204   0.000641493 0.100241 0.0001   0.000319
HR_6 1787064795.552412000 0.999864   -1.72544e-09 0.239089 7.84156e-09   -0.000573071 1.15627e-08 0.0001   9e-06
QR_4 1787064795.552412000 0.034254   -0.0589419 0.0322405 -0.0243039   0.00075409 0.0977967 0.0001   9e-06
HR_6 1787064795.562412000 0.999864   -1.72544e-09 0.239099 7.84156e-09   -0.000573071 1.15627e-08 0.0001   6.7e-05
QR_4 1787064795.562412000 0.034078   -0.0586883 0.0322825 -0.0237216   0.00105163 0.095355 0.0001   6.7e-05
HR_6 1787064795.572412000 0.999864   -1.72544e-09 0.239107 7.84157e-09   -0.000573071 1.15627e-08 0.0001   2.1e-05
QR_4 1787064795.572412000 0.033951   -0.0584789 0.0323324 -0.023036   0.00159042 0.0933141 0.0001   2.1e-05
HR_6 1787064795.582412000 0.999864   -1.72544e-09 0.239117 7.84157e-09   -0.000573071 1.15627e-08 0.0001   4.4e-05
QR_4 1787064795.582412000 0.033745   -0.0582023 0.0324153 -0.0222392   0.00207788 0.090555 0.0001   4.4e-05
HR_6 1787064795.592412000 0.999864   -1.72544e-09 0.239125 7.84157e-09   -0.000573072 1.15627e-08 0.0001   3.3e-05
QR_4 1787064795.592412000 0.033608   -0.057924 0.0324702 -0.0217576   0.00221146 0.0890133 0.0001   3.3e-05
HR_6 1787064795.602412000 0.999864   -1.72544e-09 0.239135 7.84157e-09   -0.000573072 1.15627e-08 0.0001   0.000107
QR_4 1787064795.602412000 0.033404   -0.0576332 0.0325684 -0.021063   0.00228677 0.0859507 0.0001   0.000107
HR_6 1787064795.612412000 0.999864   -1.72544e-09 0.239145 7.84157e-09   -0.000573072 1.15627e-08 0.0001   2e-05
QR_4 1787064795.612412000 0.033158   -0.0573882 0.0327032 -0.0202953   0.00199999 0.0817826 0.0001   2e-05
HR_6 1787064795.622412000 0.999864   -1.72544e-09 0.239151 7.84157e-09   -0.000573072 1.15627e-08 0.0001   4e-05
QR_4 1787064795.622412000 0.033045   -0.0572123 0.0327513 -0.0198945   0.00188828 0.0797178 0.0001   4e-05
HR_6 1787064795.632412000 0.999864   -1.72544e-09 0.239159 7.84157e-09   -0.000573072 1.15627e-08 0.0001   5.5e-05
QR_4 1787064795.632412000 0.032918   -0.0570038 0.0327995 -0.0194174   0.00163595 0.0773805 0.0001   5.5e-05
HR_6 1787064795.642412000 0.999864   -1.72543e-09 0.239169 7.84157e-09   -0.000573072 1.15627e-08 0.0001   3.7e-05
QR_4 1787064795.642412000 0.032712   -0.0567075 0.0328194 -0.0189971   0.00123388 0.0740932 0.0001   3.7e-05
HR_6 1787064795.652413000 0.999864   -1.72543e-09 0.239177 7.84157e-09   -0.000573072 1.15627e-08 0.0001   4e-05
QR_4 1787064795.652413000 0.032568   -0.0564464 0.0328039 -0.0187067   0.000923664 0.071484 0.0001   4e-05
HR_6 1787064795.662413000 0.999864   -1.72543e-09 0.239185 7.84157e-09   -0.000573072 1.15627e-08 0.0001   4e-06
QR_4 1787064795.662413000 0.032418   -0.0561863 0.0327659 -0.0184631   0.000741541 0.0690331 0.0001   4e-06
HR_6 1787064795.672413000 0.999864   -1.72543e-09 0.239195 7.84157e-09   -0.000573073 1.15627e-08 0.0001   7.4e-05
QR_4 1787064795.672413000 0.032190   -0.0558408 0.0327551 -0.018224   0.000452973 0.0664736 0.0001   7.4e-05
HR_6 1787064795.682413000 0.999864   -1.72543e-09 0.239201 7.84157e-09   -0.000573073 1.15627e-08 0.0001   0.000939
QR_4 1787064795.682413000 0.032071   -0.0556275 0.0327456 -0.0180108   0.000294115 0.0647955 0.0001   0.000939
HR_6 1787064795.692413000 0.999864   -1.72543e-09 0.239211 7.84157e-09   -0.000573073 1.15627e-08 0.0001   0.000581
QR_4 1787064795.692413000 0.031885   -0.0552929 0.0327023 -0.0177112   -0.000349552 0.0616681 0.0001   0.000581
HR_6 1787064795.702413000 0.999864   -1.72543e-09 0.239221 7.84157e-09   -0.000573073 1.15627e-08 0.0001   5.4e-05
QR_4 1787064795.702413000 0.031650   -0.0549253 0.0326485 -0.0173813   -0.000960483 0.0588743 0.0001   5.4e-05
HR_6 1787064795.712413000 0.999864   -1.72543e-09 0.239227 7.84157e-09   -0.000573073 1.15627e-08 0.0001   1.6e-05
QR_4 1787064795.712413000 0.031533   -0.0546959 0.0325825 -0.0171325   -0.0012195 0.057454 0.0001   1.6e-05
HR_6 1787064795.722413000 0.999864   -1.72543e-09 0.239235 7.84157e-09   -0.000573073 1.15627e-08 0.0001   1.1e-05
QR_4 1787064795.722413000 0.031372   -0.0543826 0.0324595 -0.016778   -0.00143089 0.0557938 0.0001   1.1e-05
HR_6 1787064795.732413000 0.999864   -1.72543e-09 0.239243 7.84157e-09   -0.000573073 1.15627e-08 0.0001   9.1e-05
QR_4 1787064795.732413000 0.031165   -0.0540086 0.0323481 -0.0165207   -0.00158037 0.0540035 0.0001   9.1e-05
HR_6 1787064795.742414000 0.999864   -1.72543e-09 0.239249 7.84157e-09   -0.000573073 1.15627e-08 0.0001   2.9e-05
QR_4 1787064795.742414000 0.031033   -0.0537193 0.0322512 -0.0163043   -0.00135097 0.0528144 0.0001   2.9e-05
HR_6 1787064795.752414000 0.999864   -1.72543e-09 0.239257 7.84157e-09   -0.000573073 1.15627e-08 0.0001   1e-05
QR_4 1787064795.752414000 0.030889   -0.0533216 0.0321241 -0.0160091   -0.000819282 0.0517579 0.0001   1e-05
HR_6 1787064795.762414000 0.999864   -1.72543e-09 0.239265 7.84157e-09   -0.000573074 1.15627e-08 0.0001   6.4e-05
QR_4 1787064795.762414000 0.030716   -0.0528679 0.0320009 -0.0158137   -0.000171117 0.0503731 0.0001   6.4e-05
HR_6 1787064795.772414000 0.999864   -1.72543e-09 0.239273 7.84157e-09   -0.000573074 1.15627e-08 0.0001   0.001951
QR_4 1787064795.772414000 0.030540   -0.0524374 0.0318387 -0.0155482   0.000666748 0.0490227 0.0001   0.001951
HR_6 1787064795.782414000 0.999864   -1.72543e-09 0.239281 7.84157e-09   -0.000573074 1.15627e-08 0.0001   4.3e-05
QR_4 1787064795.782414000 0.030382   -0.0520153 0.0316649 -0.0152065   0.0014282 0.0481062 0.0001   4.3e-05
HR_6 1787064795.792414000 0.999864   -1.72543e-09 0.239291 7.84157e-09   -0.000573074 1.15627e-08 0.0001   0.000932
QR_4 1787064795.792414000 0.030131   -0.0514068 0.0314346 -0.0148179   0.00191938 0.0460661 0.0001   0.000932
HR_6 1787064795.802414000 0.999864   -1.72543e-09 0.239299 7.84157e-09   -0.000573074 1.15627e-08 0.0001   4.5e-05
QR_4 1787064795.802414000 0.029943   -0.050895 0.0311921 -0.0145591   0.00202886 0.0442652 0.0001   4.5e-05
HR_6 1787064795.812414000 0.999864   -1.72543e-09 0.239311 7.84157e-09   -0.000573074 1.15627e-08 0.0001   4.3e-05
QR_4 1787064795.812414000 0.029725   -0.0502579 0.0310981 -0.0136628   0.00153197 0.0417191 0.0001   4.3e-05
HR_6 1787064795.822414000 0.999864   -1.72543e-09 0.239321 7.84157e-09   -0.000573074 1.15627e-08 0.0001   0.00195
QR_4 1787064795.822414000 0.029566   -0.0497406 0.0310948 -0.0126978   0.000857671 0.0397162 0.0001   0.00195
HR_6 1787064795.832414000 0.999864   -1.72543e-09 0.239325 7.84158e-09   -0.000573074 1.15627e-08 0.0001   4e-05
QR_4 1787064795.832414000 0.029517   -0.0495307 0.0310851 -0.012316   0.000440135 0.0388948 0.0001   4e-05
HR_6 1787064795.842415000 0.999864   -1.72543e-09 0.239337 7.84158e-09   -0.000573075 1.15628e-08 0.0001   2.2e-05
QR_4 1787064795.842415000 0.029305   -0.0489103 0.0310667 -0.0112709   -0.000841716 0.0371022 0.0001   2.2e-05
HR_6 1787064795.852415000 0.999864   -1.72543e-09 0.239343 7.84158e-09   -0.000573075 1.15628e-08 0.0001   0.00247
QR_4 1787064795.852415000 0.029178   -0.048557 0.0310564 -0.0109203   -0.00140997 0.0365238 0.0001   0.00247
HR_6 1787064795.862415000 0.999864   -1.72543e-09 0.239351 7.84158e-09   -0.000573075 1.15628e-08 0.0001   5.5e-05
QR_4 1787064795.862415000 0.029014   -0.0480648 0.0310729 -0.0104711   -0.0021507 0.0358264 0.0001   5.5e-05
HR_6 1787064795.872415000 0.999864   -1.72543e-09 0.239361 7.84158e-09   -0.000573075 1.15628e-08 0.0001   2.6e-05
QR_4 1787064795.872415000 0.028783   -0.0474835 0.0311003 -0.00976682   -0.00276123 0.0347922 0.0001   2.6e-05
HR_6 1787064795.882415000 0.999864   -1.72543e-09 0.239369 7.84158e-09   -0.000573075 1.15628e-08 0.0001   5.3e-05
QR_4 1787064795.882415000 0.028586   -0.0469735 0.0310135 -0.00954902   -0.0030387 0.0344434 0.0001   5.3e-05
HR_6 1787064795.892415000 0.999864   -1.72543e-09 0.239373 7.84158e-09   -0.000573075 1.15628e-08 0.0001   1.9e-05
QR_4 1787064795.892415000 0.028504   -0.0467363 0.0309581 -0.00949199   -0.00304025 0.0342634 0.0001   1.9e-05
HR_6 1787064795.902415000 0.999864   -1.72543e-09 0.239383 7.84158e-09   -0.000573075 1.15628e-08 0.0001   8.8e-05
QR_4 1787064795.902415000 0.028390   -0.0463159 0.0309359 -0.00874098   -0.00277969 0.0331182 0.0001   8.8e-05
HR_6 1787064795.912415000 0.999864   -1.72543e-09 0.239391 7.84158e-09   -0.000573075 1.15628e-08 0.0001   0.000811
QR_4 1787064795.912415000 0.028302   -0.0459513 0.0309132 -0.00804089   -0.00244107 0.0323688 0.0001   0.000811
HR_6 1787064795.922415000 0.999864   -1.72543e-09 0.239401 7.84158e-09   -0.000573075 1.15628e-08 0.0001   3.3e-05
QR_4 1787064795.922415000 0.028220   -0.045447 0.0308835 -0.00703236   -0.00253232 0.0318293 0.0001   3.3e-05
HR_6 1787064795.932415000 0.999864   -1.72542e-09 0.239409 7.84158e-09   -0.000573076 1.15628e-08 0.0001   4.3e-05
QR_4 1787064795.932415000 0.028132   -0.0451042 0.0308551 -0.00617888   -0.00262196 0.0311478 0.0001   4.3e-05
HR_6 1787064795.942416000 0.999864   -1.72542e-09 0.239415 7.84158e-09   -0.000573076 1.15628e-08 0.0001   3.9e-05
QR_4 1787064795.942416000 0.028081   -0.0447976 0.0308806 -0.00579695   -0.00275997 0.0308103 0.0001   3.9e-05
HR_6 1787064795.952416000 0.999864   -1.72542e-09 0.239423 7.84158e-09   -0.000573076 1.15628e-08 0.0001   3.4e-05
QR_4 1787064795.952416000 0.028046   -0.0443322 0.0309604 -0.00546111   -0.00322091 0.0305516 0.0001   3.4e-05
HR_6 1787064795.962416000 0.999864   -1.72542e-09 0.239431 7.84158e-09   -0.000573076 1.15628e-08 0.0001   7.8e-05
QR_4 1787064795.962416000 0.027970   -0.0439293 0.0310481 -0.00514135   -0.00358579 0.0301511 0.0001   7.8e-05
HR_6 1787064795.972416000 0.999864   -1.72542e-09 0.239443 7.84158e-09   -0.000573076 1.15628e-08 0.0001   1.5e-05
QR_4 1787064795.972416000 0.027847   -0.0433556 0.03123 -0.00440659   -0.00456246 0.0295845 0.0001   1.5e-05
HR_6 1787064795.982416000 0.999864   -1.72542e-09 0.239451 7.84158e-09   -0.000573076 1.15628e-08 0.0001   3.9e-05
QR_4 1787064795.982416000 0.027790   -0.042949 0.0313517 -0.00396527   -0.00469979 0.0292933 0.0001   3.9e-05
HR_6 1787064795.992416000 0.999864   -1.72542e-09 0.239461 7.84158e-09   -0.000573076 1.15628e-08 0.0001   9e-05
QR_4 1787064795.992416000 0.027762   -0.0424949 0.0315037 -0.00356835   -0.00439767 0.0292535 0.0001   9e-05
HR_6 1787064796.002416000 0.999864   -1.72542e-09 0.239471 7.84158e-09   -0.000573076 1.15628e-08 0.0001   3.2e-05
QR_4 1787064796.002416000 0.027640   -0.0420563 0.0316674 -0.00313008   -0.0039496 0.0291097 0.0001   3.2e-05
HR_6 1787064796.012416000 0.999864   -1.72542e-09 0.239481 7.84158e-09   -0.000573077 1.15628e-08 0.0001   5.2e-05
QR_4 1787064796.012416000 0.027481   -0.0416523 0.0318129 -0.00310059   -0.00358516 0.0290333 0.0001   5.2e-05
HR_6 1787064796.022416000 0.999864   -1.72542e-09 0.239489 7.84158e-09   -0.000573077 1.15628e-08 0.0001   0.000856
QR_4 1787064796.022416000 0.027425   -0.0413952 0.0319236 -0.00315139   -0.00329075 0.0292244 0.0001   0.000856
HR_6 1787064796.032416000 0.999864   -1.72542e-09 0.239497 7.84158e-09   -0.000573077 1.15628e-08 0.0001   1.2e-05
QR_4 1787064796.032416000 0.027394   -0.0411617 0.031999 -0.00363467   -0.00269713 0.0295912 0.0001   1.2e-05
HR_6 1787064796.042417000 0.999864   -1.72542e-09 0.239505 7.84158e-09   -0.000573077 1.15628e-08 0.0001   5.5e-05
QR_4 1787064796.042417000 0.027342   -0.0409322 0.0320722 -0.00411828   -0.00230808 0.029968 0.0001   5.5e-05
HR_6 1787064796.052417000 0.999864   -1.72542e-09 0.239515 7.84158e-09   -0.000573077 1.15628e-08 0.0001   2.9e-05
QR_4 1787064796.052417000 0.027351   -0.0406059 0.0321622 -0.00428239   -0.0019106 0.0305894 0.0001   2.9e-05
HR_6 1787064796.062417000 0.999864   -1.72542e-09 0.239521 7.84158e-09   -0.000573077 1.15628e-08 0.0001   1.1e-05
QR_4 1787064796.062417000 0.027352   -0.0404382 0.0322301 -0.00421402   -0.00192056 0.0308981 0.0001   1.1e-05
HR_6 1787064796.072371000 0.999864   -1.72542e-09 0.239531 7.84158e-09   -0.000573077 1.15628e-08 0.0001   2e-06
QR_4 1787064796.072371000 0.027346   -0.0402059 0.0324048 -0.00338474   -0.0029131 0.0312731 0.0001   2e-06
HR_6 1787064796.082371000 0.999864   -1.72542e-09 0.239541 7.84158e-09   -0.000573078 1.15628e-08 0.0001   6.2e-05
QR_4 1787064796.082371000 0.027379   -0.0399424 0.0325655 -0.0025484   -0.00392055 0.0319758 0.0001   6.2e-05
HR_6 1787064796.092371000 0.999864   -1.72542e-09 0.239549 7.84159e-09   -0.000573078 1.15628e-08 0.0001   0.00161
QR_4 1787064796.092371000 0.027383   -0.0397534 0.0326632 -0.00210959   -0.00455997 0.0324876 0.0001   0.00161
HR_6 1787064796.102371000 0.999864   -1.72542e-09 0.239557 7.84159e-09   -0.000573078 1.15628e-08 0.0001   8.2e-05
QR_4 1787064796.102371000 0.027366   -0.0396077 0.0327271 -0.00176859   -0.00534957 0.0329293 0.0001   8.2e-05
HR_6 1787064796.112371000 0.999864   -1.72542e-09 0.239567 7.84159e-09   -0.000573078 1.15628e-08 0.0001   0.000119
QR_4 1787064796.112371000 0.027357   -0.0393847 0.0328016 -0.00173963   -0.00598511 0.0335504 0.0001   0.000119
HR_6 1787064796.122371000 0.999864   -1.72542e-09 0.239575 7.84159e-09   -0.000573078 1.15628e-08 0.0001   8.4e-05
QR_4 1787064796.122371000 0.027347   -0.0392462 0.0328825 -0.00221933   -0.00614316 0.0339775 0.0001   8.4e-05
HR_6 1787064796.132371000 0.999864   -1.72542e-09 0.239585 7.84159e-09   -0.000573078 1.15628e-08 0.0001   4.4e-05
QR_4 1787064796.132371000 0.027330   -0.0390525 0.0330223 -0.00338973   -0.00586756 0.034528 0.0001   4.4e-05
HR_6 1787064796.142371000 0.999864   -1.72542e-09 0.239591 7.84159e-09   -0.000573078 1.15628e-08 0.0001   0.000255
QR_4 1787064796.142371000 0.027317   -0.0389192 0.0331032 -0.0041569   -0.00560574 0.0349102 0.0001   0.000255
HR_6 1787064796.152371000 0.999864   -1.72542e-09 0.239601 7.84159e-09   -0.000573078 1.15628e-08 0.0001   8.7e-05
QR_4 1787064796.152371000 0.027287   -0.0387171 0.033226 -0.00583211   -0.00549801 0.0357299 0.0001   8.7e-05
HR_6 1787064796.162371000 0.999864   -1.72542e-09 0.239611 7.84159e-09   -0.000573079 1.15628e-08 0.0001   8e-05
QR_4 1787064796.162371000 0.027256   -0.0385062 0.0333328 -0.00736229   -0.00566118 0.0367097 0.0001   8e-05
HR_6 1787064796.172372000 0.999864   -1.72542e-09 0.239621 7.84159e-09   -0.000573079 1.15628e-08 0.0001   8.8e-05
QR_4 1787064796.172372000 0.027225   -0.0382905 0.0334214 -0.00818385   -0.00590309 0.037837 0.0001   8.8e-05
HR_6 1787064796.182372000 0.999864   -1.72542e-09 0.239631 7.84159e-09   -0.000573079 1.15628e-08 0.0001   8.5e-05
QR_4 1787064796.182372000 0.027175   -0.0380505 0.033473 -0.0085458   -0.00619313 0.0387213 0.0001   8.5e-05
HR_6 1787064796.192372000 0.999864   -1.72542e-09 0.239641 7.84159e-09   -0.000573079 1.15628e-08 0.0001   0.000121
QR_4 1787064796.192372000 0.027136   -0.0377508 0.0335608 -0.00844829   -0.00672641 0.0395185 0.0001   0.000121
HR_6 1787064796.202372000 0.999864   -1.72541e-09 0.239651 7.84159e-09   -0.000573079 1.15629e-08 0.0001   9.9e-05
QR_4 1787064796.202372000 0.027117   -0.037473 0.0336284 -0.00802886   -0.00705832 0.0401435 0.0001   9.9e-05
HR_6 1787064796.212372000 0.999864   -1.72541e-09 0.239659 7.84159e-09   -0.000573079 1.15629e-08 0.0001   8.2e-05
QR_4 1787064796.212372000 0.027071   -0.0372618 0.0336692 -0.00764727   -0.007257 0.040563 0.0001   8.2e-05
HR_6 1787064796.222372000 0.999864   -1.72541e-09 0.239667 7.84159e-09   -0.000573079 1.15629e-08 0.0001   7.3e-05
QR_4 1787064796.222372000 0.027005   -0.0370033 0.033688 -0.00755569   -0.00761492 0.0410067 0.0001   7.3e-05
HR_6 1787064796.232372000 0.999864   -1.72541e-09 0.239677 7.84159e-09   -0.000573079 1.15629e-08 0.0001   6.2e-05
QR_4 1787064796.232372000 0.027005   -0.0366802 0.0336953 -0.00745808   -0.00797345 0.0414628 0.0001   6.2e-05
HR_6 1787064796.242372000 0.999864   -1.72541e-09 0.239685 7.84159e-09   -0.00057308 1.15629e-08 0.0001   7.5e-05
QR_4 1787064796.242372000 0.026972   -0.0364045 0.0337234 -0.00735891   -0.00811711 0.0418226 0.0001   7.5e-05
HR_6 1787064796.252372000 0.999864   -1.72541e-09 0.239693 7.84159e-09   -0.000572738 1.15629e-08 0.0001   7e-05
QR_4 1787064796.252372000 0.026920   -0.0361076 0.0337381 -0.00727864   -0.00823569 0.0421577 0.0001   7e-05
HR_6 1787064796.262372000 0.999864   -1.72541e-09 0.239701 7.84159e-09   -0.000571378 1.15629e-08 0.0001   6.1e-05
QR_4 1787064796.262372000 0.026971   -0.0358074 0.0337548 -0.00723633   -0.0080402 0.042541 0.0001   6.1e-05
HR_6 1787064796.272373000 0.999865   -1.7254e-09 0.239708 7.84159e-09   -0.000569021 1.15629e-08 0.0001   0.000718
QR_4 1787064796.272373000 0.026939   -0.0355771 0.0336757 -0.00743355   -0.00791098 0.0427213 0.0001   0.000718
HR_6 1787064796.282373000 0.999866   -1.72539e-09 0.239716 7.84159e-09   -0.000565707 1.15629e-08 0.0001   7.6e-05
QR_4 1787064796.282373000 0.026860   -0.0353777 0.0334558 -0.00745851   -0.00826126 0.0427795 0.0001   7.6e-05
HR_6 1787064796.292373000 0.999867   -1.72538e-09 0.239726 7.84159e-09   -0.000560274 1.15629e-08 0.0001   7.7e-05
QR_4 1787064796.292373000 0.026840   -0.0350741 0.0331702 -0.00750606   -0.00864469 0.043093 0.0001   7.7e-05
HR_6 1787064796.302373000 0.999868   -1.72536e-09 0.239733 7.84159e-09   -0.00055494 1.15629e-08 0.0001   0.000971
QR_4 1787064796.302373000 0.026810   -0.0349058 0.0329188 -0.00730237   -0.00899402 0.0431306 0.0001   0.000971
HR_6 1787064796.312373000 0.999870   -1.72534e-09 0.239742 7.84159e-09   -0.000547095 1.15629e-08 0.0001   0.00011
QR_4 1787064796.312373000 0.026749   -0.0347111 0.0326513 -0.00723198   -0.00927898 0.043008 0.0001   0.00011
HR_6 1787064796.322373000 0.999872   -1.72531e-09 0.239751 7.84159e-09   -0.000538001 1.15629e-08 0.0001   7.6e-05
QR_4 1787064796.322373000 0.026673   -0.0344684 0.0323589 -0.0070023   -0.00948901 0.0429638 0.0001   7.6e-05
HR_6 1787064796.332373000 0.999874   -1.72529e-09 0.239758 7.84159e-09   -0.000529869 1.15629e-08 0.0001   4.6e-05
QR_4 1787064796.332373000 0.026633   -0.0343122 0.0321193 -0.00638611   -0.00973884 0.0428345 0.0001   4.6e-05
HR_6 1787064796.342373000 0.999877   -1.72526e-09 0.239767 7.84159e-09   -0.000518679 1.15629e-08 0.0001   0.00126
QR_4 1787064796.342373000 0.026495   -0.0341377 0.0318307 -0.0056155   -0.0102589 0.0423387 0.0001   0.00126
HR_6 1787064796.352373000 0.999880   -1.72522e-09 0.239776 7.84159e-09   -0.000506405 1.15629e-08 0.0001   5.7e-05
QR_4 1787064796.352373000 0.026393   -0.0339239 0.0315008 -0.00500485   -0.0103814 0.042129 0.0001   5.7e-05
HR_6 1787064796.362373000 0.999882   -1.7252e-09 0.239781 7.84159e-09   -0.000498541 1.15629e-08 0.0001   8.3e-05
QR_4 1787064796.362373000 0.026395   -0.0338229 0.0313037 -0.0047411   -0.0102667 0.0420416 0.0001   8.3e-05
HR_6 1787064796.372374000 0.999885   -1.72516e-09 0.23979 7.84159e-09   -0.000484641 1.15629e-08 0.0001   0.000129
QR_4 1787064796.372374000 0.026358   -0.0336352 0.0309394 -0.00455104   -0.0099553 0.0418629 0.0001   0.000129
HR_6 1787064796.382374000 0.999888   -1.72513e-09 0.239797 7.84159e-09   -0.000472832 1.15629e-08 0.0001   0.000133
QR_4 1787064796.382374000 0.026381   -0.0335868 0.0307638 -0.00386871   -0.00928193 0.0418374 0.0001   0.000133
HR_6 1787064796.392374000 0.999892   -1.72509e-09 0.239805 7.84159e-09   -0.000457252 1.15629e-08 0.0001   0.002802
QR_4 1787064796.392374000 0.026514   -0.0336156 0.0306294 -0.00252663   -0.00841513 0.0420089 0.0001   0.002802
HR_6 1787064796.402374000 0.999896   -1.72504e-09 0.239814 7.84159e-09   -0.000440801 1.15629e-08 0.0001   0.001963
QR_4 1787064796.402374000 0.026704   -0.0335768 0.030581 -0.00176525   -0.00839963 0.0426498 0.0001   0.001963
HR_6 1787064796.412374000 0.999899   -1.725e-09 0.23982 7.84159e-09   -0.000427043 1.15629e-08 0.0001   5.5e-05
QR_4 1787064796.412374000 0.026769   -0.0335437 0.0305666 -0.00146592   -0.00881151 0.0430007 0.0001   5.5e-05
HR_6 1787064796.422374000 0.999903   -1.72495e-09 0.239828 7.84159e-09   -0.000409133 1.15629e-08 0.0001   4.8e-05
QR_4 1787064796.422374000 0.026875   -0.0334879 0.0305676 -0.00118931   -0.00938197 0.0438934 0.0001   4.8e-05
HR_6 1787064796.432374000 0.999908   -1.7249e-09 0.239836 7.84159e-09   -0.000390468 1.15629e-08 0.0001   9.4e-05
QR_4 1787064796.432374000 0.027004   -0.0334791 0.0305862 -0.00100743   -0.00976164 0.0448456 0.0001   9.4e-05
HR_6 1787064796.442374000 0.999911   -1.68743e-09 0.239843 7.68555e-09   -0.000375181 1.1563e-08 0.0001   0.000109
QR_4 1787064796.442374000 0.027034   -0.0334308 0.0306264 -0.00104055   -0.0101679 0.0454198 0.0001   0.000109
HR_6 1787064796.452374000 0.999916   -1.59704e-09 0.239851 7.30887e-09   -0.000356793 1.15631e-08 0.0001   0.000112
QR_4 1787064796.452374000 0.027100   -0.0333949 0.0306607 -0.000403952   -0.0113007 0.0461939 0.0001   0.000112
HR_6 1787064796.462374000 0.999920   -1.51107e-09 0.239858 6.95066e-09   -0.000339307 1.15632e-08 0.0001   8.4e-05
QR_4 1787064796.462374000 0.027176   -0.0333792 0.0306906 0.000235501   -0.0123114 0.046772 0.0001   8.4e-05
HR_6 1787064796.472375000 0.999923   -1.44534e-09 0.239864 6.67678e-09   -0.000325937 1.15633e-08 0.0001   3.9e-05
QR_4 1787064796.472375000 0.027213   -0.0333803 0.0307186 0.00040562   -0.0130809 0.0472666 0.0001   3.9e-05
HR_6 1787064796.482375000 0.999926   -1.39775e-09 0.239868 6.47847e-09   -0.000316256 1.15634e-08 0.0001   5.9e-05
QR_4 1787064796.482375000 0.027234   -0.0333767 0.0307701 0.00039573   -0.0132812 0.0474993 0.0001   5.9e-05
HR_6 1787064796.492375000 0.999929   -1.32154e-09 0.239874 6.16095e-09   -0.000300756 1.15635e-08 0.0001   6.1e-05
QR_4 1787064796.492375000 0.027262   -0.0333744 0.0308551 0.000502677   -0.0130508 0.0473759 0.0001   6.1e-05
HR_6 1787064796.502375000 0.999933   -1.24907e-09 0.23988 5.85901e-09   -0.000286016 1.15636e-08 0.0001   5.6e-05
QR_4 1787064796.502375000 0.027271   -0.0333527 0.0309199 2.89238e-05   -0.0128042 0.0474388 0.0001   5.6e-05
HR_6 1787064796.512375000 0.999936   -1.18015e-09 0.239886 5.57186e-09   -0.000271999 1.15637e-08 0.0001   0.003924
QR_4 1787064796.512375000 0.027284   -0.0333263 0.0309842 -0.000745508   -0.0127336 0.04748 0.0001   0.003924
HR_6 1787064796.522375000 0.999939   -1.12745e-09 0.239891 5.3523e-09   -0.000261281 1.15637e-08 0.0001   5.7e-05
QR_4 1787064796.522375000 0.027299   -0.0333039 0.0310513 -0.00116246   -0.0128044 0.0475465 0.0001   5.7e-05
HR_6 1787064796.532375000 0.999941   -1.07682e-09 0.239895 5.14139e-09   -0.000250985 1.15638e-08 0.0001   0.000106
QR_4 1787064796.532375000 0.027315   -0.0332743 0.0310933 -0.00192562   -0.0134145 0.0479132 0.0001   0.000106
HR_6 1787064796.542375000 0.999944   -1.01634e-09 0.2399 4.88942e-09   -0.000238685 1.15638e-08 0.0001   0.001585
QR_4 1787064796.542375000 0.027348   -0.0332099 0.0311429 -0.00285281   -0.0140304 0.0488647 0.0001   0.001585
HR_6 1787064796.552375000 0.999946   -9.70094e-10 0.239904 4.69674e-09   -0.000229279 1.15639e-08 0.0001   7.4e-05
QR_4 1787064796.552375000 0.027371   -0.033154 0.0312095 -0.0030688   -0.0142055 0.0495518 0.0001   7.4e-05
HR_6 1787064796.562375000 0.999948   -9.36608e-10 0.239907 4.55724e-09   -0.00022247 1.15639e-08 0.0001   8.1e-05
QR_4 1787064796.562375000 0.027387   -0.0331333 0.0312156 -0.00349861   -0.0142649 0.0502845 0.0001   8.1e-05
HR_6 1787064796.572376000 0.999951   -8.82995e-10 0.239911 4.3339e-09   -0.000211566 1.1564e-08 0.0001   8.7e-05
QR_4 1787064796.572376000 0.027441   -0.033086 0.0312706 -0.00322603   -0.0143374 0.0521615 0.0001   8.7e-05
HR_6 1787064796.582376000 0.999953   -8.42001e-10 0.239915 4.16312e-09   -0.00020323 1.1564e-08 0.0001   8.9e-05
QR_4 1787064796.582376000 0.027444   -0.0330929 0.0313015 -0.00264307   -0.0144585 0.0535216 0.0001   8.9e-05
HR_6 1787064796.592376000 0.999955   -8.02621e-10 0.239918 3.99908e-09   -0.000195222 1.1564e-08 0.0001   8.6e-05
QR_4 1787064796.592376000 0.027411   -0.0330233 0.03138 -0.00232095   -0.0146724 0.0541492 0.0001   8.6e-05
HR_6 1787064796.602376000 0.999956   -7.64794e-10 0.239921 3.8415e-09   -0.000187529 1.15641e-08 0.0001   8.2e-05
QR_4 1787064796.602376000 0.027414   -0.0328872 0.0314781 -0.0028737   -0.0146587 0.0543925 0.0001   8.2e-05
HR_6 1787064796.612376000 0.999958   -7.28458e-10 0.239925 3.69013e-09   -0.00018014 1.15641e-08 0.0001   9.8e-05
QR_4 1787064796.612376000 0.027396   -0.0327768 0.031574 -0.00332969   -0.0145397 0.055158 0.0001   9.8e-05
HR_6 1787064796.622376000 0.999960   -6.93552e-10 0.239928 3.54473e-09   -0.000173042 1.15641e-08 0.0001   6.4e-05
QR_4 1787064796.622376000 0.027369   -0.0326801 0.0316609 -0.00328915   -0.0144899 0.0556674 0.0001   6.4e-05
HR_6 1787064796.632376000 0.999962   -6.43752e-10 0.239932 3.33729e-09   -0.000162915 1.15641e-08 0.0001   0.000193
QR_4 1787064796.632376000 0.027378   -0.0325022 0.0317956 -0.00272373   -0.014393 0.0558136 0.0001   0.000193
HR_6 1787064796.642376000 0.999964   -6.12182e-10 0.239934 3.20578e-09   -0.000156496 1.15642e-08 0.0001   9.4e-05
QR_4 1787064796.642376000 0.027402   -0.0324072 0.0318927 -0.0022555   -0.0142751 0.0561709 0.0001   9.4e-05
HR_6 1787064796.652376000 0.999965   -5.81857e-10 0.239937 3.07947e-09   -0.000150329 1.15642e-08 0.0001   8.1e-05
QR_4 1787064796.652376000 0.027362   -0.0322855 0.0320458 -0.00170893   -0.0142345 0.056629 0.0001   8.1e-05
HR_6 1787064796.662376000 0.999967   -5.52725e-10 0.23994 2.95812e-09   -0.000144406 1.15642e-08 0.0001   0.000289
QR_4 1787064796.662376000 0.027291   -0.0320981 0.0323409 -0.00158104   -0.0141376 0.0569378 0.0001   0.000289
HR_6 1787064796.672377000 0.999968   -5.24741e-10 0.239942 2.84155e-09   -0.000138715 1.15642e-08 0.0001   7.8e-05
QR_4 1787064796.672377000 0.027244   -0.0319832 0.0325586 -0.00169459   -0.014002 0.0569337 0.0001   7.8e-05
HR_6 1787064796.682377000 0.999970   -4.9786e-10 0.239944 2.72959e-09   -0.000133249 1.15642e-08 0.0001   5.1e-05
QR_4 1787064796.682377000 0.027179   -0.0318595 0.0327224 -0.00195677   -0.0138959 0.0571773 0.0001   5.1e-05
HR_6 1787064796.692377000 0.999971   -4.72036e-10 0.239946 2.62202e-09   -0.000127999 1.15643e-08 0.0001   0.000965
QR_4 1787064796.692377000 0.027065   -0.0316765 0.0329171 -0.00258804   -0.013885 0.0578656 0.0001   0.000965
HR_6 1787064796.702377000 0.999972   -4.47231e-10 0.239948 2.51871e-09   -0.000122955 1.15643e-08 0.0001   4.9e-05
QR_4 1787064796.702377000 0.026933   -0.0314923 0.0330959 -0.00323886   -0.0137998 0.0580055 0.0001   4.9e-05
HR_6 1787064796.712377000 0.999973   -4.23401e-10 0.239951 2.41945e-09   -0.00011811 1.15643e-08 0.0001   6.8e-05
QR_4 1787064796.712377000 0.026798   -0.0313244 0.0332109 -0.00362069   -0.0135114 0.0584642 0.0001   6.8e-05
HR_6 1787064796.722377000 0.999974   -4.00511e-10 0.239952 2.32411e-09   -0.000113456 1.15643e-08 0.0001   5.6e-05
QR_4 1787064796.722377000 0.026648   -0.031141 0.0332931 -0.00372584   -0.0129385 0.0593102 0.0001   5.6e-05
HR_6 1787064796.732377000 0.999976   -3.67854e-10 0.239955 2.18809e-09   -0.000106817 1.15643e-08 0.0001   7.8e-05
QR_4 1787064796.732377000 0.026451   -0.0309052 0.0334267 -0.00404668   -0.0117834 0.0604225 0.0001   7.8e-05
HR_6 1787064796.742377000 0.999977   -3.47154e-10 0.239957 2.10187e-09   -0.000102608 1.15643e-08 0.0001   0.000408
QR_4 1787064796.742377000 0.026211   -0.030655 0.0335255 -0.00427099   -0.010783 0.0619253 0.0001   0.000408
HR_6 1787064796.752377000 0.999978   -3.27265e-10 0.239959 2.01904e-09   -9.85645e-05 1.15643e-08 0.0001   3.6e-05
QR_4 1787064796.752377000 0.026084   -0.030487 0.0335795 -0.00431868   -0.010316 0.0631986 0.0001   3.6e-05
HR_6 1787064796.762377000 0.999979   -3.12866e-10 0.23996 1.95906e-09   -9.56371e-05 1.15643e-08 0.0001   0.000282
QR_4 1787064796.762377000 0.025864   -0.0302358 0.0336348 -0.00465417   -0.00967873 0.0648568 0.0001   0.000282
HR_6 1787064796.772378000 0.999980   -2.8534e-10 0.239962 1.84441e-09   -9.00404e-05 1.15643e-08 0.0001   0.000523
QR_4 1787064796.772378000 0.025649   -0.0299955 0.0336452 -0.00491859   -0.0092737 0.0659077 0.0001   0.000523
HR_6 1787064796.782378000 0.999981   -2.72187e-10 0.239963 1.78963e-09   -8.73661e-05 1.15643e-08 0.0001   0.001006
QR_4 1787064796.782378000 0.025433   -0.0297034 0.0335367 -0.0047565   -0.00867874 0.0674781 0.0001   0.001006
HR_6 1787064796.792378000 0.999982   -2.47044e-10 0.239966 1.68491e-09   -8.22534e-05 1.15644e-08 0.0001   7e-05
QR_4 1787064796.792378000 0.025304   -0.0294062 0.0332429 -0.00340102   -0.00780511 0.0696865 0.0001   7e-05
HR_6 1787064796.802378000 0.999982   -2.35028e-10 0.239967 1.63487e-09   -7.98104e-05 1.15644e-08 0.0001   8.1e-05
QR_4 1787064796.802378000 0.025167   -0.0291197 0.0329893 -0.00235546   -0.00716407 0.0711401 0.0001   8.1e-05
HR_6 1787064796.812378000 0.999983   -2.2337e-10 0.239968 1.58631e-09   -7.74399e-05 1.15644e-08 0.0001   6.3e-05
QR_4 1787064796.812378000 0.025091   -0.0289354 0.0327855 -0.00156   -0.0066646 0.0724253 0.0001   6.3e-05
HR_6 1787064796.822378000 0.999984   -2.01079e-10 0.239969 1.49348e-09   -7.29081e-05 1.15644e-08 0.0001   7e-05
QR_4 1787064796.822378000 0.024902   -0.0286618 0.0324684 -0.000202095   -0.00602875 0.0753128 0.0001   7e-05
HR_6 1787064796.832378000 0.999985   -1.80093e-10 0.239971 1.40607e-09   -6.86415e-05 1.15644e-08 0.0001   8e-05
QR_4 1787064796.832378000 0.024719   -0.028352 0.0321443 0.00035278   -0.00553986 0.0778816 0.0001   8e-05
HR_6 1787064796.842378000 0.999986   -1.70065e-10 0.239972 1.36431e-09   -6.66028e-05 1.15644e-08 0.0001   0.000101
QR_4 1787064796.842378000 0.024612   -0.0281832 0.0319503 0.000353846   -0.00525387 0.0793593 0.0001   0.000101
HR_6 1787064796.852378000 0.999986   -1.57157e-10 0.239973 1.31055e-09   -6.39784e-05 1.15644e-08 0.0001   7.3e-05
QR_4 1787064796.852378000 0.024404   -0.0279481 0.0316835 9.81729e-05   -0.00501136 0.0817212 0.0001   7.3e-05
HR_6 1787064796.862378000 0.999987   -1.44757e-10 0.239974 1.25891e-09   -6.14574e-05 1.15644e-08 0.0001   0.001587
QR_4 1787064796.862378000 0.024162   -0.0276113 0.0313628 -0.000905746   -0.00465904 0.0850762 0.0001   0.001587
HR_6 1787064796.872379000 0.999987   -1.32847e-10 0.239975 1.2093e-09   -5.90357e-05 1.15644e-08 0.0001   4.5e-05
QR_4 1787064796.872379000 0.024010   -0.0274139 0.0311796 -0.00170154   -0.00445592 0.0871827 0.0001   4.5e-05
HR_6 1787064796.882379000 0.999988   -1.21405e-10 0.239976 1.16165e-09   -5.67094e-05 1.15644e-08 0.0001   6e-05
QR_4 1787064796.882379000 0.023724   -0.0270665 0.030956 -0.00256667   -0.0040337 0.0903399 0.0001   6e-05
HR_6 1787064796.892379000 0.999988   -1.10417e-10 0.239977 1.11589e-09   -5.44748e-05 1.15644e-08 0.0001   4.9e-05
QR_4 1787064796.892379000 0.023455   -0.0267256 0.0307279 -0.0028151   -0.00343838 0.0935502 0.0001   4.9e-05
HR_6 1787064796.902379000 0.999989   -9.98586e-11 0.239978 1.07192e-09   -5.23283e-05 1.15644e-08 0.0001   5.5e-05
QR_4 1787064796.902379000 0.023195   -0.0264452 0.0305745 -0.00281814   -0.00295665 0.0963552 0.0001   5.5e-05
HR_6 1787064796.912379000 0.999989   -8.97154e-11 0.239979 1.02967e-09   -5.02663e-05 1.15644e-08 0.0001   0.000509
QR_4 1787064796.912379000 0.022947   -0.0261556 0.0304455 -0.00273313   -0.00249905 0.0985823 0.0001   0.000509
HR_6 1787064796.922379000 0.999990   -7.75982e-11 0.23998 9.79209e-10   -4.78028e-05 1.15644e-08 0.0001   4.5e-05
QR_4 1787064796.922379000 0.022714   -0.0258889 0.0303479 -0.00245844   -0.00205745 0.100654 0.0001   4.5e-05
HR_6 1787064796.932379000 0.999991   -6.60726e-11 0.239981 9.31209e-10   -4.54599e-05 1.15644e-08 0.0001   6.1e-05
QR_4 1787064796.932379000 0.022418   -0.0255457 0.0302409 -0.00199287   -0.0015463 0.103225 0.0001   6.1e-05
HR_6 1787064796.942379000 0.999991   -5.51135e-11 0.239982 8.85568e-10   -4.32319e-05 1.15644e-08 0.0001   0.000718
QR_4 1787064796.942379000 0.022266   -0.0253385 0.0301687 -0.00139496   -0.0010536 0.104824 0.0001   0.000718
HR_6 1787064796.952379000 0.999992   -4.46924e-11 0.239983 8.42168e-10   -4.11131e-05 1.15644e-08 0.0001   6.4e-05
QR_4 1787064796.952379000 0.022092   -0.0251842 0.0300821 -0.00050328   -0.000461852 0.107469 0.0001   6.4e-05
HR_6 1787064796.962379000 0.999992   -4.46924e-11 0.239983 8.42168e-10   -4.11131e-05 1.15644e-08 0.0001   5.1e-05
QR_4 1787064796.962379000 0.021962   -0.0250316 0.0300076 -0.000107227   9.4732e-05 0.109273 0.0001   5.1e-05
HR_6 1787064796.972380000 0.999992   -3.4781e-11 0.239984 8.00891e-10   -3.90982e-05 1.15644e-08 0.0001   3.3e-05
QR_4 1787064796.972380000 0.021965   -0.0250228 0.0299948 2.32353e-05   -4.04254e-05 0.109922 0.0001   3.3e-05
HR_6 1787064796.982380000 0.999993   -2.3525e-11 0.239985 7.54014e-10   -3.68101e-05 1.15644e-08 0.0001   7.3e-05
QR_4 1787064796.982380000 0.021965   -0.0250196 0.029995 2.23186e-05   -3.88328e-05 0.109982 0.0001   7.3e-05
HR_6 1787064796.992380000 0.999993   -1.29317e-11 0.239985 7.09897e-10   -3.4656e-05 1.15644e-08 0.0001   5.1e-05
QR_4 1787064796.992380000 0.021965   -0.0250196 0.0299953 2.10133e-05   -3.65601e-05 0.109982 0.0001   5.1e-05
HR_6 1787064797.002380000 0.999993   -1.29317e-11 0.239985 7.09897e-10   -3.4656e-05 1.15644e-08 0.0001   6.6e-05
QR_4 1787064797.002380000 0.021965   -0.0250196 0.0299953 2.10133e-05   -3.65601e-05 0.109982 0.0001   6.6e-05
