name ts   x y z   roll pitch yaw  err delay
HR_6 1787068297.698176000 0.677720   -0.746527 0.24 -1.75758e-07   -1.57539e-07 0.991996 0.0001   0.000117
QR_4 1787068297.698176000 -1.000000   2.22045e-16 0.0299999 2.57732e-17   5.12991e-10 9.48721e-19 0.0001   0.000117
HR_6 1787068297.708176000 0.677720   -0.746527 0.24 -1.75758e-07   -1.57539e-07 0.991996 0.0001   1.8e-05
QR_4 1787068297.708176000 -1.000000   2.22045e-16 0.0299999 2.57732e-17   5.12991e-10 9.48721e-19 0.0001   1.8e-05
HR_6 1787068297.718176000 0.677720   -0.746527 0.24 -1.75758e-07   -1.57539e-07 0.991996 0.0001   2.2e-05
QR_4 1787068297.718176000 -1.000000   2.22045e-16 0.0299999 2.57732e-17   5.12991e-10 9.48721e-19 0.0001   2.2e-05
HR_6 1787068297.728176000 0.677720   -0.746527 0.24 -1.75758e-07   -1.57539e-07 0.991996 0.0001   0.000302
QR_4 1787068297.728176000 -1.000000   2.22045e-16 0.0299999 2.57732e-17   5.12991e-10 9.48721e-19 0.0001   0.000302
HR_6 1787068297.738176000 0.677720   -0.746527 0.24 -1.75758e-07   -1.57539e-07 0.991996 0.0001   1.7e-05
QR_4 1787068297.738176000 -1.000000   2.22045e-16 0.0299999 2.57732e-17   5.12991e-10 9.48721e-19 0.0001   1.7e-05
HR_6 1787068297.748174000 0.677720   -0.746527 0.24 -1.75758e-07   -1.57539e-07 0.991996 0.0001   2e-06
QR_4 1787068297.748174000 -1.000000   2.22045e-16 0.0299999 2.57732e-17   5.12991e-10 9.48721e-19 0.0001   2e-06
HR_6 1787068297.758170000 0.677720   -0.746527 0.24 -1.75758e-07   -1.57539e-07 0.991996 0.0001   2e-06
QR_4 1787068297.758170000 -1.000000   2.22045e-16 0.0299999 2.57732e-17   5.12991e-10 9.48721e-19 0.0001   2e-06
HR_6 1787068297.768170000 0.677720   -0.746527 0.24 -1.75758e-07   -1.57539e-07 0.991996 0.0001   1.2e-05
QR_4 1787068297.768170000 -1.000000   2.22045e-16 0.0299999 2.57732e-17   5.12991e-10 9.48721e-19 0.0001   1.2e-05
HR_6 1787068297.778170000 0.677720   -0.746527 0.24 -1.75758e-07   -1.57539e-07 0.991996 0.0001   0.000591
QR_4 1787068297.778170000 -1.000000   2.22045e-16 0.0299999 2.57732e-17   5.12991e-10 9.48721e-19 0.0001   0.000591
HR_6 1787068297.788170000 0.677720   -0.746527 0.24 -1.75758e-07   -1.57539e-07 0.991996 0.0001   4.4e-05
QR_4 1787068297.788170000 -1.000000   2.22045e-16 0.0299999 2.57732e-17   5.12991e-10 9.48721e-19 0.0001   4.4e-05
HR_6 1787068297.798170000 0.677720   -0.746527 0.24 -1.75758e-07   -1.57539e-07 0.991996 0.0001   1.1e-05
QR_4 1787068297.798170000 -1.000000   2.22045e-16 0.0299999 2.57732e-17   5.12991e-10 9.48721e-19 0.0001   1.1e-05
HR_6 1787068297.808164000 0.677720   -0.746527 0.24 -1.75758e-07   -1.57539e-07 0.991996 0.0001   2e-06
QR_4 1787068297.808164000 -1.000000   2.22045e-16 0.0299999 2.57732e-17   5.12991e-10 9.48721e-19 0.0001   2e-06
HR_6 1787068297.818165000 0.677720   -0.746527 0.24 -1.75758e-07   -1.57539e-07 0.991996 0.0001   1.9e-05
QR_4 1787068297.818165000 -1.000000   2.22045e-16 0.0299999 2.57732e-17   5.12991e-10 9.48721e-19 0.0001   1.9e-05
HR_6 1787068297.828165000 0.677720   -0.746527 0.24 -1.75758e-07   -1.57539e-07 0.991996 0.0001   0.000156
QR_4 1787068297.828165000 -1.000000   2.22045e-16 0.0299999 2.57732e-17   5.12991e-10 9.48721e-19 0.0001   0.000156
HR_6 1787068297.838165000 0.677720   -0.746527 0.24 -1.75758e-07   -1.57539e-07 0.991996 0.0001   4e-06
QR_4 1787068297.838165000 -1.000000   2.22045e-16 0.0299999 2.57732e-17   5.12991e-10 9.48721e-19 0.0001   4e-06
HR_6 1787068297.848165000 0.677720   -0.746527 0.24 -1.75758e-07   -1.57539e-07 0.991996 0.0001   2.2e-05
QR_4 1787068297.848165000 -1.000000   2.22045e-16 0.0299999 2.57732e-17   5.12991e-10 9.48721e-19 0.0001   2.2e-05
HR_6 1787068297.858165000 0.677720   -0.746527 0.24 -1.75758e-07   -1.57539e-07 0.991996 0.0001   1.8e-05
QR_4 1787068297.858165000 -1.000000   2.22045e-16 0.0299999 2.57732e-17   5.12991e-10 9.48721e-19 0.0001   1.8e-05
HR_6 1787068297.868165000 0.677720   -0.746527 0.24 -1.75758e-07   -1.57539e-07 0.991996 0.0001   3.4e-05
QR_4 1787068297.868165000 -1.000000   2.22045e-16 0.0299999 2.57732e-17   5.12991e-10 9.48721e-19 0.0001   3.4e-05
HR_6 1787068297.878159000 0.677720   -0.746527 0.24 -1.75758e-07   -1.57539e-07 0.991996 0.0001   3e-06
QR_4 1787068297.878159000 -1.000000   2.22045e-16 0.0299999 2.57732e-17   5.12991e-10 9.48721e-19 0.0001   3e-06
HR_6 1787068297.888160000 0.677720   -0.746527 0.24 -1.75758e-07   -1.57539e-07 0.991996 0.0001   1.7e-05
QR_4 1787068297.888160000 -1.000000   2.22045e-16 0.0299999 2.57732e-17   5.12991e-10 9.48721e-19 0.0001   1.7e-05
HR_6 1787068297.898160000 0.677720   -0.746527 0.24 -1.75758e-07   -1.57539e-07 0.991996 0.0001   2.1e-05
QR_4 1787068297.898160000 -1.000000   2.22045e-16 0.0299999 2.57732e-17   5.12991e-10 9.48721e-19 0.0001   2.1e-05
HR_6 1787068297.908160000 0.677720   -0.746527 0.24 -1.75758e-07   -1.57539e-07 0.991996 0.0001   9e-06
QR_4 1787068297.908160000 -1.000000   2.22045e-16 0.0299999 2.57732e-17   5.12991e-10 9.48721e-19 0.0001   9e-06
HR_6 1787068297.918160000 0.677720   -0.746527 0.24 -1.75758e-07   -1.57539e-07 0.991996 0.0001   0.001335
QR_4 1787068297.918160000 -1.000000   2.22045e-16 0.0299999 2.57732e-17   5.12991e-10 9.48721e-19 0.0001   0.001335
HR_6 1787068297.928160000 0.677720   -0.746527 0.24 -1.75758e-07   -1.57539e-07 0.991996 0.0001   2.6e-05
QR_4 1787068297.928160000 -1.000000   2.22045e-16 0.0299999 2.57732e-17   5.12991e-10 9.48721e-19 0.0001   2.6e-05
HR_6 1787068297.938160000 0.677720   -0.746527 0.24 -1.75758e-07   -1.57539e-07 0.991996 0.0001   6.6e-05
QR_4 1787068297.938160000 -1.000000   2.22045e-16 0.0299999 2.57732e-17   5.12991e-10 9.48721e-19 0.0001   6.6e-05
HR_6 1787068297.948160000 0.677720   -0.746527 0.24 -1.75758e-07   -1.57539e-07 0.991996 0.0001   5.5e-05
QR_4 1787068297.948160000 -1.000000   2.22045e-16 0.0299999 2.57732e-17   5.12991e-10 9.48721e-19 0.0001   5.5e-05
HR_6 1787068297.958160000 0.677720   -0.746527 0.24 -1.75758e-07   -1.57539e-07 0.991996 0.0001   8e-06
QR_4 1787068297.958160000 -1.000000   2.22045e-16 0.0299999 2.57732e-17   5.12991e-10 9.48721e-19 0.0001   8e-06
HR_6 1787068297.968160000 0.677720   -0.746527 0.24 -1.75758e-07   -1.57539e-07 0.991996 0.0001   0.000403
QR_4 1787068297.968160000 -1.000000   2.22045e-16 0.0299999 2.57732e-17   5.12991e-10 9.48721e-19 0.0001   0.000403
HR_6 1787068297.978160000 0.677720   -0.746527 0.24 -1.75758e-07   -1.57539e-07 0.991996 0.0001   3.7e-05
QR_4 1787068297.978160000 -1.000000   2.22045e-16 0.0299999 2.57732e-17   5.12991e-10 9.48721e-19 0.0001   3.7e-05
HR_6 1787068297.988161000 0.677720   -0.746527 0.24 -1.75758e-07   -1.57539e-07 0.991996 0.0001   6e-05
QR_4 1787068297.988161000 -1.000000   2.22045e-16 0.0299999 2.57732e-17   5.12991e-10 9.48721e-19 0.0001   6e-05
HR_6 1787068297.998161000 0.677720   -0.746527 0.24 -1.75758e-07   -1.57539e-07 0.991996 0.0001   3e-05
QR_4 1787068297.998161000 -1.000000   2.22045e-16 0.0299999 2.57732e-17   5.12991e-10 9.48721e-19 0.0001   3e-05
HR_6 1787068298.008161000 0.677720   -0.746527 0.24 -1.75758e-07   -1.57539e-07 0.991996 0.0001   2.5e-05
QR_4 1787068298.008161000 -1.000000   2.22045e-16 0.0299999 2.57732e-17   5.12991e-10 9.48721e-19 0.0001   2.5e-05
HR_6 1787068298.018161000 0.677720   -0.746527 0.24 -1.75758e-07   -1.57539e-07 0.991996 0.0001   4.8e-05
QR_4 1787068298.018161000 -1.000000   2.22045e-16 0.0299999 2.57732e-17   5.12991e-10 9.48721e-19 0.0001   4.8e-05
HR_6 1787068298.028161000 0.677720   -0.746527 0.24 -1.75758e-07   -1.57539e-07 0.991996 0.0001   4.4e-05
QR_4 1787068298.028161000 -1.000000   2.22045e-16 0.0299999 2.57732e-17   5.12991e-10 9.48721e-19 0.0001   4.4e-05
HR_6 1787068298.038161000 0.677720   -0.746527 0.24 -1.75758e-07   -1.57539e-07 0.991996 0.0001   0.00011
QR_4 1787068298.038161000 -1.000000   2.22045e-16 0.0299999 2.57732e-17   5.12991e-10 9.48721e-19 0.0001   0.00011
HR_6 1787068298.048161000 0.677720   -0.746527 0.24 -1.75758e-07   -1.57539e-07 0.991996 0.0001   2.7e-05
QR_4 1787068298.048161000 -1.000000   2.22045e-16 0.0299999 2.57732e-17   5.12991e-10 9.48721e-19 0.0001   2.7e-05
HR_6 1787068298.058161000 0.677720   -0.746527 0.24 -1.75758e-07   -1.57539e-07 0.991996 0.0001   9e-06
QR_4 1787068298.058161000 -1.000000   2.22045e-16 0.0299999 2.57732e-17   5.12991e-10 9.48721e-19 0.0001   9e-06
HR_6 1787068298.068161000 0.677720   -0.746527 0.24 -1.75758e-07   -1.57539e-07 0.991996 0.0001   3.5e-05
QR_4 1787068298.068161000 -1.000000   2.22045e-16 0.0299999 2.57732e-17   5.12991e-10 9.48721e-19 0.0001   3.5e-05
HR_6 1787068298.078161000 0.677720   -0.746527 0.24 -1.75758e-07   -1.57539e-07 0.991996 0.0001   3.2e-05
QR_4 1787068298.078161000 -1.000000   2.22045e-16 0.0299999 2.57732e-17   5.12991e-10 9.48721e-19 0.0001   3.2e-05
HR_6 1787068298.088162000 0.677720   -0.746527 0.24 -1.75758e-07   -1.57539e-07 0.991996 0.0001   4.7e-05
QR_4 1787068298.088162000 -1.000000   2.22045e-16 0.0299999 2.57732e-17   5.12991e-10 9.48721e-19 0.0001   4.7e-05
HR_6 1787068298.098162000 0.677720   -0.746527 0.24 -1.75758e-07   -1.57539e-07 0.991996 0.0001   3.8e-05
QR_4 1787068298.098162000 -1.000000   2.22045e-16 0.0299999 2.57732e-17   5.12991e-10 9.48721e-19 0.0001   3.8e-05
HR_6 1787068298.108162000 0.677720   -0.746527 0.24 -1.75758e-07   -1.57539e-07 0.991996 0.0001   3e-05
QR_4 1787068298.108162000 -1.000000   2.22045e-16 0.0299999 2.57732e-17   5.12991e-10 9.48721e-19 0.0001   3e-05
HR_6 1787068298.118162000 0.677720   -0.746527 0.24 -1.75758e-07   -1.57539e-07 0.991996 0.0001   0.000556
QR_4 1787068298.118162000 -1.000000   2.22045e-16 0.0299999 2.57732e-17   5.12991e-10 9.48721e-19 0.0001   0.000556
HR_6 1787068298.128162000 0.677720   -0.746527 0.24 -1.75758e-07   -1.57539e-07 0.991996 0.0001   0.000102
QR_4 1787068298.128162000 -1.000000   2.22045e-16 0.0299999 2.57732e-17   5.12991e-10 9.48721e-19 0.0001   0.000102
HR_6 1787068298.138162000 0.677720   -0.746527 0.24 -1.75758e-07   -1.57539e-07 0.991996 0.0001   9e-06
QR_4 1787068298.138162000 -1.000000   2.22045e-16 0.0299999 2.57732e-17   5.12991e-10 9.48721e-19 0.0001   9e-06
HR_6 1787068298.148162000 0.677720   -0.746527 0.24 -1.75758e-07   -1.57539e-07 0.991996 0.0001   1.4e-05
QR_4 1787068298.148162000 -1.000000   2.22045e-16 0.0299999 2.57732e-17   5.12991e-10 9.48721e-19 0.0001   1.4e-05
HR_6 1787068298.158162000 0.677720   -0.746527 0.24 -1.75758e-07   -1.57539e-07 0.991996 0.0001   1.3e-05
QR_4 1787068298.158162000 -1.000000   2.22045e-16 0.0299999 2.57732e-17   5.12991e-10 9.48721e-19 0.0001   1.3e-05
HR_6 1787068298.168162000 0.677720   -0.746527 0.24 -1.75758e-07   -1.57539e-07 0.991996 0.0001   3.2e-05
QR_4 1787068298.168162000 -1.000000   2.22045e-16 0.0299999 2.57732e-17   5.12991e-10 9.48721e-19 0.0001   3.2e-05
HR_6 1787068298.178162000 0.677720   -0.746527 0.24 -1.75758e-07   -1.57539e-07 0.991996 0.0001   0.000101
QR_4 1787068298.178162000 -1.000000   2.22045e-16 0.0299999 2.57732e-17   5.12991e-10 9.48721e-19 0.0001   0.000101
HR_6 1787068298.188163000 0.677720   -0.746527 0.24 -1.75758e-07   -1.57539e-07 0.991996 0.0001   0.002115
QR_4 1787068298.188163000 -1.000000   2.22045e-16 0.0299999 2.57732e-17   5.12991e-10 9.48721e-19 0.0001   0.002115
HR_6 1787068298.198150000 0.677720   -0.746527 0.24 -1.75758e-07   -1.57539e-07 0.991996 0.0001   2e-06
QR_4 1787068298.198150000 -1.000000   2.22045e-16 0.0299999 2.57732e-17   5.12991e-10 9.48721e-19 0.0001   2e-06
HR_6 1787068298.208150000 0.677720   -0.746527 0.24 -1.75758e-07   -1.57539e-07 0.991996 0.0001   0.000456
QR_4 1787068298.208150000 -1.000000   2.22045e-16 0.0299999 2.57732e-17   5.12991e-10 9.48721e-19 0.0001   0.000456
HR_6 1787068298.218150000 0.677720   -0.746527 0.24 -1.75758e-07   -1.57539e-07 0.991996 0.0001   5.9e-05
QR_4 1787068298.218150000 -1.000000   2.22045e-16 0.0299999 2.57732e-17   5.12991e-10 9.48721e-19 0.0001   5.9e-05
HR_6 1787068298.228150000 0.677720   -0.746527 0.24 -1.75758e-07   -1.57539e-07 0.991996 0.0001   2.6e-05
QR_4 1787068298.228150000 -1.000000   2.22045e-16 0.0299999 2.57732e-17   5.12991e-10 9.48721e-19 0.0001   2.6e-05
HR_6 1787068298.238150000 0.677720   -0.746527 0.24 -1.75758e-07   -1.57539e-07 0.991996 0.0001   0.002571
QR_4 1787068298.238150000 -1.000000   2.22045e-16 0.0299999 2.57732e-17   5.12991e-10 9.48721e-19 0.0001   0.002571
HR_6 1787068298.248150000 0.677720   -0.746527 0.24 -1.75758e-07   -1.57539e-07 0.991996 0.0001   0.000274
QR_4 1787068298.248150000 -1.000000   2.22045e-16 0.0299999 2.57732e-17   5.12991e-10 9.48721e-19 0.0001   0.000274
HR_6 1787068298.258150000 0.677720   -0.746527 0.24 -1.75758e-07   -1.57539e-07 0.991996 0.0001   0.000305
QR_4 1787068298.258150000 -1.000000   2.22045e-16 0.0299999 2.57732e-17   5.12991e-10 9.48721e-19 0.0001   0.000305
HR_6 1787068298.268150000 0.677720   -0.746527 0.24 -1.75758e-07   -1.57539e-07 0.991996 0.0001   0.002284
QR_4 1787068298.268150000 -1.000000   2.22045e-16 0.0299999 2.57732e-17   5.12991e-10 9.48721e-19 0.0001   0.002284
HR_6 1787068298.278150000 0.677720   -0.746527 0.24 -1.75758e-07   -1.57539e-07 0.991996 0.0001   0.000222
QR_4 1787068298.278150000 -1.000000   2.22045e-16 0.0299999 2.57732e-17   5.12991e-10 9.48721e-19 0.0001   0.000222
HR_6 1787068298.288150000 0.677720   -0.746527 0.24 -1.75758e-07   -1.57539e-07 0.991996 0.0001   0.000224
QR_4 1787068298.288150000 -1.000000   2.22045e-16 0.0299999 2.57732e-17   5.12991e-10 9.48721e-19 0.0001   0.000224
HR_6 1787068298.298150000 0.677720   -0.746527 0.24 -1.75758e-07   -1.57539e-07 0.991996 0.0001   0.001183
QR_4 1787068298.298150000 -1.000000   2.22045e-16 0.0299999 2.57732e-17   5.12991e-10 9.48721e-19 0.0001   0.001183
HR_6 1787068298.308151000 0.677720   -0.746527 0.24 -1.75758e-07   -1.57539e-07 0.991996 0.0001   3.1e-05
QR_4 1787068298.308151000 -1.000000   2.22045e-16 0.0299999 2.57732e-17   5.12991e-10 9.48721e-19 0.0001   3.1e-05
HR_6 1787068298.318151000 0.677720   -0.746527 0.24 -1.75758e-07   -1.57539e-07 0.991996 0.0001   6.7e-05
QR_4 1787068298.318151000 -1.000000   2.22045e-16 0.0299999 2.57732e-17   5.12991e-10 9.48721e-19 0.0001   6.7e-05
HR_6 1787068298.328151000 0.677720   -0.746527 0.24 -1.75758e-07   -1.57539e-07 0.991996 0.0001   5.6e-05
QR_4 1787068298.328151000 -1.000000   2.22045e-16 0.0299999 2.57732e-17   5.12991e-10 9.48721e-19 0.0001   5.6e-05
HR_6 1787068298.338151000 0.677720   -0.746527 0.24 -1.75758e-07   -1.57539e-07 0.991996 0.0001   6.3e-05
QR_4 1787068298.338151000 -1.000000   2.22045e-16 0.0299999 2.57732e-17   5.12991e-10 9.48721e-19 0.0001   6.3e-05
HR_6 1787068298.348151000 0.677720   -0.746527 0.24 -1.75758e-07   -1.57539e-07 0.991996 0.0001   0.002613
QR_4 1787068298.348151000 -1.000000   2.22045e-16 0.0299999 2.57732e-17   5.12991e-10 9.48721e-19 0.0001   0.002613
HR_6 1787068298.358151000 0.677720   -0.746527 0.24 -1.75758e-07   -1.57539e-07 0.991996 0.0001   9e-06
QR_4 1787068298.358151000 -1.000000   2.22045e-16 0.0299999 2.57732e-17   5.12991e-10 9.48721e-19 0.0001   9e-06
HR_6 1787068298.368151000 0.677720   -0.746527 0.24 -1.75758e-07   -1.57539e-07 0.991996 0.0001   5.2e-05
QR_4 1787068298.368151000 -1.000000   2.22045e-16 0.0299999 2.57732e-17   5.12991e-10 9.48721e-19 0.0001   5.2e-05
HR_6 1787068298.378151000 0.677720   -0.746527 0.24 -1.75758e-07   -1.57539e-07 0.991996 0.0001   0.001475
QR_4 1787068298.378151000 -1.000000   2.22045e-16 0.0299999 2.57732e-17   5.12991e-10 9.48721e-19 0.0001   0.001475
HR_6 1787068298.388151000 0.677720   -0.746527 0.24 -1.75758e-07   -1.57539e-07 0.991996 0.0001   0.0005
QR_4 1787068298.388151000 -1.000000   2.22045e-16 0.0299999 2.57732e-17   5.12991e-10 9.48721e-19 0.0001   0.0005
HR_6 1787068298.398151000 0.677720   -0.746527 0.24 -1.75758e-07   -1.57539e-07 0.991996 0.0001   4.3e-05
QR_4 1787068298.398151000 -1.000000   2.22045e-16 0.0299999 2.57732e-17   5.12991e-10 9.48721e-19 0.0001   4.3e-05
HR_6 1787068298.408152000 0.677720   -0.746527 0.24 -1.75758e-07   -1.57539e-07 0.991996 0.0001   0.000151
QR_4 1787068298.408152000 -1.000000   2.22045e-16 0.0299999 2.57732e-17   5.12991e-10 9.48721e-19 0.0001   0.000151
HR_6 1787068298.418152000 0.677720   -0.746527 0.24 -1.75758e-07   -1.57539e-07 0.991996 0.0001   4.3e-05
QR_4 1787068298.418152000 -1.000000   2.22045e-16 0.0299999 2.57732e-17   5.12991e-10 9.48721e-19 0.0001   4.3e-05
HR_6 1787068298.428152000 0.677720   -0.746527 0.24 -1.75758e-07   -1.57539e-07 0.991996 0.0001   0.000735
QR_4 1787068298.428152000 -1.000000   2.22045e-16 0.0299999 2.57732e-17   5.12991e-10 9.48721e-19 0.0001   0.000735
HR_6 1787068298.438152000 0.677720   -0.746527 0.24 -1.75758e-07   -1.57539e-07 0.991996 0.0001   2.3e-05
QR_4 1787068298.438152000 -1.000000   2.22045e-16 0.0299999 2.57732e-17   5.12991e-10 9.48721e-19 0.0001   2.3e-05
HR_6 1787068298.448152000 0.677720   -0.746527 0.24 -1.75758e-07   -1.57539e-07 0.991996 0.0001   5.9e-05
QR_4 1787068298.448152000 -1.000000   2.22045e-16 0.0299999 2.57732e-17   5.12991e-10 9.48721e-19 0.0001   5.9e-05
HR_6 1787068298.458152000 0.677720   -0.746527 0.24 -1.75758e-07   -1.57539e-07 0.991996 0.0001   2.2e-05
QR_4 1787068298.458152000 -1.000000   2.22045e-16 0.0299999 2.57732e-17   5.12991e-10 9.48721e-19 0.0001   2.2e-05
HR_6 1787068298.468152000 0.677720   -0.746527 0.24 -1.75758e-07   -1.57539e-07 0.991996 0.0001   0.000112
QR_4 1787068298.468152000 -1.000000   2.22045e-16 0.0299999 2.57732e-17   5.12991e-10 9.48721e-19 0.0001   0.000112
HR_6 1787068298.478152000 0.677720   -0.746527 0.24 -1.75758e-07   -1.57539e-07 0.991996 0.0001   0.00019
QR_4 1787068298.478152000 -1.000000   2.22045e-16 0.0299999 2.57732e-17   5.12991e-10 9.48721e-19 0.0001   0.00019
HR_6 1787068298.488152000 0.677720   -0.746527 0.24 -1.75758e-07   -1.57539e-07 0.991996 0.0001   5e-06
QR_4 1787068298.488152000 -1.000000   2.22045e-16 0.0299999 2.57732e-17   5.12991e-10 9.48721e-19 0.0001   5e-06
HR_6 1787068298.498152000 0.677720   -0.746527 0.24 -1.75758e-07   -1.57539e-07 0.991996 0.0001   0.001196
QR_4 1787068298.498152000 -1.000000   2.22045e-16 0.0299999 2.57732e-17   5.12991e-10 9.48721e-19 0.0001   0.001196
HR_6 1787068298.508153000 0.677720   -0.746527 0.24 -1.75758e-07   -1.57539e-07 0.991996 0.0001   1.5e-05
QR_4 1787068298.508153000 -1.000000   2.22045e-16 0.0299999 2.57732e-17   5.12991e-10 9.48721e-19 0.0001   1.5e-05
HR_6 1787068298.518153000 0.677720   -0.746527 0.24 -1.75758e-07   -1.57539e-07 0.991996 0.0001   0.00291
QR_4 1787068298.518153000 -1.000000   2.22045e-16 0.0299999 2.57732e-17   5.12991e-10 9.48721e-19 0.0001   0.00291
HR_6 1787068298.528153000 0.677720   -0.746527 0.24 -1.75758e-07   -1.57539e-07 0.991996 0.0001   1.2e-05
QR_4 1787068298.528153000 -1.000000   2.22045e-16 0.0299999 2.57732e-17   5.12991e-10 9.48721e-19 0.0001   1.2e-05
HR_6 1787068298.538153000 0.677720   -0.746527 0.24 -1.75758e-07   -1.57539e-07 0.991996 0.0001   2.7e-05
QR_4 1787068298.538153000 -1.000000   2.22045e-16 0.0299999 2.57732e-17   5.12991e-10 9.48721e-19 0.0001   2.7e-05
HR_6 1787068298.548153000 0.677720   -0.746527 0.24 -1.75758e-07   -1.57539e-07 0.991996 0.0001   9.1e-05
QR_4 1787068298.548153000 -1.000000   2.22045e-16 0.0299999 2.57732e-17   5.12991e-10 9.48721e-19 0.0001   9.1e-05
HR_6 1787068298.558153000 0.677720   -0.746527 0.24 -1.75758e-07   -1.57539e-07 0.991996 0.0001   0.002237
QR_4 1787068298.558153000 -1.000000   2.22045e-16 0.0299999 2.57732e-17   5.12991e-10 9.48721e-19 0.0001   0.002237
HR_6 1787068298.568153000 0.677720   -0.746527 0.24 -1.75758e-07   -1.57539e-07 0.991996 0.0001   0.000124
QR_4 1787068298.568153000 -1.000000   2.22045e-16 0.0299999 2.57732e-17   5.12991e-10 9.48721e-19 0.0001   0.000124
HR_6 1787068298.578153000 0.677720   -0.746527 0.24 -1.75758e-07   -1.57539e-07 0.991996 0.0001   5.5e-05
QR_4 1787068298.578153000 -1.000000   2.22045e-16 0.0299999 2.57732e-17   5.12991e-10 9.48721e-19 0.0001   5.5e-05
HR_6 1787068298.588153000 0.677720   -0.746527 0.24 -1.75758e-07   -1.57539e-07 0.991996 0.0001   0.000253
QR_4 1787068298.588153000 -1.000000   2.22045e-16 0.0299999 2.57732e-17   5.12991e-10 9.48721e-19 0.0001   0.000253
HR_6 1787068298.598153000 0.677720   -0.746527 0.24 -1.75758e-07   -1.57539e-07 0.991996 0.0001   4e-05
QR_4 1787068298.598153000 -1.000000   2.22045e-16 0.0299999 2.57732e-17   5.12991e-10 9.48721e-19 0.0001   4e-05
HR_6 1787068298.608154000 0.677720   -0.746527 0.24 -1.75758e-07   -1.57539e-07 0.991996 0.0001   2.7e-05
QR_4 1787068298.608154000 -1.000000   2.22045e-16 0.0299999 2.57732e-17   5.12991e-10 9.48721e-19 0.0001   2.7e-05
HR_6 1787068298.618154000 0.677720   -0.746527 0.24 -1.75758e-07   -1.57539e-07 0.991996 0.0001   3.6e-05
QR_4 1787068298.618154000 -1.000000   2.22045e-16 0.0299999 2.57732e-17   5.12991e-10 9.48721e-19 0.0001   3.6e-05
HR_6 1787068298.628154000 0.677720   -0.746527 0.24 -1.75758e-07   -1.57539e-07 0.991996 0.0001   4.2e-05
QR_4 1787068298.628154000 -1.000000   2.22045e-16 0.0299999 2.57732e-17   5.12991e-10 9.48721e-19 0.0001   4.2e-05
HR_6 1787068298.638154000 0.677720   -0.746527 0.24 -1.75758e-07   -1.57539e-07 0.991996 0.0001   0.001204
QR_4 1787068298.638154000 -1.000000   2.22045e-16 0.0299999 2.57732e-17   5.12991e-10 9.48721e-19 0.0001   0.001204
HR_6 1787068298.648154000 0.677720   -0.746527 0.24 -1.75758e-07   -1.57539e-07 0.991996 0.0001   4.4e-05
QR_4 1787068298.648154000 -1.000000   2.22045e-16 0.0299999 2.57732e-17   5.12991e-10 9.48721e-19 0.0001   4.4e-05
HR_6 1787068298.658154000 0.677720   -0.746527 0.24 -1.75758e-07   -1.57539e-07 0.991996 0.0001   4.6e-05
QR_4 1787068298.658154000 -1.000000   2.22045e-16 0.0299999 2.57732e-17   5.12991e-10 9.48721e-19 0.0001   4.6e-05
HR_6 1787068298.668154000 0.677720   -0.746527 0.24 -1.75758e-07   -1.57539e-07 0.991996 0.0001   0.001322
QR_4 1787068298.668154000 -1.000000   2.22045e-16 0.0299999 2.57732e-17   5.12991e-10 9.48721e-19 0.0001   0.001322
HR_6 1787068298.678154000 0.677720   -0.746527 0.24 -1.75758e-07   -1.57539e-07 0.991996 0.0001   5.8e-05
QR_4 1787068298.678154000 -1.000000   2.22045e-16 0.0299999 2.57732e-17   5.12991e-10 9.48721e-19 0.0001   5.8e-05
HR_6 1787068298.688154000 0.677720   -0.746527 0.24 -1.75758e-07   -1.57539e-07 0.991996 0.0001   3.7e-05
QR_4 1787068298.688154000 -1.000000   2.22045e-16 0.0299999 2.57732e-17   5.12991e-10 9.48721e-19 0.0001   3.7e-05
HR_6 1787068298.698154000 0.677720   -0.746527 0.24 -1.75758e-07   -1.57539e-07 0.991996 0.0001   4.9e-05
QR_4 1787068298.698154000 -1.000000   2.22045e-16 0.0299999 2.57732e-17   5.12991e-10 9.48721e-19 0.0001   4.9e-05
HR_6 1787068298.708155000 0.677720   -0.746527 0.24 -1.75758e-07   -1.57539e-07 0.991996 0.0001   5.6e-05
QR_4 1787068298.708155000 -1.000000   2.22045e-16 0.0299999 2.57732e-17   5.12991e-10 9.48721e-19 0.0001   5.6e-05
HR_6 1787068298.718155000 0.677720   -0.746527 0.24 -1.75758e-07   -1.57539e-07 0.991996 0.0001   3e-06
QR_4 1787068298.718155000 -1.000000   2.22045e-16 0.0299999 2.57732e-17   5.12991e-10 9.48721e-19 0.0001   3e-06
HR_6 1787068298.728155000 0.677720   -0.746527 0.24 -1.75758e-07   -1.57539e-07 0.991996 0.0001   0.000132
QR_4 1787068298.728155000 -1.000000   2.22045e-16 0.0299999 2.57732e-17   5.12991e-10 9.48721e-19 0.0001   0.000132
HR_6 1787068298.738155000 0.677720   -0.746527 0.24 -1.75758e-07   -1.57539e-07 0.991996 0.0001   0.000882
QR_4 1787068298.738155000 -1.000000   2.22045e-16 0.0299999 2.57732e-17   5.12991e-10 9.48721e-19 0.0001   0.000882
HR_6 1787068298.748155000 0.677720   -0.746527 0.24 -1.75758e-07   -1.57539e-07 0.991996 0.0001   0.001224
QR_4 1787068298.748155000 -1.000000   2.22045e-16 0.0299999 2.57732e-17   5.12991e-10 9.48721e-19 0.0001   0.001224
HR_6 1787068298.758155000 0.677720   -0.746527 0.24 -1.75758e-07   -1.57539e-07 0.991996 0.0001   2.2e-05
QR_4 1787068298.758155000 -1.000000   2.22045e-16 0.0299999 2.57732e-17   5.12991e-10 9.48721e-19 0.0001   2.2e-05
HR_6 1787068298.768155000 0.677720   -0.746527 0.24 -1.75758e-07   -1.57539e-07 0.991996 0.0001   3.1e-05
QR_4 1787068298.768155000 -1.000000   2.22045e-16 0.0299999 2.57732e-17   5.12991e-10 9.48721e-19 0.0001   3.1e-05
HR_6 1787068298.778155000 0.677720   -0.746527 0.24 -1.75758e-07   -1.57539e-07 0.991996 0.0001   0.000129
QR_4 1787068298.778155000 -1.000000   2.22045e-16 0.0299999 2.57732e-17   5.12991e-10 9.48721e-19 0.0001   0.000129
HR_6 1787068298.788155000 0.677720   -0.746527 0.24 -1.75758e-07   -1.57539e-07 0.991996 0.0001   0.001745
QR_4 1787068298.788155000 -1.000000   2.22045e-16 0.0299999 2.57732e-17   5.12991e-10 9.48721e-19 0.0001   0.001745
HR_6 1787068298.798155000 0.677720   -0.746527 0.24 -1.75758e-07   -1.57539e-07 0.991996 0.0001   2.8e-05
QR_4 1787068298.798155000 -1.000000   2.22045e-16 0.0299999 2.57732e-17   5.12991e-10 9.48721e-19 0.0001   2.8e-05
HR_6 1787068298.808156000 0.677720   -0.746527 0.24 -1.75758e-07   -1.57539e-07 0.991996 0.0001   3.4e-05
QR_4 1787068298.808156000 -1.000000   2.22045e-16 0.0299999 2.57732e-17   5.12991e-10 9.48721e-19 0.0001   3.4e-05
HR_6 1787068298.818156000 0.677720   -0.746527 0.24 -1.75758e-07   -1.57539e-07 0.991996 0.0001   0.000632
QR_4 1787068298.818156000 -1.000000   2.22045e-16 0.0299999 2.57732e-17   5.12991e-10 9.48721e-19 0.0001   0.000632
HR_6 1787068298.828156000 0.677720   -0.746527 0.24 -1.75758e-07   -1.57539e-07 0.991996 0.0001   4.5e-05
QR_4 1787068298.828156000 -1.000000   2.22045e-16 0.0299999 2.57732e-17   5.12991e-10 9.48721e-19 0.0001   4.5e-05
HR_6 1787068298.838156000 0.677720   -0.746527 0.24 -1.75758e-07   -1.57539e-07 0.991996 0.0001   0.00112
QR_4 1787068298.838156000 -1.000000   2.22045e-16 0.0299999 2.57732e-17   5.12991e-10 9.48721e-19 0.0001   0.00112
HR_6 1787068298.848156000 0.677720   -0.746527 0.24 -1.75758e-07   -1.57539e-07 0.991996 0.0001   5.4e-05
QR_4 1787068298.848156000 -1.000000   2.22045e-16 0.0299999 2.57732e-17   5.12991e-10 9.48721e-19 0.0001   5.4e-05
HR_6 1787068298.858156000 0.677720   -0.746527 0.24 -1.75758e-07   -1.57539e-07 0.991996 0.0001   2.3e-05
QR_4 1787068298.858156000 -1.000000   2.22045e-16 0.0299999 2.57732e-17   5.12991e-10 9.48721e-19 0.0001   2.3e-05
HR_6 1787068298.868156000 0.677720   -0.746527 0.24 -1.75758e-07   -1.57539e-07 0.991996 0.0001   6.6e-05
QR_4 1787068298.868156000 -1.000000   2.22045e-16 0.0299999 2.57732e-17   5.12991e-10 9.48721e-19 0.0001   6.6e-05
HR_6 1787068298.878156000 0.677720   -0.746527 0.24 -1.75758e-07   -1.57539e-07 0.991996 0.0001   5.9e-05
QR_4 1787068298.878156000 -1.000000   2.22045e-16 0.0299999 2.57732e-17   5.12991e-10 9.48721e-19 0.0001   5.9e-05
HR_6 1787068298.888156000 0.677720   -0.746527 0.24 -1.75758e-07   -1.57539e-07 0.991996 0.0001   8e-06
QR_4 1787068298.888156000 -1.000000   2.22045e-16 0.0299999 2.57732e-17   5.12991e-10 9.48721e-19 0.0001   8e-06
HR_6 1787068298.898156000 0.677720   -0.746527 0.24 -1.75758e-07   -1.57539e-07 0.991996 0.0001   5.8e-05
QR_4 1787068298.898156000 -1.000000   2.22045e-16 0.0299999 2.57732e-17   5.12991e-10 9.48721e-19 0.0001   5.8e-05
HR_6 1787068298.908157000 0.677720   -0.746527 0.24 -1.75758e-07   -1.57539e-07 0.991996 0.0001   0.002735
QR_4 1787068298.908157000 -1.000000   2.22045e-16 0.0299999 2.57732e-17   5.12991e-10 9.48721e-19 0.0001   0.002735
HR_6 1787068298.918157000 0.677720   -0.746527 0.24 -1.75758e-07   -1.57539e-07 0.991996 0.0001   3.4e-05
QR_4 1787068298.918157000 -1.000000   2.22045e-16 0.0299999 2.57732e-17   5.12991e-10 9.48721e-19 0.0001   3.4e-05
HR_6 1787068298.928157000 0.677720   -0.746527 0.24 -1.75758e-07   -1.57539e-07 0.991996 0.0001   0.000372
QR_4 1787068298.928157000 -1.000000   2.22045e-16 0.0299999 2.57732e-17   5.12991e-10 9.48721e-19 0.0001   0.000372
HR_6 1787068298.938157000 0.677720   -0.746527 0.24 -1.75758e-07   -1.57539e-07 0.991996 0.0001   1.4e-05
QR_4 1787068298.938157000 -1.000000   2.22045e-16 0.0299999 2.57732e-17   5.12991e-10 9.48721e-19 0.0001   1.4e-05
HR_6 1787068298.948157000 0.677720   -0.746527 0.24 -1.75758e-07   -1.57539e-07 0.991996 0.0001   1.7e-05
QR_4 1787068298.948157000 -1.000000   2.22045e-16 0.0299999 2.57732e-17   5.12991e-10 9.48721e-19 0.0001   1.7e-05
HR_6 1787068298.958157000 0.677720   -0.746527 0.24 -1.75758e-07   -1.57539e-07 0.991996 0.0001   2.3e-05
QR_4 1787068298.958157000 -1.000000   2.22045e-16 0.0299999 2.57732e-17   5.12991e-10 9.48721e-19 0.0001   2.3e-05
HR_6 1787068298.968157000 0.677720   -0.746527 0.24 -1.75758e-07   -1.57539e-07 0.991996 0.0001   0.001668
QR_4 1787068298.968157000 -1.000000   2.22045e-16 0.0299999 2.57732e-17   5.12991e-10 9.48721e-19 0.0001   0.001668
HR_6 1787068298.978157000 0.677720   -0.746527 0.24 -1.75758e-07   -1.57539e-07 0.991996 0.0001   7.6e-05
QR_4 1787068298.978157000 -1.000000   2.22045e-16 0.0299999 2.57732e-17   5.12991e-10 9.48721e-19 0.0001   7.6e-05
HR_6 1787068298.988157000 0.677720   -0.746527 0.24 -1.75758e-07   -1.57539e-07 0.991996 0.0001   7e-05
QR_4 1787068298.988157000 -1.000000   2.22045e-16 0.0299999 2.57732e-17   5.12991e-10 9.48721e-19 0.0001   7e-05
HR_6 1787068298.998157000 0.677720   -0.746527 0.24 -1.75758e-07   -1.57539e-07 0.991996 0.0001   5.1e-05
QR_4 1787068298.998157000 -1.000000   2.22045e-16 0.0299999 2.57732e-17   5.12991e-10 9.48721e-19 0.0001   5.1e-05
HR_6 1787068299.008147000 0.677720   -0.746527 0.24 -1.75758e-07   -1.57539e-07 0.991996 0.0001   1e-06
QR_4 1787068299.008147000 -1.000000   2.22045e-16 0.0299999 2.57732e-17   5.12991e-10 9.48721e-19 0.0001   1e-06
HR_6 1787068299.018147000 0.677720   -0.746527 0.24 -1.75758e-07   -1.57539e-07 0.991996 0.0001   0.001408
QR_4 1787068299.018147000 -1.000000   2.22045e-16 0.0299999 2.57732e-17   5.12991e-10 9.48721e-19 0.0001   0.001408
HR_6 1787068299.028147000 0.677720   -0.746527 0.24 -1.75758e-07   -1.57539e-07 0.991996 0.0001   3.5e-05
QR_4 1787068299.028147000 -1.000000   2.22045e-16 0.0299999 2.57732e-17   5.12991e-10 9.48721e-19 0.0001   3.5e-05
HR_6 1787068299.038147000 0.677720   -0.746527 0.24 -1.75758e-07   -1.57539e-07 0.991996 0.0001   0.001321
QR_4 1787068299.038147000 -1.000000   2.22045e-16 0.0299999 2.57732e-17   5.12991e-10 9.48721e-19 0.0001   0.001321
HR_6 1787068299.048147000 0.677720   -0.746527 0.24 -1.75758e-07   -1.57539e-07 0.991996 0.0001   2.3e-05
QR_4 1787068299.048147000 -1.000000   2.22045e-16 0.0299999 2.57732e-17   5.12991e-10 9.48721e-19 0.0001   2.3e-05
HR_6 1787068299.058147000 0.677720   -0.746527 0.24 -1.75758e-07   -1.57539e-07 0.991996 0.0001   9e-06
QR_4 1787068299.058147000 -1.000000   2.22045e-16 0.0299999 2.57732e-17   5.12991e-10 9.48721e-19 0.0001   9e-06
HR_6 1787068299.068147000 0.677720   -0.746527 0.24 -1.75758e-07   -1.57539e-07 0.991996 0.0001   0.001263
QR_4 1787068299.068147000 -1.000000   2.22045e-16 0.0299999 2.57732e-17   5.12991e-10 9.48721e-19 0.0001   0.001263
HR_6 1787068299.078147000 0.677720   -0.746527 0.24 -1.75758e-07   -1.57539e-07 0.991996 0.0001   4.1e-05
QR_4 1787068299.078147000 -1.000000   2.22045e-16 0.0299999 2.57732e-17   5.12991e-10 9.48721e-19 0.0001   4.1e-05
HR_6 1787068299.088147000 0.677720   -0.746527 0.24 -1.75758e-07   -1.57539e-07 0.991996 0.0001   2.3e-05
QR_4 1787068299.088147000 -1.000000   2.22045e-16 0.0299999 2.57732e-17   5.12991e-10 9.48721e-19 0.0001   2.3e-05
HR_6 1787068299.098147000 0.677720   -0.746527 0.24 -1.75758e-07   -1.57539e-07 0.991996 0.0001   8.1e-05
QR_4 1787068299.098147000 -1.000000   2.22045e-16 0.0299999 2.57732e-17   5.12991e-10 9.48721e-19 0.0001   8.1e-05
HR_6 1787068299.108147000 0.677720   -0.746527 0.24 -1.75758e-07   -1.57539e-07 0.991996 0.0001   3.4e-05
QR_4 1787068299.108147000 -1.000000   2.22045e-16 0.0299999 2.57732e-17   5.12991e-10 9.48721e-19 0.0001   3.4e-05
HR_6 1787068299.118148000 0.677720   -0.746527 0.24 -1.75758e-07   -1.57539e-07 0.991996 0.0001   4.5e-05
QR_4 1787068299.118148000 -1.000000   2.22045e-16 0.0299999 2.57732e-17   5.12991e-10 9.48721e-19 0.0001   4.5e-05
HR_6 1787068299.128148000 0.677720   -0.746527 0.24 -1.75758e-07   -1.57539e-07 0.991996 0.0001   7.5e-05
QR_4 1787068299.128148000 -1.000000   2.22045e-16 0.0299999 2.57732e-17   5.12991e-10 9.48721e-19 0.0001   7.5e-05
HR_6 1787068299.138148000 0.677720   -0.746527 0.24 -1.75758e-07   -1.57539e-07 0.991996 0.0001   4.6e-05
QR_4 1787068299.138148000 -1.000000   2.22045e-16 0.0299999 2.57732e-17   5.12991e-10 9.48721e-19 0.0001   4.6e-05
HR_6 1787068299.148148000 0.677720   -0.746527 0.24 -1.75758e-07   -1.57539e-07 0.991996 0.0001   5.5e-05
QR_4 1787068299.148148000 -1.000000   2.22045e-16 0.0299999 2.57732e-17   5.12991e-10 9.48721e-19 0.0001   5.5e-05
HR_6 1787068299.158148000 0.677720   -0.746527 0.24 -1.75758e-07   -1.57539e-07 0.991996 0.0001   0.000104
QR_4 1787068299.158148000 -1.000000   2.22045e-16 0.0299999 2.57732e-17   5.12991e-10 9.48721e-19 0.0001   0.000104
HR_6 1787068299.168148000 0.677720   -0.746527 0.24 -1.75758e-07   -1.57539e-07 0.991996 0.0001   4e-05
QR_4 1787068299.168148000 -1.000000   2.22045e-16 0.0299999 2.57732e-17   5.12991e-10 9.48721e-19 0.0001   4e-05
HR_6 1787068299.178148000 0.677720   -0.746527 0.24 -1.75758e-07   -1.57539e-07 0.991996 0.0001   6.2e-05
QR_4 1787068299.178148000 -1.000000   2.22045e-16 0.0299999 2.57732e-17   5.12991e-10 9.48721e-19 0.0001   6.2e-05
HR_6 1787068299.188148000 0.677720   -0.746527 0.24 -1.75758e-07   -1.57539e-07 0.991996 0.0001   0.001093
QR_4 1787068299.188148000 -1.000000   2.22045e-16 0.0299999 2.57732e-17   5.12991e-10 9.48721e-19 0.0001   0.001093
HR_6 1787068299.198148000 0.677720   -0.746527 0.24 -1.75758e-07   -1.57539e-07 0.991996 0.0001   4.3e-05
QR_4 1787068299.198148000 -1.000000   2.22045e-16 0.0299999 2.57732e-17   5.12991e-10 9.48721e-19 0.0001   4.3e-05
HR_6 1787068299.208148000 0.677720   -0.746527 0.24 -1.75758e-07   -1.57539e-07 0.991996 0.0001   0.000508
QR_4 1787068299.208148000 -1.000000   2.22045e-16 0.0299999 2.57732e-17   5.12991e-10 9.48721e-19 0.0001   0.000508
HR_6 1787068299.218149000 0.677720   -0.746527 0.24 -1.75758e-07   -1.57539e-07 0.991996 0.0001   4e-05
QR_4 1787068299.218149000 -1.000000   2.22045e-16 0.0299999 2.57732e-17   5.12991e-10 9.48721e-19 0.0001   4e-05
HR_6 1787068299.228149000 0.677720   -0.746527 0.24 -1.75758e-07   -1.57539e-07 0.991996 0.0001   6.4e-05
QR_4 1787068299.228149000 -1.000000   2.22045e-16 0.0299999 2.57732e-17   5.12991e-10 9.48721e-19 0.0001   6.4e-05
HR_6 1787068299.238149000 0.677720   -0.746527 0.24 -1.75758e-07   -1.57539e-07 0.991996 0.0001   0.000537
QR_4 1787068299.238149000 -1.000000   2.22045e-16 0.0299999 2.57732e-17   5.12991e-10 9.48721e-19 0.0001   0.000537
HR_6 1787068299.248149000 0.677720   -0.746527 0.24 -1.75758e-07   -1.57539e-07 0.991996 0.0001   0.000199
QR_4 1787068299.248149000 -1.000000   2.22045e-16 0.0299999 2.57732e-17   5.12991e-10 9.48721e-19 0.0001   0.000199
HR_6 1787068299.258149000 0.677720   -0.746527 0.24 -1.75758e-07   -1.57539e-07 0.991996 0.0001   1.5e-05
QR_4 1787068299.258149000 -1.000000   2.22045e-16 0.0299999 2.57732e-17   5.12991e-10 9.48721e-19 0.0001   1.5e-05
HR_6 1787068299.268149000 0.677720   -0.746527 0.24 -1.75758e-07   -1.57539e-07 0.991996 0.0001   2.3e-05
QR_4 1787068299.268149000 -1.000000   2.22045e-16 0.0299999 2.57732e-17   5.12991e-10 9.48721e-19 0.0001   2.3e-05
HR_6 1787068299.278149000 0.677720   -0.746527 0.24 -1.75758e-07   -1.57539e-07 0.991996 0.0001   2.1e-05
QR_4 1787068299.278149000 -1.000000   2.22045e-16 0.0299999 2.57732e-17   5.12991e-10 9.48721e-19 0.0001   2.1e-05
HR_6 1787068299.288149000 0.677720   -0.746527 0.24 -1.75758e-07   -1.57539e-07 0.991996 0.0001   4.8e-05
QR_4 1787068299.288149000 -1.000000   2.22045e-16 0.0299999 2.57732e-17   5.12991e-10 9.48721e-19 0.0001   4.8e-05
HR_6 1787068299.298149000 0.677720   -0.746527 0.24 -1.75758e-07   -1.57539e-07 0.991996 0.0001   3.5e-05
QR_4 1787068299.298149000 -1.000000   2.22045e-16 0.0299999 2.57732e-17   5.12991e-10 9.48721e-19 0.0001   3.5e-05
HR_6 1787068299.308149000 0.677720   -0.746527 0.24 -1.75758e-07   -1.57539e-07 0.991996 0.0001   1.7e-05
QR_4 1787068299.308149000 -1.000000   2.22045e-16 0.0299999 2.57732e-17   5.12991e-10 9.48721e-19 0.0001   1.7e-05
HR_6 1787068299.318150000 0.677720   -0.746527 0.24 -1.75758e-07   -1.57539e-07 0.991996 0.0001   3.8e-05
QR_4 1787068299.318150000 -1.000000   2.22045e-16 0.0299999 2.57732e-17   5.12991e-10 9.48721e-19 0.0001   3.8e-05
HR_6 1787068299.328150000 0.677720   -0.746527 0.24 -1.75758e-07   -1.57539e-07 0.991996 0.0001   5.8e-05
QR_4 1787068299.328150000 -1.000000   2.22045e-16 0.0299999 2.57732e-17   5.12991e-10 9.48721e-19 0.0001   5.8e-05
HR_6 1787068299.338150000 0.677720   -0.746527 0.24 -1.75758e-07   -1.57539e-07 0.991996 0.0001   2e-05
QR_4 1787068299.338150000 -1.000000   2.22045e-16 0.0299999 2.57732e-17   5.12991e-10 9.48721e-19 0.0001   2e-05
HR_6 1787068299.348150000 0.677720   -0.746527 0.24 -1.75758e-07   -1.57539e-07 0.991996 0.0001   2.9e-05
QR_4 1787068299.348150000 -1.000000   2.22045e-16 0.0299999 2.57732e-17   5.12991e-10 9.48721e-19 0.0001   2.9e-05
HR_6 1787068299.358150000 0.677720   -0.746527 0.24 -1.75758e-07   -1.57539e-07 0.991996 0.0001   0.001818
QR_4 1787068299.358150000 -1.000000   2.22045e-16 0.0299999 2.57732e-17   5.12991e-10 9.48721e-19 0.0001   0.001818
HR_6 1787068299.368150000 0.677720   -0.746527 0.24 -1.75758e-07   -1.57539e-07 0.991996 0.0001   5.9e-05
QR_4 1787068299.368150000 -1.000000   2.22045e-16 0.0299999 2.57732e-17   5.12991e-10 9.48721e-19 0.0001   5.9e-05
HR_6 1787068299.378150000 0.677720   -0.746527 0.24 -1.75758e-07   -1.57539e-07 0.991996 0.0001   4.7e-05
QR_4 1787068299.378150000 -1.000000   2.22045e-16 0.0299999 2.57732e-17   5.12991e-10 9.48721e-19 0.0001   4.7e-05
HR_6 1787068299.388150000 0.677720   -0.746527 0.24 -1.75758e-07   -1.57539e-07 0.991996 0.0001   0.000305
QR_4 1787068299.388150000 -1.000000   2.22045e-16 0.0299999 2.57732e-17   5.12991e-10 9.48721e-19 0.0001   0.000305
HR_6 1787068299.398150000 0.677720   -0.746527 0.24 -1.75758e-07   -1.57539e-07 0.991996 0.0001   5.3e-05
QR_4 1787068299.398150000 -1.000000   2.22045e-16 0.0299999 2.57732e-17   5.12991e-10 9.48721e-19 0.0001   5.3e-05
HR_6 1787068299.408150000 0.677720   -0.746527 0.24 -1.75758e-07   -1.57539e-07 0.991996 0.0001   2.3e-05
QR_4 1787068299.408150000 -1.000000   2.22045e-16 0.0299999 2.57732e-17   5.12991e-10 9.48721e-19 0.0001   2.3e-05
HR_6 1787068299.418151000 0.677720   -0.746527 0.24 -1.75758e-07   -1.57539e-07 0.991996 0.0001   0.002358
QR_4 1787068299.418151000 -1.000000   2.22045e-16 0.0299999 2.57732e-17   5.12991e-10 9.48721e-19 0.0001   0.002358
HR_6 1787068299.428151000 0.677720   -0.746527 0.24 -1.75758e-07   -1.57539e-07 0.991996 0.0001   4.2e-05
QR_4 1787068299.428151000 -1.000000   2.22045e-16 0.0299999 2.57732e-17   5.12991e-10 9.48721e-19 0.0001   4.2e-05
HR_6 1787068299.438151000 0.677720   -0.746527 0.24 -1.75758e-07   -1.57539e-07 0.991996 0.0001   3.8e-05
QR_4 1787068299.438151000 -1.000000   2.22045e-16 0.0299999 2.57732e-17   5.12991e-10 9.48721e-19 0.0001   3.8e-05
HR_6 1787068299.448151000 0.677720   -0.746527 0.24 -1.75758e-07   -1.57539e-07 0.991996 0.0001   4.6e-05
QR_4 1787068299.448151000 -1.000000   2.22045e-16 0.0299999 2.57732e-17   5.12991e-10 9.48721e-19 0.0001   4.6e-05
HR_6 1787068299.458151000 0.677720   -0.746527 0.24 -1.75758e-07   -1.57539e-07 0.991996 0.0001   0.000582
QR_4 1787068299.458151000 -1.000000   2.22045e-16 0.0299999 2.57732e-17   5.12991e-10 9.48721e-19 0.0001   0.000582
HR_6 1787068299.468151000 0.677720   -0.746527 0.24 -1.75758e-07   -1.57539e-07 0.991996 0.0001   2.9e-05
QR_4 1787068299.468151000 -1.000000   2.22045e-16 0.0299999 2.57732e-17   5.12991e-10 9.48721e-19 0.0001   2.9e-05
HR_6 1787068299.478151000 0.677720   -0.746527 0.24 -1.75758e-07   -1.57539e-07 0.991996 0.0001   6.7e-05
QR_4 1787068299.478151000 -1.000000   2.22045e-16 0.0299999 2.57732e-17   5.12991e-10 9.48721e-19 0.0001   6.7e-05
HR_6 1787068299.488151000 0.677720   -0.746527 0.24 -1.75758e-07   -1.57539e-07 0.991996 0.0001   0.001386
QR_4 1787068299.488151000 -1.000000   2.22045e-16 0.0299999 2.57732e-17   5.12991e-10 9.48721e-19 0.0001   0.001386
HR_6 1787068299.498151000 0.677720   -0.746527 0.24 -1.75758e-07   -1.57539e-07 0.991996 0.0001   2.5e-05
QR_4 1787068299.498151000 -1.000000   2.22045e-16 0.0299999 2.57732e-17   5.12991e-10 9.48721e-19 0.0001   2.5e-05
HR_6 1787068299.508151000 0.677720   -0.746527 0.24 -1.75758e-07   -1.57539e-07 0.991996 0.0001   6.3e-05
QR_4 1787068299.508151000 -1.000000   2.22045e-16 0.0299999 2.57732e-17   5.12991e-10 9.48721e-19 0.0001   6.3e-05
HR_6 1787068299.518152000 0.677720   -0.746527 0.24 -1.75758e-07   -1.57539e-07 0.991996 0.0001   4.9e-05
QR_4 1787068299.518152000 -1.000000   2.22045e-16 0.0299999 2.57732e-17   5.12991e-10 9.48721e-19 0.0001   4.9e-05
HR_6 1787068299.528152000 0.677720   -0.746527 0.24 -1.75758e-07   -1.57539e-07 0.991996 0.0001   5.6e-05
QR_4 1787068299.528152000 -1.000000   2.22045e-16 0.0299999 2.57732e-17   5.12991e-10 9.48721e-19 0.0001   5.6e-05
HR_6 1787068299.538152000 0.677720   -0.746527 0.24 -1.75758e-07   -1.57539e-07 0.991996 0.0001   4.5e-05
QR_4 1787068299.538152000 -1.000000   2.22045e-16 0.0299999 2.57732e-17   5.12991e-10 9.48721e-19 0.0001   4.5e-05
HR_6 1787068299.548152000 0.677720   -0.746527 0.24 -1.75758e-07   -1.57539e-07 0.991996 0.0001   0.00115
QR_4 1787068299.548152000 -1.000000   2.22045e-16 0.0299999 2.57732e-17   5.12991e-10 9.48721e-19 0.0001   0.00115
HR_6 1787068299.558149000 0.677720   -0.746527 0.24 -1.75758e-07   -1.57539e-07 0.991996 0.0001   3e-06
QR_4 1787068299.558149000 -1.000000   2.22045e-16 0.0299999 2.57732e-17   5.12991e-10 9.48721e-19 0.0001   3e-06
HR_6 1787068299.568150000 0.677720   -0.746527 0.24 -1.75758e-07   -1.57539e-07 0.991996 0.0001   5.1e-05
QR_4 1787068299.568150000 -1.000000   2.22045e-16 0.0299999 2.57732e-17   5.12991e-10 9.48721e-19 0.0001   5.1e-05
HR_6 1787068299.578150000 0.677720   -0.746527 0.24 -1.75758e-07   -1.57539e-07 0.991996 0.0001   0.0001
QR_4 1787068299.578150000 -1.000000   2.22045e-16 0.0299999 2.57732e-17   5.12991e-10 9.48721e-19 0.0001   0.0001
HR_6 1787068299.588150000 0.677720   -0.746527 0.24 -1.75758e-07   -1.57539e-07 0.991996 0.0001   0.002963
QR_4 1787068299.588150000 -1.000000   2.22045e-16 0.0299999 2.57732e-17   5.12991e-10 9.48721e-19 0.0001   0.002963
HR_6 1787068299.598150000 0.677720   -0.746527 0.24 -1.75758e-07   -1.57539e-07 0.991996 0.0001   0.000223
QR_4 1787068299.598150000 -1.000000   2.22045e-16 0.0299999 2.57732e-17   5.12991e-10 9.48721e-19 0.0001   0.000223
HR_6 1787068299.608150000 0.677720   -0.746527 0.24 -1.75758e-07   -1.57539e-07 0.991996 0.0001   3.8e-05
QR_4 1787068299.608150000 -1.000000   2.22045e-16 0.0299999 2.57732e-17   5.12991e-10 9.48721e-19 0.0001   3.8e-05
HR_6 1787068299.618150000 0.677720   -0.746527 0.24 -1.75758e-07   -1.57539e-07 0.991996 0.0001   4.6e-05
QR_4 1787068299.618150000 -1.000000   2.22045e-16 0.0299999 2.57732e-17   5.12991e-10 9.48721e-19 0.0001   4.6e-05
HR_6 1787068299.628150000 0.677720   -0.746527 0.24 -1.75758e-07   -1.57539e-07 0.991996 0.0001   8.3e-05
QR_4 1787068299.628150000 -1.000000   2.22045e-16 0.0299999 2.57732e-17   5.12991e-10 9.48721e-19 0.0001   8.3e-05
HR_6 1787068299.638150000 0.677720   -0.746527 0.24 -1.75758e-07   -1.57539e-07 0.991996 0.0001   2.9e-05
QR_4 1787068299.638150000 -1.000000   2.22045e-16 0.0299999 2.57732e-17   5.12991e-10 9.48721e-19 0.0001   2.9e-05
HR_6 1787068299.648150000 0.677720   -0.746527 0.24 -1.75758e-07   -1.57539e-07 0.991996 0.0001   6.6e-05
QR_4 1787068299.648150000 -1.000000   2.22045e-16 0.0299999 2.57732e-17   5.12991e-10 9.48721e-19 0.0001   6.6e-05
HR_6 1787068299.658150000 0.677720   -0.746527 0.24 -1.75758e-07   -1.57539e-07 0.991996 0.0001   4.3e-05
QR_4 1787068299.658150000 -1.000000   2.22045e-16 0.0299999 2.57732e-17   5.12991e-10 9.48721e-19 0.0001   4.3e-05
HR_6 1787068299.668151000 0.677720   -0.746527 0.24 -1.75758e-07   -1.57539e-07 0.991996 0.0001   0.000924
QR_4 1787068299.668151000 -1.000000   2.22045e-16 0.0299999 2.57732e-17   5.12991e-10 9.48721e-19 0.0001   0.000924
HR_6 1787068299.678151000 0.677720   -0.746527 0.24 -1.75758e-07   -1.57539e-07 0.991996 0.0001   4.3e-05
QR_4 1787068299.678151000 -1.000000   2.22045e-16 0.0299999 2.57732e-17   5.12991e-10 9.48721e-19 0.0001   4.3e-05
HR_6 1787068299.688151000 0.677720   -0.746527 0.24 -1.75758e-07   -1.57539e-07 0.991996 0.0001   3.1e-05
QR_4 1787068299.688151000 -1.000000   2.22045e-16 0.0299999 2.57732e-17   5.12991e-10 9.48721e-19 0.0001   3.1e-05
HR_6 1787068299.698151000 0.677720   -0.746527 0.24 -1.75758e-07   -1.57539e-07 0.991996 0.0001   4.1e-05
QR_4 1787068299.698151000 -1.000000   2.22045e-16 0.0299999 2.57732e-17   5.12991e-10 9.48721e-19 0.0001   4.1e-05
HR_6 1787068299.708151000 0.677720   -0.746527 0.24 -1.75758e-07   -1.57539e-07 0.991996 0.0001   0.000688
QR_4 1787068299.708151000 -1.000000   2.22045e-16 0.0299999 2.57732e-17   5.12991e-10 9.48721e-19 0.0001   0.000688
HR_6 1787068299.718151000 0.677720   -0.746527 0.24 -1.75758e-07   -1.57539e-07 0.991996 0.0001   0.000756
QR_4 1787068299.718151000 -1.000000   2.22045e-16 0.0299999 2.57732e-17   5.12991e-10 9.48721e-19 0.0001   0.000756
HR_6 1787068299.728151000 0.677720   -0.746527 0.24 -1.75758e-07   -1.57539e-07 0.991996 0.0001   4.5e-05
QR_4 1787068299.728151000 -1.000000   2.22045e-16 0.0299999 2.57732e-17   5.12991e-10 9.48721e-19 0.0001   4.5e-05
HR_6 1787068299.738151000 0.677720   -0.746527 0.24 -1.75758e-07   -1.57539e-07 0.991996 0.0001   3.1e-05
QR_4 1787068299.738151000 -1.000000   2.22045e-16 0.0299999 2.57732e-17   5.12991e-10 9.48721e-19 0.0001   3.1e-05
HR_6 1787068299.748151000 0.677720   -0.746527 0.24 -1.75758e-07   -1.57539e-07 0.991996 0.0001   3.9e-05
QR_4 1787068299.748151000 -1.000000   2.22045e-16 0.0299999 2.57732e-17   5.12991e-10 9.48721e-19 0.0001   3.9e-05
HR_6 1787068299.758151000 0.677720   -0.746527 0.24 -1.75758e-07   -1.57539e-07 0.991996 0.0001   2e-05
QR_4 1787068299.758151000 -1.000000   2.22045e-16 0.0299999 2.57732e-17   5.12991e-10 9.48721e-19 0.0001   2e-05
HR_6 1787068299.768152000 0.677720   -0.746527 0.24 -1.75758e-07   -1.57539e-07 0.991996 0.0001   4e-05
QR_4 1787068299.768152000 -1.000000   2.22045e-16 0.0299999 2.57732e-17   5.12991e-10 9.48721e-19 0.0001   4e-05
HR_6 1787068299.778152000 0.677720   -0.746527 0.24 -1.75758e-07   -1.57539e-07 0.991996 0.0001   3.9e-05
QR_4 1787068299.778152000 -1.000000   2.22045e-16 0.0299999 2.57732e-17   5.12991e-10 9.48721e-19 0.0001   3.9e-05
HR_6 1787068299.788152000 0.677720   -0.746527 0.24 -1.75758e-07   -1.57539e-07 0.991996 0.0001   5.7e-05
QR_4 1787068299.788152000 -1.000000   2.22045e-16 0.0299999 2.57732e-17   5.12991e-10 9.48721e-19 0.0001   5.7e-05
HR_6 1787068299.798152000 0.677720   -0.746527 0.24 -1.75758e-07   -1.57539e-07 0.991996 0.0001   3.2e-05
QR_4 1787068299.798152000 -1.000000   2.22045e-16 0.0299999 2.57732e-17   5.12991e-10 9.48721e-19 0.0001   3.2e-05
HR_6 1787068299.808152000 0.677720   -0.746527 0.24 -1.75758e-07   -1.57539e-07 0.991996 0.0001   1.9e-05
QR_4 1787068299.808152000 -1.000000   2.22045e-16 0.0299999 2.57732e-17   5.12991e-10 9.48721e-19 0.0001   1.9e-05
HR_6 1787068299.818152000 0.677720   -0.746527 0.24 -1.75758e-07   -1.57539e-07 0.991996 0.0001   5e-06
QR_4 1787068299.818152000 -1.000000   2.22045e-16 0.0299999 2.57732e-17   5.12991e-10 9.48721e-19 0.0001   5e-06
HR_6 1787068299.828152000 0.677720   -0.746527 0.24 -1.75758e-07   -1.57539e-07 0.991996 0.0001   3.6e-05
QR_4 1787068299.828152000 -1.000000   2.22045e-16 0.0299999 2.57732e-17   5.12991e-10 9.48721e-19 0.0001   3.6e-05
HR_6 1787068299.838152000 0.677720   -0.746527 0.24 -1.75758e-07   -1.57539e-07 0.991996 0.0001   0.00123
QR_4 1787068299.838152000 -1.000000   2.22045e-16 0.0299999 2.57732e-17   5.12991e-10 9.48721e-19 0.0001   0.00123
HR_6 1787068299.848152000 0.677720   -0.746527 0.24 -1.75758e-07   -1.57539e-07 0.991996 0.0001   5.9e-05
QR_4 1787068299.848152000 -1.000000   2.22045e-16 0.0299999 2.57732e-17   5.12991e-10 9.48721e-19 0.0001   5.9e-05
HR_6 1787068299.858152000 0.677720   -0.746527 0.24 -1.75758e-07   -1.57539e-07 0.991996 0.0001   3.3e-05
QR_4 1787068299.858152000 -1.000000   2.22045e-16 0.0299999 2.57732e-17   5.12991e-10 9.48721e-19 0.0001   3.3e-05
HR_6 1787068299.868153000 0.677720   -0.746527 0.24 -1.75758e-07   -1.57539e-07 0.991996 0.0001   0.000805
QR_4 1787068299.868153000 -1.000000   2.22045e-16 0.0299999 2.57732e-17   5.12991e-10 9.48721e-19 0.0001   0.000805
HR_6 1787068299.878153000 0.677720   -0.746527 0.24 -1.75758e-07   -1.57539e-07 0.991996 0.0001   0.000162
QR_4 1787068299.878153000 -1.000000   2.22045e-16 0.0299999 2.57732e-17   5.12991e-10 9.48721e-19 0.0001   0.000162
HR_6 1787068299.888153000 0.677720   -0.746527 0.24 -1.75758e-07   -1.57539e-07 0.991996 0.0001   0.001389
QR_4 1787068299.888153000 -1.000000   2.22045e-16 0.0299999 2.57732e-17   5.12991e-10 9.48721e-19 0.0001   0.001389
HR_6 1787068299.898153000 0.677720   -0.746527 0.24 -1.75758e-07   -1.57539e-07 0.991996 0.0001   7.7e-05
QR_4 1787068299.898153000 -1.000000   2.22045e-16 0.0299999 2.57732e-17   5.12991e-10 9.48721e-19 0.0001   7.7e-05
HR_6 1787068299.908153000 0.677720   -0.746527 0.24 -1.75758e-07   -1.57539e-07 0.991996 0.0001   0.002208
QR_4 1787068299.908153000 -1.000000   2.22045e-16 0.0299999 2.57732e-17   5.12991e-10 9.48721e-19 0.0001   0.002208
HR_6 1787068299.918153000 0.677720   -0.746527 0.24 -1.75758e-07   -1.57539e-07 0.991996 0.0001   7.6e-05
QR_4 1787068299.918153000 -1.000000   2.22045e-16 0.0299999 2.57732e-17   5.12991e-10 9.48721e-19 0.0001   7.6e-05
HR_6 1787068299.928153000 0.677720   -0.746527 0.24 -1.75758e-07   -1.57539e-07 0.991996 0.0001   5.6e-05
QR_4 1787068299.928153000 -1.000000   2.22045e-16 0.0299999 2.57732e-17   5.12991e-10 9.48721e-19 0.0001   5.6e-05
HR_6 1787068299.938153000 0.677720   -0.746527 0.24 -1.75758e-07   -1.57539e-07 0.991996 0.0001   2.8e-05
QR_4 1787068299.938153000 -1.000000   2.22045e-16 0.0299999 2.57732e-17   5.12991e-10 9.48721e-19 0.0001   2.8e-05
HR_6 1787068299.948153000 0.677720   -0.746527 0.24 -1.75758e-07   -1.57539e-07 0.991996 0.0001   7.3e-05
QR_4 1787068299.948153000 -1.000000   2.22045e-16 0.0299999 2.57732e-17   5.12991e-10 9.48721e-19 0.0001   7.3e-05
HR_6 1787068299.958153000 0.677720   -0.746527 0.24 -1.75758e-07   -1.57539e-07 0.991996 0.0001   2.3e-05
QR_4 1787068299.958153000 -1.000000   2.22045e-16 0.0299999 2.57732e-17   5.12991e-10 9.48721e-19 0.0001   2.3e-05
HR_6 1787068299.968154000 0.677720   -0.746527 0.24 -1.75758e-07   -1.57539e-07 0.991996 0.0001   4.1e-05
QR_4 1787068299.968154000 -1.000000   2.22045e-16 0.0299999 2.57732e-17   5.12991e-10 9.48721e-19 0.0001   4.1e-05
HR_6 1787068299.978154000 0.677720   -0.746527 0.24 -1.75758e-07   -1.57539e-07 0.991996 0.0001   0.003184
QR_4 1787068299.978154000 -1.000000   2.22045e-16 0.0299999 2.57732e-17   5.12991e-10 9.48721e-19 0.0001   0.003184
HR_6 1787068299.988154000 0.677720   -0.746527 0.24 -1.75758e-07   -1.57539e-07 0.991996 0.0001   1e-05
QR_4 1787068299.988154000 -1.000000   2.22045e-16 0.0299999 2.57732e-17   5.12991e-10 9.48721e-19 0.0001   1e-05
HR_6 1787068299.998154000 0.677721   -0.746529 0.239999 5.75438e-06   -3.3463e-06 0.991996 0.0001   7.1e-05
QR_4 1787068299.998154000 -1.000000   2.22045e-16 0.0299999 2.57732e-17   5.12991e-10 9.48721e-19 0.0001   7.1e-05
HR_6 1787068300.008154000 0.677720   -0.746528 0.24 2.05514e-06   -1.20939e-06 0.991996 0.0001   4.9e-05
QR_4 1787068300.008154000 -1.000000   2.22045e-16 0.0299999 2.57732e-17   5.12991e-10 9.48721e-19 0.0001   4.9e-05
HR_6 1787068300.018154000 0.677725   -0.746537 0.239995 3.92447e-05   -2.26525e-05 0.991996 0.0001   7.5e-05
QR_4 1787068300.018154000 -1.000000   2.22045e-16 0.0299999 2.57732e-17   5.12991e-10 9.48721e-19 0.0001   7.5e-05
HR_6 1787068300.028154000 0.677725   -0.746537 0.239996 3.74113e-05   -2.14877e-05 0.991996 0.0001   8.9e-05
QR_4 1787068300.028154000 -1.000000   2.22045e-16 0.0299999 2.57732e-17   5.12991e-10 9.48721e-19 0.0001   8.9e-05
HR_6 1787068300.038154000 0.677724   -0.746536 0.239996 3.55751e-05   -2.04315e-05 0.991996 0.0001   3.9e-05
QR_4 1787068300.038154000 -1.000000   2.22045e-16 0.0299999 2.57732e-17   5.12991e-10 9.48721e-19 0.0001   3.9e-05
HR_6 1787068300.048154000 0.677724   -0.746536 0.239996 3.38287e-05   -1.94262e-05 0.991996 0.0001   0.001473
QR_4 1787068300.048154000 -1.000000   2.22045e-16 0.0299999 2.57732e-17   5.12991e-10 9.48721e-19 0.0001   0.001473
HR_6 1787068300.058154000 0.677723   -0.746533 0.239997 2.43051e-05   -1.39362e-05 0.991996 0.0001   2e-06
QR_4 1787068300.058154000 -1.000000   2.22045e-16 0.0299999 2.57732e-17   5.12991e-10 9.48721e-19 0.0001   2e-06
HR_6 1787068300.068155000 0.677723   -0.746533 0.239997 2.43051e-05   -1.39362e-05 0.991996 0.0001   2.3e-05
QR_4 1787068300.068155000 -1.000000   2.22045e-16 0.0299999 2.57732e-17   5.12991e-10 9.48721e-19 0.0001   2.3e-05
HR_6 1787068300.078155000 0.677719   -0.746525 0.240001 -7.90878e-06   4.63771e-06 0.991996 0.0001   1.9e-05
QR_4 1787068300.078155000 -1.000000   2.22045e-16 0.0299999 2.57732e-17   5.12991e-10 9.48721e-19 0.0001   1.9e-05
HR_6 1787068300.088155000 0.677719   -0.746528 0.24 4.15974e-06   -2.32524e-06 0.991989 0.0001   5.6e-05
QR_4 1787068300.088155000 -1.000000   2.22045e-16 0.0299999 2.57732e-17   5.12991e-10 9.48721e-19 0.0001   5.6e-05
HR_6 1787068300.098155000 0.677719   -0.746528 0.24 4.15974e-06   -2.32524e-06 0.991989 0.0001   3.7e-05
QR_4 1787068300.098155000 -1.000000   2.22045e-16 0.0299999 2.57732e-17   5.12991e-10 9.48721e-19 0.0001   3.7e-05
HR_6 1787068300.108155000 0.677715   -0.746527 0.239998 1.68608e-05   -9.65352e-06 0.991951 0.0001   4e-05
QR_4 1787068300.108155000 -1.000000   2.22045e-16 0.0299999 2.57732e-17   5.12991e-10 9.48721e-19 0.0001   4e-05
HR_6 1787068300.118155000 0.677714   -0.746526 0.239998 1.43053e-05   -8.18003e-06 0.991951 0.0001   6e-05
QR_4 1787068300.118155000 -1.000000   2.22045e-16 0.0299999 2.57732e-17   5.12991e-10 9.48721e-19 0.0001   6e-05
HR_6 1787068300.128155000 0.677716   -0.74653 0.239997 2.88184e-05   -1.65522e-05 0.991951 0.0001   3.1e-05
QR_4 1787068300.128155000 -1.000000   2.22045e-16 0.0299999 2.57732e-17   5.12991e-10 9.48721e-19 0.0001   3.1e-05
HR_6 1787068300.138155000 0.677716   -0.746529 0.239997 2.57967e-05   -1.48097e-05 0.991951 0.0001   5.7e-05
QR_4 1787068300.138155000 -1.000000   2.22045e-16 0.0299999 2.57732e-17   5.12991e-10 9.48721e-19 0.0001   5.7e-05
HR_6 1787068300.148155000 0.677713   -0.746523 0.24 3.34562e-06   -1.8657e-06 0.991951 0.0001   0.000434
QR_4 1787068300.148155000 -1.000000   2.22045e-16 0.0299999 2.57732e-17   5.12991e-10 9.48721e-19 0.0001   0.000434
HR_6 1787068300.158155000 0.677713   -0.746523 0.24 3.34562e-06   -1.8657e-06 0.991951 0.0001   2.3e-05
QR_4 1787068300.158155000 -1.000000   2.22045e-16 0.0299999 2.57732e-17   5.12991e-10 9.48721e-19 0.0001   2.3e-05
HR_6 1787068300.168156000 0.677713   -0.746523 0.24 3.34562e-06   -1.8657e-06 0.991951 0.0001   0.002265
QR_4 1787068300.168156000 -1.000000   2.22045e-16 0.0299999 2.57732e-17   5.12991e-10 9.48721e-19 0.0001   0.002265
HR_6 1787068300.178156000 0.677711   -0.74652 0.240001 -9.43875e-06   5.50372e-06 0.991951 0.0001   4.4e-05
QR_4 1787068300.178156000 -1.000000   2.22045e-16 0.0299999 2.57732e-17   5.12991e-10 9.48721e-19 0.0001   4.4e-05
HR_6 1787068300.188156000 0.677714   -0.746525 0.239999 9.2455e-06   -5.27229e-06 0.991951 0.0001   0.000422
QR_4 1787068300.188156000 -1.000000   2.22045e-16 0.0299999 2.57732e-17   5.12991e-10 9.48721e-19 0.0001   0.000422
HR_6 1787068300.198156000 0.677710   -0.746517 0.240002 -2.05485e-05   1.19069e-05 0.991951 0.0001   6.8e-05
QR_4 1787068300.198156000 -1.000000   2.22045e-16 0.0299999 2.57732e-17   5.12991e-10 9.48721e-19 0.0001   6.8e-05
HR_6 1787068300.208156000 0.677712   -0.746522 0.24 1.55937e-06   -8.43645e-07 0.991946 0.0001   5e-06
QR_4 1787068300.208156000 -1.000000   2.22045e-16 0.0299999 2.57732e-17   5.12991e-10 9.48721e-19 0.0001   5e-06
HR_6 1787068300.218156000 0.677711   -0.74652 0.240001 -7.8229e-06   4.56669e-06 0.991946 0.0001   2.4e-05
QR_4 1787068300.218156000 -1.000000   2.22045e-16 0.0299999 2.57732e-17   5.12991e-10 9.48721e-19 0.0001   2.4e-05
HR_6 1787068300.228156000 0.677707   -0.746512 0.240004 -3.75971e-05   2.17346e-05 0.991943 0.0001   0.001845
QR_4 1787068300.228156000 -1.000000   2.22045e-16 0.0299999 2.57732e-17   5.12991e-10 9.48721e-19 0.0001   0.001845
HR_6 1787068300.238147000 0.677694   -0.746487 0.240016 -0.000140486   8.10668e-05 0.991943 0.0001   1e-06
QR_4 1787068300.238147000 -1.000000   2.22045e-16 0.0299999 2.57732e-17   5.12991e-10 9.48721e-19 0.0001   1e-06
HR_6 1787068300.248147000 0.677706   -0.746512 0.240004 -3.7645e-05   2.17599e-05 0.991943 0.0001   3.9e-05
QR_4 1787068300.248147000 -1.000000   2.22045e-16 0.0299999 2.57732e-17   5.12991e-10 9.48721e-19 0.0001   3.9e-05
HR_6 1787068300.258147000 0.677711   -0.746522 0.24 1.10845e-06   -5.87159e-07 0.991943 0.0001   4e-05
QR_4 1787068300.258147000 -1.000000   2.22045e-16 0.0299999 2.57732e-17   5.12991e-10 9.48721e-19 0.0001   4e-05
HR_6 1787068300.268147000 0.677708   -0.746516 0.240003 -2.46694e-05   1.42763e-05 0.991943 0.0001   2.8e-05
QR_4 1787068300.268147000 -1.000000   2.22045e-16 0.0299999 2.57732e-17   5.12991e-10 9.48721e-19 0.0001   2.8e-05
HR_6 1787068300.278147000 0.677709   -0.746518 0.240002 -1.55299e-05   9.00626e-06 0.991943 0.0001   5.1e-05
QR_4 1787068300.278147000 -1.000000   2.22045e-16 0.0299999 2.57732e-17   5.12991e-10 9.48721e-19 0.0001   5.1e-05
HR_6 1787068300.288147000 0.677709   -0.746518 0.240002 -1.51799e-05   8.80182e-06 0.991943 0.0001   1.5e-05
QR_4 1787068300.288147000 -1.000000   2.22045e-16 0.0299999 2.57732e-17   5.12991e-10 9.48721e-19 0.0001   1.5e-05
HR_6 1787068300.298147000 0.677711   -0.746522 0.24 5.42545e-07   -2.65851e-07 0.991943 0.0001   0.000272
QR_4 1787068300.298147000 -1.000000   2.22045e-16 0.0299999 2.57732e-17   5.12991e-10 9.48721e-19 0.0001   0.000272
HR_6 1787068300.308147000 0.677705   -0.746511 0.240005 -4.1156e-05   2.37781e-05 0.991934 0.0001   1.4e-05
QR_4 1787068300.308147000 -1.000000   2.22045e-16 0.0299999 2.57732e-17   5.12991e-10 9.48721e-19 0.0001   1.4e-05
HR_6 1787068300.318147000 0.677701   -0.746516 0.239999 4.36426e-06   -2.47099e-06 0.991882 0.0001   3.4e-05
QR_4 1787068300.318147000 -1.000000   2.22045e-16 0.0299999 2.57732e-17   5.12991e-10 9.48721e-19 0.0001   3.4e-05
HR_6 1787068300.328147000 0.677689   -0.746504 0.240003 -2.36888e-05   1.3706e-05 0.991831 0.0001   6.4e-05
QR_4 1787068300.328147000 -1.000000   2.22045e-16 0.0299999 2.57732e-17   5.12991e-10 9.48721e-19 0.0001   6.4e-05
HR_6 1787068300.338147000 0.677677   -0.746492 0.240005 -4.08193e-05   2.35861e-05 0.991768 0.0001   2.3e-05
QR_4 1787068300.338147000 -1.000000   2.22045e-16 0.0299999 2.57732e-17   5.12991e-10 9.48721e-19 0.0001   2.3e-05
HR_6 1787068300.348148000 0.677654   -0.746463 0.240015 -0.000128192   7.3969e-05 0.991698 0.0001   5e-05
QR_4 1787068300.348148000 -1.000000   2.22045e-16 0.0299999 2.57732e-17   5.12991e-10 9.48721e-19 0.0001   5e-05
HR_6 1787068300.358148000 0.677630   -0.746418 0.240035 -0.00030662   0.000176861 0.991689 0.0001   0.000478
QR_4 1787068300.358148000 -1.000000   2.22045e-16 0.0299999 2.57732e-17   5.12991e-10 9.48721e-19 0.0001   0.000478
HR_6 1787068300.368148000 0.677610   -0.74638 0.240053 -0.000460326   0.000265499 0.991685 0.0001   7.1e-05
QR_4 1787068300.368148000 -1.000000   2.22045e-16 0.0299999 2.57732e-17   5.12991e-10 9.48721e-19 0.0001   7.1e-05
HR_6 1787068300.378148000 0.677586   -0.746337 0.240072 -0.00062445   0.000360143 0.991664 0.0001   9.6e-05
QR_4 1787068300.378148000 -1.000000   2.22045e-16 0.0299999 2.57732e-17   5.12991e-10 9.48721e-19 0.0001   9.6e-05
HR_6 1787068300.388148000 0.677565   -0.746295 0.240091 -0.00079182   0.00045666 0.991664 0.0001   4.9e-05
QR_4 1787068300.388148000 -1.000000   2.22045e-16 0.0299999 2.57732e-17   5.12991e-10 9.48721e-19 0.0001   4.9e-05
HR_6 1787068300.398148000 0.677529   -0.746233 0.240118 -0.00100585   0.000592136 0.991598 0.0001   5.1e-05
QR_4 1787068300.398148000 -1.000000   2.22045e-16 0.0299999 2.57732e-17   5.12991e-10 9.48721e-19 0.0001   5.1e-05
HR_6 1787068300.408148000 0.677469   -0.746148 0.240142 -0.00140885   0.000711592 0.99149 0.0001   0.001098
QR_4 1787068300.408148000 -1.000000   2.22045e-16 0.0299999 2.57732e-17   5.12991e-10 9.48721e-19 0.0001   0.001098
HR_6 1787068300.418148000 0.677441   -0.746095 0.240166 -0.00160203   0.000832277 0.991459 0.0001   0.000214
QR_4 1787068300.418148000 -1.000000   2.22045e-16 0.0299999 2.57732e-17   5.12991e-10 9.48721e-19 0.0001   0.000214
HR_6 1787068300.428148000 0.677397   -0.746009 0.240208 -0.00195547   0.00104058 0.991447 0.0001   7.4e-05
QR_4 1787068300.428148000 -1.000000   2.22045e-16 0.0299999 2.57732e-17   5.12991e-10 9.48721e-19 0.0001   7.4e-05
HR_6 1787068300.438148000 0.677369   -0.745951 0.240235 -0.00218481   0.0011771 0.991447 0.0001   0.001928
QR_4 1787068300.438148000 -1.000000   2.22045e-16 0.0299999 2.57732e-17   5.12991e-10 9.48721e-19 0.0001   0.001928
HR_6 1787068300.448149000 0.677363   -0.74594 0.24024 -0.00222868   0.00120486 0.991447 0.0001   3e-05
QR_4 1787068300.448149000 -1.000000   2.22045e-16 0.0299999 2.57732e-17   5.12991e-10 9.48721e-19 0.0001   3e-05
HR_6 1787068300.458149000 0.677368   -0.745949 0.240236 -0.00218458   0.00118337 0.991435 0.0001   2.9e-05
QR_4 1787068300.458149000 -1.000000   2.22045e-16 0.0299999 2.57732e-17   5.12991e-10 9.48721e-19 0.0001   2.9e-05
HR_6 1787068300.468149000 0.677362   -0.745937 0.240242 -0.00222827   0.00121158 0.991435 0.0001   4e-05
QR_4 1787068300.468149000 -1.000000   2.22045e-16 0.0299999 2.57732e-17   5.12991e-10 9.48721e-19 0.0001   4e-05
HR_6 1787068300.478149000 0.677351   -0.745913 0.240253 -0.00232287   0.00126973 0.991435 0.0001   0.000863
QR_4 1787068300.478149000 -1.000000   2.22045e-16 0.0299999 2.57732e-17   5.12991e-10 9.48721e-19 0.0001   0.000863
HR_6 1787068300.488149000 0.677333   -0.745875 0.240271 -0.0024734   0.00135995 0.991435 0.0001   4.6e-05
QR_4 1787068300.488149000 -1.000000   2.22045e-16 0.0299999 2.57732e-17   5.12991e-10 9.48721e-19 0.0001   4.6e-05
HR_6 1787068300.498149000 0.677320   -0.74585 0.240283 -0.00257335   0.00141957 0.991434 0.0001   5e-05
QR_4 1787068300.498149000 -1.000000   2.22045e-16 0.0299999 2.57732e-17   5.12991e-10 9.48721e-19 0.0001   5e-05
HR_6 1787068300.508149000 0.677275   -0.745764 0.240321 -0.00289946   0.00161078 0.991403 0.0001   4.1e-05
QR_4 1787068300.508149000 -1.000000   2.22045e-16 0.0299999 2.57732e-17   5.12991e-10 9.48721e-19 0.0001   4.1e-05
HR_6 1787068300.518149000 0.677225   -0.745673 0.240361 -0.00319257   0.00181409 0.991298 0.0001   8.4e-05
QR_4 1787068300.518149000 -1.000000   2.22045e-16 0.0299999 2.57732e-17   5.12991e-10 9.48721e-19 0.0001   8.4e-05
HR_6 1787068300.528149000 0.677146   -0.745548 0.240404 -0.00352767   0.00202809 0.990955 0.0001   5e-05
QR_4 1787068300.528149000 -1.000000   2.22045e-16 0.0299999 2.57732e-17   5.12991e-10 9.48721e-19 0.0001   5e-05
HR_6 1787068300.538149000 0.677052   -0.745407 0.24046 -0.00402222   0.00231357 0.990762 0.0001   5.8e-05
QR_4 1787068300.538149000 -1.000000   2.22045e-16 0.0299999 2.57732e-17   5.12991e-10 9.48721e-19 0.0001   5.8e-05
HR_6 1787068300.548150000 0.676986   -0.74528 0.240513 -0.0045052   0.00257868 0.990737 0.0001   0.001222
QR_4 1787068300.548150000 -1.000000   2.22045e-16 0.0299999 2.57732e-17   5.12991e-10 9.48721e-19 0.0001   0.001222
HR_6 1787068300.558150000 0.676899   -0.745098 0.240592 -0.00525041   0.00307459 0.990671 0.0001   4.2e-05
QR_4 1787068300.558150000 -1.000000   2.22045e-16 0.0299999 2.57732e-17   5.12991e-10 9.48721e-19 0.0001   4.2e-05
HR_6 1787068300.568150000 0.676832   -0.744979 0.240644 -0.00570422   0.00333488 0.990614 0.0001   5.1e-05
QR_4 1787068300.568150000 -1.000000   2.22045e-16 0.0299999 2.57732e-17   5.12991e-10 9.48721e-19 0.0001   5.1e-05
HR_6 1787068300.578150000 0.676745   -0.74481 0.240721 -0.00638391   0.00372503 0.9906 0.0001   0.000418
QR_4 1787068300.578150000 -1.000000   2.22045e-16 0.0299999 2.57732e-17   5.12991e-10 9.48721e-19 0.0001   0.000418
HR_6 1787068300.588150000 0.676656   -0.744647 0.240793 -0.00701268   0.00408589 0.990534 0.0001   7e-05
QR_4 1787068300.588150000 -1.000000   2.22045e-16 0.0299999 2.57732e-17   5.12991e-10 9.48721e-19 0.0001   7e-05
HR_6 1787068300.598150000 0.676555   -0.744457 0.240878 -0.00771219   0.00451587 0.990428 0.0001   4.5e-05
QR_4 1787068300.598150000 -1.000000   2.22045e-16 0.0299999 2.57732e-17   5.12991e-10 9.48721e-19 0.0001   4.5e-05
HR_6 1787068300.608150000 0.676416   -0.744203 0.24095 -0.00851386   0.0048805 0.989739 0.0001   3.9e-05
QR_4 1787068300.608150000 -1.000000   2.22045e-16 0.0299999 2.57732e-17   5.12991e-10 9.48721e-19 0.0001   3.9e-05
HR_6 1787068300.618150000 0.676266   -0.743912 0.241087 -0.00970433   0.00557415 0.989694 0.0001   0.002242
QR_4 1787068300.618150000 -1.000000   2.22045e-16 0.0299999 2.57732e-17   5.12991e-10 9.48721e-19 0.0001   0.002242
HR_6 1787068300.628150000 0.676162   -0.743706 0.241181 -0.010525   0.00605231 0.989679 0.0001   4.5e-05
QR_4 1787068300.628150000 -1.000000   2.22045e-16 0.0299999 2.57732e-17   5.12991e-10 9.48721e-19 0.0001   4.5e-05
HR_6 1787068300.638150000 0.676045   -0.743474 0.241286 -0.0114577   0.00659094 0.989673 0.0001   0.001223
QR_4 1787068300.638150000 -1.000000   2.22045e-16 0.0299999 2.57732e-17   5.12991e-10 9.48721e-19 0.0001   0.001223
HR_6 1787068300.648151000 0.675924   -0.743235 0.241394 -0.0124121   0.00714187 0.98966 0.0001   7.6e-05
QR_4 1787068300.648151000 -1.000000   2.22045e-16 0.0299999 2.57732e-17   5.12991e-10 9.48721e-19 0.0001   7.6e-05
HR_6 1787068300.658151000 0.675752   -0.742894 0.241547 -0.0137784   0.00793039 0.989639 0.0001   3.3e-05
QR_4 1787068300.658151000 -1.000000   2.22045e-16 0.0299999 2.57732e-17   5.12991e-10 9.48721e-19 0.0001   3.3e-05
HR_6 1787068300.668151000 0.675556   -0.742537 0.2417 -0.0151473   0.00872037 0.989482 0.0001   0.00035
QR_4 1787068300.668151000 -1.000000   2.22045e-16 0.0299999 2.57732e-17   5.12991e-10 9.48721e-19 0.0001   0.00035
HR_6 1787068300.678151000 0.675410   -0.742252 0.241826 -0.016275   0.00937108 0.989445 0.0001   0.000618
QR_4 1787068300.678151000 -1.000000   2.22045e-16 0.0299999 2.57732e-17   5.12991e-10 9.48721e-19 0.0001   0.000618
HR_6 1787068300.688151000 0.675256   -0.741963 0.241955 -0.0174171   0.0100403 0.989358 0.0001   7.8e-05
QR_4 1787068300.688151000 -1.000000   2.22045e-16 0.0299999 2.57732e-17   5.12991e-10 9.48721e-19 0.0001   7.8e-05
HR_6 1787068300.698151000 0.675103   -0.741676 0.242084 -0.0185547   0.0107098 0.989241 0.0001   0.001526
QR_4 1787068300.698151000 -1.000000   2.22045e-16 0.0299999 2.57732e-17   5.12991e-10 9.48721e-19 0.0001   0.001526
HR_6 1787068300.708151000 0.674935   -0.741309 0.242233 -0.0199006   0.0114893 0.989273 0.0001   6.5e-05
QR_4 1787068300.708151000 -1.000000   2.22045e-16 0.0299999 2.57732e-17   5.12991e-10 9.48721e-19 0.0001   6.5e-05
HR_6 1787068300.718151000 0.674808   -0.741093 0.24232 -0.0206964   0.0119476 0.989102 0.0001   3.8e-05
QR_4 1787068300.718151000 -1.000000   2.22045e-16 0.0299999 2.57732e-17   5.12991e-10 9.48721e-19 0.0001   3.8e-05
HR_6 1787068300.728151000 0.674611   -0.740731 0.242472 -0.022077   0.0127427 0.988938 0.0001   4.4e-05
QR_4 1787068300.728151000 -1.000000   2.22045e-16 0.0299999 2.57732e-17   5.12991e-10 9.48721e-19 0.0001   4.4e-05
HR_6 1787068300.738151000 0.674413   -0.740342 0.242641 -0.0236278   0.013636 0.988901 0.0001   4e-05
QR_4 1787068300.738151000 -1.000000   2.22045e-16 0.0299999 2.57732e-17   5.12991e-10 9.48721e-19 0.0001   4e-05
HR_6 1787068300.748152000 0.674232   -0.739982 0.242797 -0.0250606   0.0144623 0.988874 0.0001   0.001187
QR_4 1787068300.748152000 -1.000000   2.22045e-16 0.0299999 2.57732e-17   5.12991e-10 9.48721e-19 0.0001   0.001187
HR_6 1787068300.758152000 0.674004   -0.739583 0.242946 -0.0265491   0.0152592 0.988509 0.0001   4.6e-05
QR_4 1787068300.758152000 -1.000000   2.22045e-16 0.0299999 2.57732e-17   5.12991e-10 9.48721e-19 0.0001   4.6e-05
HR_6 1787068300.768152000 0.673855   -0.739272 0.243077 -0.0276783   0.0159567 0.988339 0.0001   5.2e-05
QR_4 1787068300.768152000 -1.000000   2.22045e-16 0.0299999 2.57732e-17   5.12991e-10 9.48721e-19 0.0001   5.2e-05
HR_6 1787068300.778152000 0.673655   -0.738864 0.243252 -0.0292746   0.016894 0.988276 0.0001   3.9e-05
QR_4 1787068300.778152000 -1.000000   2.22045e-16 0.0299999 2.57732e-17   5.12991e-10 9.48721e-19 0.0001   3.9e-05
HR_6 1787068300.788152000 0.673275   -0.738239 0.243494 -0.0316481   0.0182032 0.987777 0.0001   2.3e-05
QR_4 1787068300.788152000 -1.000000   2.22045e-16 0.0299999 2.57732e-17   5.12991e-10 9.48721e-19 0.0001   2.3e-05
HR_6 1787068300.798152000 0.673166   -0.738026 0.243584 -0.0324878   0.0186879 0.987746 0.0001   4.7e-05
QR_4 1787068300.798152000 -1.000000   2.22045e-16 0.0299999 2.57732e-17   5.12991e-10 9.48721e-19 0.0001   4.7e-05
HR_6 1787068300.808152000 0.672850   -0.737451 0.243813 -0.0346464   0.0199334 0.987427 0.0001   0.001265
QR_4 1787068300.808152000 -1.000000   2.22045e-16 0.0299999 2.57732e-17   5.12991e-10 9.48721e-19 0.0001   0.001265
HR_6 1787068300.818152000 0.672698   -0.737138 0.243951 -0.0358672   0.0206821 0.987372 0.0001   2.9e-05
QR_4 1787068300.818152000 -1.000000   2.22045e-16 0.0299999 2.57732e-17   5.12991e-10 9.48721e-19 0.0001   2.9e-05
HR_6 1787068300.828152000 0.672394   -0.736583 0.244163 -0.0376021   0.0218355 0.986579 0.0001   0.000232
QR_4 1787068300.828152000 -1.000000   2.22045e-16 0.0299999 2.57732e-17   5.12991e-10 9.48721e-19 0.0001   0.000232
HR_6 1787068300.838152000 0.672051   -0.736005 0.244351 -0.0397022   0.0228832 0.986172 0.0001   1.2e-05
QR_4 1787068300.838152000 -1.000000   2.22045e-16 0.0299999 2.57732e-17   5.12991e-10 9.48721e-19 0.0001   1.2e-05
HR_6 1787068300.848153000 0.671801   -0.735547 0.244531 -0.0414292   0.0238777 0.985885 0.0001   0.00076
QR_4 1787068300.848153000 -1.000000   2.22045e-16 0.0299999 2.57732e-17   5.12991e-10 9.48721e-19 0.0001   0.00076
HR_6 1787068300.858153000 0.671501   -0.734976 0.244756 -0.0436117   0.0251344 0.985634 0.0001   1.6e-05
QR_4 1787068300.858153000 -1.000000   2.22045e-16 0.0299999 2.57732e-17   5.12991e-10 9.48721e-19 0.0001   1.6e-05
HR_6 1787068300.868153000 0.671309   -0.734611 0.244901 -0.0450035   0.0259413 0.985488 0.0001   5e-05
QR_4 1787068300.868153000 -1.000000   2.22045e-16 0.0299999 2.57732e-17   5.12991e-10 9.48721e-19 0.0001   5e-05
HR_6 1787068300.878153000 0.671044   -0.734072 0.245105 -0.0469857   0.0270904 0.985126 0.0001   3.6e-05
QR_4 1787068300.878153000 -1.000000   2.22045e-16 0.0299999 2.57732e-17   5.12991e-10 9.48721e-19 0.0001   3.6e-05
HR_6 1787068300.888153000 0.670629   -0.733353 0.245353 -0.0496292   0.0285042 0.984429 0.0001   1.9e-05
QR_4 1787068300.888153000 -1.000000   2.22045e-16 0.0299999 2.57732e-17   5.12991e-10 9.48721e-19 0.0001   1.9e-05
HR_6 1787068300.898153000 0.670204   -0.732614 0.245642 -0.0522876   0.0301414 0.983551 0.0001   0.000112
QR_4 1787068300.898153000 -1.000000   2.22045e-16 0.0299999 2.57732e-17   5.12991e-10 9.48721e-19 0.0001   0.000112
HR_6 1787068300.908153000 0.669812   -0.731999 0.245843 -0.0542247   0.031286 0.982489 0.0001   3.9e-05
QR_4 1787068300.908153000 -1.000000   2.22045e-16 0.0299999 2.57732e-17   5.12991e-10 9.48721e-19 0.0001   3.9e-05
HR_6 1787068300.918153000 0.669382   -0.731327 0.24606 -0.0563933   0.0325415 0.981394 0.0001   3.2e-05
QR_4 1787068300.918153000 -1.000000   2.22045e-16 0.0299999 2.57732e-17   5.12991e-10 9.48721e-19 0.0001   3.2e-05
HR_6 1787068300.928153000 0.668810   -0.73044 0.246336 -0.0593459   0.0341532 0.980013 0.0001   4.3e-05
QR_4 1787068300.928153000 -1.000000   2.22045e-16 0.0299999 2.57732e-17   5.12991e-10 9.48721e-19 0.0001   4.3e-05
HR_6 1787068300.938153000 0.668311   -0.729694 0.246562 -0.0615367   0.03547 0.978419 0.0001   3.9e-05
QR_4 1787068300.938153000 -1.000000   2.22045e-16 0.0299999 2.57732e-17   5.12991e-10 9.48721e-19 0.0001   3.9e-05
HR_6 1787068300.948154000 0.667632   -0.728727 0.246805 -0.0641671   0.0369127 0.975838 0.0001   5.4e-05
QR_4 1787068300.948154000 -1.000000   2.22045e-16 0.0299999 2.57732e-17   5.12991e-10 9.48721e-19 0.0001   5.4e-05
HR_6 1787068300.958154000 0.666945   -0.72775 0.247061 -0.0667354   0.0384272 0.973277 0.0001   0.003076
QR_4 1787068300.958154000 -1.000000   2.22045e-16 0.0299999 2.57732e-17   5.12991e-10 9.48721e-19 0.0001   0.003076
HR_6 1787068300.968154000 0.666367   -0.726915 0.247284 -0.0688051   0.0397438 0.970874 0.0001   6.6e-05
QR_4 1787068300.968154000 -1.000000   2.22045e-16 0.0299999 2.57732e-17   5.12991e-10 9.48721e-19 0.0001   6.6e-05
HR_6 1787068300.978154000 0.665632   -0.725803 0.247525 -0.0715054   0.041234 0.967249 0.0001   5.3e-05
QR_4 1787068300.978154000 -1.000000   2.22045e-16 0.0299999 2.57732e-17   5.12991e-10 9.48721e-19 0.0001   5.3e-05
HR_6 1787068300.988154000 0.664959   -0.724899 0.247733 -0.0735107   0.042483 0.964125 0.0001   4.2e-05
QR_4 1787068300.988154000 -1.000000   2.22045e-16 0.0299999 2.57732e-17   5.12991e-10 9.48721e-19 0.0001   4.2e-05
HR_6 1787068300.998154000 0.664248   -0.723966 0.247937 -0.0752989   0.043696 0.960537 0.0001   5.7e-05
QR_4 1787068300.998154000 -1.000000   2.22045e-16 0.0299999 2.57732e-17   5.12991e-10 9.48721e-19 0.0001   5.7e-05
HR_6 1787068301.008154000 0.663684   -0.723251 0.248081 -0.0765864   0.0445572 0.957563 0.0001   1.6e-05
QR_4 1787068301.008154000 -1.000000   2.22045e-16 0.0299999 2.57732e-17   5.12991e-10 9.48721e-19 0.0001   1.6e-05
HR_6 1787068301.018154000 0.662649   -0.722058 0.248268 -0.0786145   0.0457081 0.952065 0.0001   2e-05
QR_4 1787068301.018154000 -1.000000   2.22045e-16 0.0299999 2.57732e-17   5.12991e-10 9.48721e-19 0.0001   2e-05
HR_6 1787068301.028154000 0.661614   -0.720751 0.24849 -0.0808031   0.0470675 0.946515 0.0001   2.4e-05
QR_4 1787068301.028154000 -1.000000   2.22045e-16 0.0299999 2.57732e-17   5.12991e-10 9.48721e-19 0.0001   2.4e-05
HR_6 1787068301.038153000 0.660540   -0.719422 0.24867 -0.0828369   0.0481931 0.940324 0.0001   3e-06
QR_4 1787068301.038153000 -1.000000   2.22045e-16 0.0299999 2.57732e-17   5.12991e-10 9.48721e-19 0.0001   3e-06
HR_6 1787068301.048154000 0.659395   -0.718041 0.24887 -0.0847198   0.049424 0.933564 0.0001   5.4e-05
QR_4 1787068301.048154000 -1.000000   2.22045e-16 0.0299999 2.57732e-17   5.12991e-10 9.48721e-19 0.0001   5.4e-05
HR_6 1787068301.058154000 0.658237   -0.716595 0.249073 -0.0867701   0.0506862 0.926479 0.0001   2.3e-05
QR_4 1787068301.058154000 -1.000000   2.22045e-16 0.0299999 2.57732e-17   5.12991e-10 9.48721e-19 0.0001   2.3e-05
HR_6 1787068301.068154000 0.657016   -0.715075 0.249284 -0.0889631   0.0520146 0.919191 0.0001   2.6e-05
QR_4 1787068301.068154000 -1.000000   2.22045e-16 0.0299999 2.57732e-17   5.12991e-10 9.48721e-19 0.0001   2.6e-05
HR_6 1787068301.078154000 0.656264   -0.714098 0.249436 -0.090468   0.0529685 0.914792 0.0001   7.5e-05
QR_4 1787068301.078154000 -1.000000   2.22045e-16 0.0299999 2.57732e-17   5.12991e-10 9.48721e-19 0.0001   7.5e-05
HR_6 1787068301.088154000 0.655234   -0.71272 0.249649 -0.0926563   0.0543176 0.908853 0.0001   4.5e-05
QR_4 1787068301.088154000 -1.000000   2.22045e-16 0.0299999 2.57732e-17   5.12991e-10 9.48721e-19 0.0001   4.5e-05
HR_6 1787068301.098154000 0.653668   -0.710566 0.249977 -0.0962133   0.0565864 0.899958 0.0001   6.5e-05
QR_4 1787068301.098154000 -1.000000   2.22045e-16 0.0299999 2.57732e-17   5.12991e-10 9.48721e-19 0.0001   6.5e-05
HR_6 1787068301.108154000 0.652392   -0.708726 0.25028 -0.099256   0.0585231 0.892401 0.0001   0.001555
QR_4 1787068301.108154000 -1.000000   2.22045e-16 0.0299999 2.57732e-17   5.12991e-10 9.48721e-19 0.0001   0.001555
HR_6 1787068301.118154000 0.651126   -0.706843 0.250591 -0.102215   0.0605049 0.884545 0.0001   5.7e-05
QR_4 1787068301.118154000 -1.000000   2.22045e-16 0.0299999 2.57732e-17   5.12991e-10 9.48721e-19 0.0001   5.7e-05
HR_6 1787068301.128154000 0.649871   -0.704889 0.250885 -0.10539   0.0624384 0.876478 0.0001   2.3e-05
QR_4 1787068301.128154000 -1.000000   2.22045e-16 0.0299999 2.57732e-17   5.12991e-10 9.48721e-19 0.0001   2.3e-05
HR_6 1787068301.138154000 0.648673   -0.702891 0.251178 -0.108188   0.0642783 0.868036 0.0001   0.001813
QR_4 1787068301.138154000 -1.000000   2.22045e-16 0.0299999 2.57732e-17   5.12991e-10 9.48721e-19 0.0001   0.001813
HR_6 1787068301.148155000 0.647694   -0.701231 0.251471 -0.110287   0.0661054 0.860877 0.0001   3.8e-05
QR_4 1787068301.148155000 -1.000000   2.22045e-16 0.0299999 2.57732e-17   5.12991e-10 9.48721e-19 0.0001   3.8e-05
HR_6 1787068301.158155000 0.646458   -0.699148 0.251805 -0.112507   0.0681774 0.851385 0.0001   2.8e-05
QR_4 1787068301.158155000 -1.000000   2.22045e-16 0.0299999 2.57732e-17   5.12991e-10 9.48721e-19 0.0001   2.8e-05
HR_6 1787068301.168155000 0.645449   -0.697431 0.252075 -0.114449   0.069884 0.843723 0.0001   3.9e-05
QR_4 1787068301.168155000 -1.000000   2.22045e-16 0.0299999 2.57732e-17   5.12991e-10 9.48721e-19 0.0001   3.9e-05
HR_6 1787068301.178155000 0.644190   -0.695206 0.252413 -0.116512   0.0719745 0.833704 0.0001   1.7e-05
QR_4 1787068301.178155000 -1.000000   2.22045e-16 0.0299999 2.57732e-17   5.12991e-10 9.48721e-19 0.0001   1.7e-05
HR_6 1787068301.188155000 0.643201   -0.693419 0.252681 -0.118285   0.0736636 0.825708 0.0001   0.002819
QR_4 1787068301.188155000 -1.000000   2.22045e-16 0.0299999 2.57732e-17   5.12991e-10 9.48721e-19 0.0001   0.002819
HR_6 1787068301.198155000 0.642472   -0.692043 0.252848 -0.118893   0.0748564 0.819752 0.0001   2.8e-05
QR_4 1787068301.198155000 -1.000000   2.22045e-16 0.0299999 2.57732e-17   5.12991e-10 9.48721e-19 0.0001   2.8e-05
HR_6 1787068301.208155000 0.641274   -0.68981 0.253196 -0.120786   0.0769943 0.809189 0.0001   3.8e-05
QR_4 1787068301.208155000 -1.000000   2.22045e-16 0.0299999 2.57732e-17   5.12991e-10 9.48721e-19 0.0001   3.8e-05
HR_6 1787068301.218155000 0.640140   -0.687492 0.253588 -0.123122   0.0794176 0.798923 0.0001   2.2e-05
QR_4 1787068301.218155000 -1.000000   2.22045e-16 0.0299999 2.57732e-17   5.12991e-10 9.48721e-19 0.0001   2.2e-05
HR_6 1787068301.228155000 0.639071   -0.685069 0.254028 -0.125561   0.0821575 0.788724 0.0001   3.8e-05
QR_4 1787068301.228155000 -1.000000   2.22045e-16 0.0299999 2.57732e-17   5.12991e-10 9.48721e-19 0.0001   3.8e-05
HR_6 1787068301.238155000 0.638240   -0.683101 0.254373 -0.127869   0.0843812 0.780945 0.0001   4e-05
QR_4 1787068301.238155000 -1.000000   2.22045e-16 0.0299999 2.57732e-17   5.12991e-10 9.48721e-19 0.0001   4e-05
HR_6 1787068301.248156000 0.637169   -0.680591 0.254787 -0.130621   0.0870605 0.770809 0.0001   7.1e-05
QR_4 1787068301.248156000 -1.000000   2.22045e-16 0.0299999 2.57732e-17   5.12991e-10 9.48721e-19 0.0001   7.1e-05
HR_6 1787068301.258154000 0.636183   -0.677962 0.255168 -0.133058   0.0894858 0.760844 0.0001   1e-06
QR_4 1787068301.258154000 -1.000000   2.22045e-16 0.0299999 2.57732e-17   5.12991e-10 9.48721e-19 0.0001   1e-06
HR_6 1787068301.268154000 0.635764   -0.67694 0.255337 -0.134275   0.0906087 0.75675 0.0001   5.4e-05
QR_4 1787068301.268154000 -1.000000   2.22045e-16 0.0299999 2.57732e-17   5.12991e-10 9.48721e-19 0.0001   5.4e-05
HR_6 1787068301.278154000 0.634733   -0.674277 0.255764 -0.137602   0.0935082 0.746492 0.0001   8e-06
QR_4 1787068301.278154000 -1.000000   2.22045e-16 0.0299999 2.57732e-17   5.12991e-10 9.48721e-19 0.0001   8e-06
HR_6 1787068301.288154000 0.633966   -0.672092 0.256134 -0.139366   0.0955961 0.738351 0.0001   5.1e-05
QR_4 1787068301.288154000 -1.000000   2.22045e-16 0.0299999 2.57732e-17   5.12991e-10 9.48721e-19 0.0001   5.1e-05
HR_6 1787068301.298154000 0.633202   -0.66988 0.256458 -0.139839   0.097591 0.730314 0.0001   0.000455
QR_4 1787068301.298154000 -1.000000   2.22045e-16 0.0299999 2.57732e-17   5.12991e-10 9.48721e-19 0.0001   0.000455
HR_6 1787068301.308154000 0.632304   -0.667037 0.256788 -0.141071   0.0997812 0.719858 0.0001   4.8e-05
QR_4 1787068301.308154000 -1.000000   2.22045e-16 0.0299999 2.57732e-17   5.12991e-10 9.48721e-19 0.0001   4.8e-05
HR_6 1787068301.318154000 0.631440   -0.664166 0.257107 -0.142847   0.101805 0.708878 0.0001   0.000141
QR_4 1787068301.318154000 -1.000000   2.22045e-16 0.0299999 2.57732e-17   5.12991e-10 9.48721e-19 0.0001   0.000141
HR_6 1787068301.328154000 0.630568   -0.661291 0.257529 -0.145859   0.10453 0.69819 0.0001   5.3e-05
QR_4 1787068301.328154000 -1.000000   2.22045e-16 0.0299999 2.57732e-17   5.12991e-10 9.48721e-19 0.0001   5.3e-05
HR_6 1787068301.338154000 0.629698   -0.658318 0.25791 -0.148694   0.107391 0.687023 0.0001   5.9e-05
QR_4 1787068301.338154000 -1.000000   2.22045e-16 0.0299999 2.57732e-17   5.12991e-10 9.48721e-19 0.0001   5.9e-05
HR_6 1787068301.348154000 0.629193   -0.656511 0.258143 -0.150497   0.109023 0.68054 0.0001   5.8e-05
QR_4 1787068301.348154000 -1.000000   2.22045e-16 0.0299999 2.57732e-17   5.12991e-10 9.48721e-19 0.0001   5.8e-05
HR_6 1787068301.358154000 0.628361   -0.653557 0.258586 -0.153928   0.111788 0.669284 0.0001   4.2e-05
QR_4 1787068301.358154000 -1.000000   2.22045e-16 0.0299999 2.57732e-17   5.12991e-10 9.48721e-19 0.0001   4.2e-05
HR_6 1787068301.368155000 0.627741   -0.651062 0.258845 -0.155435   0.113967 0.660907 0.0001   4e-06
QR_4 1787068301.368155000 -1.000000   2.22045e-16 0.0299999 2.57732e-17   5.12991e-10 9.48721e-19 0.0001   4e-06
HR_6 1787068301.378155000 0.627016   -0.647871 0.259166 -0.157771   0.11623 0.650802 0.0001   1.3e-05
QR_4 1787068301.378155000 -1.000000   2.22045e-16 0.0299999 2.57732e-17   5.12991e-10 9.48721e-19 0.0001   1.3e-05
HR_6 1787068301.388155000 0.626288   -0.644582 0.259453 -0.158666   0.117929 0.640971 0.0001   0.003211
QR_4 1787068301.388155000 -1.000000   2.22045e-16 0.0299999 2.57732e-17   5.12991e-10 9.48721e-19 0.0001   0.003211
HR_6 1787068301.398155000 0.626010   -0.64323 0.259555 -0.158309   0.118318 0.637221 0.0001   2.9e-05
QR_4 1787068301.398155000 -1.000000   2.22045e-16 0.0299999 2.57732e-17   5.12991e-10 9.48721e-19 0.0001   2.9e-05
HR_6 1787068301.408155000 0.625363   -0.639833 0.259745 -0.157023   0.119399 0.628135 0.0001   0.000793
QR_4 1787068301.408155000 -1.000000   2.22045e-16 0.0299999 2.57732e-17   5.12991e-10 9.48721e-19 0.0001   0.000793
HR_6 1787068301.418155000 0.624916   -0.637048 0.259855 -0.157004   0.119961 0.620692 0.0001   4.4e-05
QR_4 1787068301.418155000 -1.000000   2.22045e-16 0.0299999 2.57732e-17   5.12991e-10 9.48721e-19 0.0001   4.4e-05
HR_6 1787068301.428155000 0.624374   -0.633504 0.260067 -0.157686   0.120643 0.610899 0.0001   3.2e-05
QR_4 1787068301.428155000 -1.000000   2.22045e-16 0.0299999 2.57732e-17   5.12991e-10 9.48721e-19 0.0001   3.2e-05
HR_6 1787068301.438155000 0.623786   -0.629813 0.260121 -0.157772   0.121584 0.602201 0.0001   0.000131
QR_4 1787068301.438155000 -1.000000   2.22045e-16 0.0299999 2.57732e-17   5.12991e-10 9.48721e-19 0.0001   0.000131
HR_6 1787068301.448155000 0.623362   -0.626792 0.260175 -0.157957   0.122017 0.595619 0.0001   0.00121
QR_4 1787068301.448155000 -1.000000   2.22045e-16 0.0299999 2.57732e-17   5.12991e-10 9.48721e-19 0.0001   0.00121
HR_6 1787068301.458155000 0.622744   -0.622182 0.260311 -0.158617   0.122898 0.584908 0.0001   3.2e-05
QR_4 1787068301.458155000 -1.000000   2.22045e-16 0.0299999 2.57732e-17   5.12991e-10 9.48721e-19 0.0001   3.2e-05
HR_6 1787068301.468156000 0.622328   -0.61903 0.260372 -0.159229   0.123306 0.577821 0.0001   1.8e-05
QR_4 1787068301.468156000 -1.000000   2.22045e-16 0.0299999 2.57732e-17   5.12991e-10 9.48721e-19 0.0001   1.8e-05
HR_6 1787068301.478156000 0.621815   -0.614976 0.260405 -0.159511   0.123581 0.569408 0.0001   1.5e-05
QR_4 1787068301.478156000 -1.000000   2.22045e-16 0.0299999 2.57732e-17   5.12991e-10 9.48721e-19 0.0001   1.5e-05
HR_6 1787068301.488156000 0.621509   -0.612506 0.260434 -0.159484   0.123749 0.564278 0.0001   0.000247
QR_4 1787068301.488156000 -1.000000   2.22045e-16 0.0299999 2.57732e-17   5.12991e-10 9.48721e-19 0.0001   0.000247
HR_6 1787068301.498156000 0.620914   -0.60744 0.260448 -0.158467   0.123731 0.554232 0.0001   5.1e-05
QR_4 1787068301.498156000 -1.000000   2.22045e-16 0.0299999 2.57732e-17   5.12991e-10 9.48721e-19 0.0001   5.1e-05
HR_6 1787068301.508156000 0.620464   -0.603131 0.260445 -0.157298   0.123368 0.546021 0.0001   4.9e-05
QR_4 1787068301.508156000 -1.000000   2.22045e-16 0.0299999 2.57732e-17   5.12991e-10 9.48721e-19 0.0001   4.9e-05
HR_6 1787068301.518156000 0.620220   -0.600481 0.26041 -0.156358   0.123032 0.541384 0.0001   9.5e-05
QR_4 1787068301.518156000 -1.000000   2.22045e-16 0.0299999 2.57732e-17   5.12991e-10 9.48721e-19 0.0001   9.5e-05
HR_6 1787068301.528156000 0.619723   -0.595065 0.26025 -0.15361   0.121588 0.531851 0.0001   1.9e-05
QR_4 1787068301.528156000 -1.000000   2.22045e-16 0.0299999 2.57732e-17   5.12991e-10 9.48721e-19 0.0001   1.9e-05
HR_6 1787068301.538156000 0.619401   -0.591348 0.260136 -0.151938   0.120226 0.526138 0.0001   5.8e-05
QR_4 1787068301.538156000 -1.000000   2.22045e-16 0.0299999 2.57732e-17   5.12991e-10 9.48721e-19 0.0001   5.8e-05
HR_6 1787068301.548156000 0.619080   -0.586537 0.259868 -0.149852   0.117871 0.519971 0.0001   2.3e-05
QR_4 1787068301.548156000 -1.000000   2.22045e-16 0.0299999 2.57732e-17   5.12991e-10 9.48721e-19 0.0001   2.3e-05
HR_6 1787068301.558156000 0.618771   -0.581652 0.259574 -0.148295   0.116799 0.513784 0.0001   0.001632
QR_4 1787068301.558156000 -1.000000   2.22045e-16 0.0299999 2.57732e-17   5.12991e-10 9.48721e-19 0.0001   0.001632
HR_6 1787068301.568157000 0.618551   -0.578726 0.259578 -0.148358   0.116822 0.509771 0.0001   5.4e-05
QR_4 1787068301.568157000 -1.000000   2.22045e-16 0.0299999 2.57732e-17   5.12991e-10 9.48721e-19 0.0001   5.4e-05
HR_6 1787068301.578157000 0.618229   -0.573755 0.259626 -0.149099   0.11723 0.503201 0.0001   3e-05
QR_4 1787068301.578157000 -1.000000   2.22045e-16 0.0299999 2.57732e-17   5.12991e-10 9.48721e-19 0.0001   3e-05
HR_6 1787068301.588153000 0.617883   -0.568827 0.259704 -0.149975   0.117829 0.496376 0.0001   1e-06
QR_4 1787068301.588153000 -1.000000   2.22045e-16 0.0299999 2.57732e-17   5.12991e-10 9.48721e-19 0.0001   1e-06
HR_6 1787068301.598153000 0.617690   -0.565821 0.259742 -0.150009   0.118021 0.492458 0.0001   0.000308
QR_4 1787068301.598153000 -1.000000   2.22045e-16 0.0299999 2.57732e-17   5.12991e-10 9.48721e-19 0.0001   0.000308
HR_6 1787068301.608144000 0.617398   -0.559745 0.259814 -0.149975   0.118014 0.484388 0.0001   1e-06
QR_4 1787068301.608144000 -1.000000   2.22045e-16 0.0299999 2.57732e-17   5.12991e-10 9.48721e-19 0.0001   1e-06
HR_6 1787068301.618144000 0.617228   -0.555616 0.259832 -0.149272   0.118491 0.478964 0.0001   0.003242
QR_4 1787068301.618144000 -1.000000   2.22045e-16 0.0299999 2.57732e-17   5.12991e-10 9.48721e-19 0.0001   0.003242
HR_6 1787068301.628144000 0.617109   -0.551545 0.259974 -0.149079   0.119268 0.47262 0.0001   4e-06
QR_4 1787068301.628144000 -1.000000   2.22045e-16 0.0299999 2.57732e-17   5.12991e-10 9.48721e-19 0.0001   4e-06
HR_6 1787068301.638144000 0.616980   -0.546414 0.26014 -0.148919   0.12017 0.464734 0.0001   4e-05
QR_4 1787068301.638144000 -1.000000   2.22045e-16 0.0299999 2.57732e-17   5.12991e-10 9.48721e-19 0.0001   4e-05
HR_6 1787068301.648144000 0.616906   -0.543299 0.26024 -0.148685   0.120689 0.459954 0.0001   8.8e-05
QR_4 1787068301.648144000 -1.000000   2.22045e-16 0.0299999 2.57732e-17   5.12991e-10 9.48721e-19 0.0001   8.8e-05
HR_6 1787068301.658144000 0.616798   -0.537047 0.260484 -0.148469   0.121998 0.450929 0.0001   0.000212
QR_4 1787068301.658144000 -1.000000   2.22045e-16 0.0299999 2.57732e-17   5.12991e-10 9.48721e-19 0.0001   0.000212
HR_6 1787068301.668144000 0.616741   -0.531767 0.260669 -0.148081   0.1229 0.443922 0.0001   4.9e-05
QR_4 1787068301.668144000 -1.000000   2.22045e-16 0.0299999 2.57732e-17   5.12991e-10 9.48721e-19 0.0001   4.9e-05
HR_6 1787068301.678144000 0.616708   -0.527496 0.260778 -0.146875   0.123119 0.438528 0.0001   0.000534
QR_4 1787068301.678144000 -1.000000   2.22045e-16 0.0299999 2.57732e-17   5.12991e-10 9.48721e-19 0.0001   0.000534
HR_6 1787068301.688144000 0.616694   -0.522039 0.260817 -0.14503   0.123465 0.431719 0.0001   0.000249
QR_4 1787068301.688144000 -1.000000   2.22045e-16 0.0299999 2.57732e-17   5.12991e-10 9.48721e-19 0.0001   0.000249
HR_6 1787068301.698144000 0.616658   -0.51655 0.260975 -0.144435   0.12412 0.425112 0.0001   4.7e-05
QR_4 1787068301.698144000 -1.000000   2.22045e-16 0.0299999 2.57732e-17   5.12991e-10 9.48721e-19 0.0001   4.7e-05
HR_6 1787068301.708144000 0.616643   -0.513211 0.261106 -0.144781   0.12489 0.421094 0.0001   0.00073
QR_4 1787068301.708144000 -1.000000   2.22045e-16 0.0299999 2.57732e-17   5.12991e-10 9.48721e-19 0.0001   0.00073
HR_6 1787068301.718145000 0.616645   -0.509814 0.261247 -0.145014   0.125675 0.417092 0.0001   2.8e-05
QR_4 1787068301.718145000 -1.000000   2.22045e-16 0.0299999 2.57732e-17   5.12991e-10 9.48721e-19 0.0001   2.8e-05
HR_6 1787068301.728145000 0.616729   -0.502883 0.261453 -0.144203   0.126954 0.40945 0.0001   3.1e-05
QR_4 1787068301.728145000 -1.000000   2.22045e-16 0.0299999 2.57732e-17   5.12991e-10 9.48721e-19 0.0001   3.1e-05
HR_6 1787068301.738145000 0.616782   -0.498209 0.261567 -0.143096   0.127409 0.404662 0.0001   6.5e-05
QR_4 1787068301.738145000 -1.000000   2.22045e-16 0.0299999 2.57732e-17   5.12991e-10 9.48721e-19 0.0001   6.5e-05
HR_6 1787068301.748145000 0.616856   -0.49345 0.261668 -0.141871   0.127653 0.400178 0.0001   2.5e-05
QR_4 1787068301.748145000 -1.000000   2.22045e-16 0.0299999 2.57732e-17   5.12991e-10 9.48721e-19 0.0001   2.5e-05
HR_6 1787068301.758145000 0.616993   -0.487359 0.261711 -0.140128   0.127771 0.394602 0.0001   6.3e-05
QR_4 1787068301.758145000 -1.000000   2.22045e-16 0.0299999 2.57732e-17   5.12991e-10 9.48721e-19 0.0001   6.3e-05
HR_6 1787068301.768145000 0.617077   -0.482447 0.261759 -0.1387   0.127786 0.390322 0.0001   6.6e-05
QR_4 1787068301.768145000 -1.000000   2.22045e-16 0.0299999 2.57732e-17   5.12991e-10 9.48721e-19 0.0001   6.6e-05
HR_6 1787068301.778145000 0.617165   -0.477461 0.261786 -0.137933   0.127485 0.386283 0.0001   7e-06
QR_4 1787068301.778145000 -1.000000   2.22045e-16 0.0299999 2.57732e-17   5.12991e-10 9.48721e-19 0.0001   7e-06
HR_6 1787068301.788145000 0.617302   -0.47113 0.261727 -0.136591   0.127082 0.380687 0.0001   0.000117
QR_4 1787068301.788145000 -1.000000   2.22045e-16 0.0299999 2.57732e-17   5.12991e-10 9.48721e-19 0.0001   0.000117
HR_6 1787068301.798145000 0.617439   -0.464722 0.261675 -0.134996   0.126658 0.375453 0.0001   5.6e-05
QR_4 1787068301.798145000 -1.000000   2.22045e-16 0.0299999 2.57732e-17   5.12991e-10 9.48721e-19 0.0001   5.6e-05
HR_6 1787068301.808145000 0.617604   -0.458221 0.261604 -0.13342   0.126062 0.370328 0.0001   0.000176
QR_4 1787068301.808145000 -1.000000   2.22045e-16 0.0299999 2.57732e-17   5.12991e-10 9.48721e-19 0.0001   0.000176
HR_6 1787068301.818146000 0.617749   -0.451664 0.261559 -0.131577   0.125456 0.364714 0.0001   8.2e-05
QR_4 1787068301.818146000 -1.000000   2.22045e-16 0.0299999 2.57732e-17   5.12991e-10 9.48721e-19 0.0001   8.2e-05
HR_6 1787068301.828146000 0.617902   -0.445055 0.261585 -0.130031   0.125239 0.359567 0.0001   6.8e-05
QR_4 1787068301.828146000 -1.000000   2.22045e-16 0.0299999 2.57732e-17   5.12991e-10 9.48721e-19 0.0001   6.8e-05
HR_6 1787068301.838146000 0.618030   -0.439706 0.261606 -0.128825   0.125252 0.355083 0.0001   0.000531
QR_4 1787068301.838146000 -1.000000   2.22045e-16 0.0299999 2.57732e-17   5.12991e-10 9.48721e-19 0.0001   0.000531
HR_6 1787068301.848146000 0.618165   -0.43303 0.261757 -0.127851   0.126005 0.349077 0.0001   3.4e-05
QR_4 1787068301.848146000 -1.000000   2.22045e-16 0.0299999 2.57732e-17   5.12991e-10 9.48721e-19 0.0001   3.4e-05
HR_6 1787068301.858146000 0.618311   -0.426333 0.261939 -0.126999   0.126395 0.343669 0.0001   7.7e-05
QR_4 1787068301.858146000 -1.000000   2.22045e-16 0.0299999 2.57732e-17   5.12991e-10 9.48721e-19 0.0001   7.7e-05
HR_6 1787068301.868146000 0.618413   -0.422249 0.261998 -0.126062   0.126321 0.34032 0.0001   4.2e-05
QR_4 1787068301.868146000 -1.000000   2.22045e-16 0.0299999 2.57732e-17   5.12991e-10 9.48721e-19 0.0001   4.2e-05
HR_6 1787068301.878146000 0.618658   -0.415294 0.261959 -0.123443   0.124792 0.334863 0.0001   7.4e-05
QR_4 1787068301.878146000 -1.000000   2.22045e-16 0.0299999 2.57732e-17   5.12991e-10 9.48721e-19 0.0001   7.4e-05
HR_6 1787068301.888146000 0.618867   -0.409714 0.26187 -0.120861   0.123775 0.331206 0.0001   4.9e-05
QR_4 1787068301.888146000 -1.000000   2.22045e-16 0.0299999 2.57732e-17   5.12991e-10 9.48721e-19 0.0001   4.9e-05
HR_6 1787068301.898146000 0.619125   -0.403995 0.261698 -0.117599   0.122536 0.327541 0.0001   0.000318
QR_4 1787068301.898146000 -1.000000   2.22045e-16 0.0299999 2.57732e-17   5.12991e-10 9.48721e-19 0.0001   0.000318
HR_6 1787068301.908146000 0.619539   -0.396639 0.261386 -0.113185   0.120799 0.322915 0.0001   3.6e-05
QR_4 1787068301.908146000 -1.000000   2.22045e-16 0.0299999 2.57732e-17   5.12991e-10 9.48721e-19 0.0001   3.6e-05
HR_6 1787068301.918147000 0.619928   -0.38928 0.26112 -0.110324   0.119745 0.318485 0.0001   2.6e-05
QR_4 1787068301.918147000 -1.000000   2.22045e-16 0.0299999 2.57732e-17   5.12991e-10 9.48721e-19 0.0001   2.6e-05
HR_6 1787068301.928147000 0.620061   -0.384814 0.261084 -0.109997   0.119403 0.315237 0.0001   2.8e-05
QR_4 1787068301.928147000 -1.000000   2.22045e-16 0.0299999 2.57732e-17   5.12991e-10 9.48721e-19 0.0001   2.8e-05
HR_6 1787068301.938147000 0.620345   -0.377213 0.260947 -0.109482   0.118827 0.309611 0.0001   0.001332
QR_4 1787068301.938147000 -1.000000   2.22045e-16 0.0299999 2.57732e-17   5.12991e-10 9.48721e-19 0.0001   0.001332
HR_6 1787068301.948147000 0.620572   -0.371125 0.260865 -0.109133   0.118196 0.305263 0.0001   1.2e-05
QR_4 1787068301.948147000 -1.000000   2.22045e-16 0.0299999 2.57732e-17   5.12991e-10 9.48721e-19 0.0001   1.2e-05
HR_6 1787068301.958147000 0.620867   -0.363462 0.260739 -0.108022   0.117128 0.300159 0.0001   1.5e-05
QR_4 1787068301.958147000 -1.000000   2.22045e-16 0.0299999 2.57732e-17   5.12991e-10 9.48721e-19 0.0001   1.5e-05
HR_6 1787068301.968147000 0.621109   -0.358817 0.260625 -0.107174   0.11649 0.297134 0.0001   0.001979
QR_4 1787068301.968147000 -1.000000   2.22045e-16 0.0299999 2.57732e-17   5.12991e-10 9.48721e-19 0.0001   0.001979
HR_6 1787068301.978147000 0.621455   -0.3511 0.26051 -0.106289   0.11578 0.291792 0.0001   3.3e-05
QR_4 1787068301.978147000 -1.000000   2.22045e-16 0.0299999 2.57732e-17   5.12991e-10 9.48721e-19 0.0001   3.3e-05
HR_6 1787068301.988147000 0.621704   -0.344894 0.260406 -0.105788   0.114954 0.287621 0.0001   0.002769
QR_4 1787068301.988147000 -1.000000   2.22045e-16 0.0299999 2.57732e-17   5.12991e-10 9.48721e-19 0.0001   0.002769
HR_6 1787068301.998147000 0.621969   -0.338661 0.260224 -0.105087   0.113445 0.283797 0.0001   6.1e-05
QR_4 1787068301.998147000 -1.000000   2.22045e-16 0.0299999 2.57732e-17   5.12991e-10 9.48721e-19 0.0001   6.1e-05
HR_6 1787068302.008147000 0.622435   -0.329198 0.259831 -0.10251   0.111085 0.278802 0.0001   2.1e-05
QR_4 1787068302.008147000 -1.000000   2.22045e-16 0.0299999 2.57732e-17   5.12991e-10 9.48721e-19 0.0001   2.1e-05
HR_6 1787068302.018148000 0.622793   -0.322838 0.259592 -0.10047   0.109923 0.275434 0.0001   2.8e-05
QR_4 1787068302.018148000 -1.000000   2.22045e-16 0.0299999 2.57732e-17   5.12991e-10 9.48721e-19 0.0001   2.8e-05
HR_6 1787068302.028148000 0.623213   -0.313369 0.259463 -0.0991656   0.108675 0.269613 0.0001   4.6e-05
QR_4 1787068302.028148000 -1.000000   2.22045e-16 0.0299999 2.57732e-17   5.12991e-10 9.48721e-19 0.0001   4.6e-05
HR_6 1787068302.038148000 0.623544   -0.306974 0.259313 -0.0974253   0.107886 0.265987 0.0001   3.4e-05
QR_4 1787068302.038148000 -1.000000   2.22045e-16 0.0299999 2.57732e-17   5.12991e-10 9.48721e-19 0.0001   3.4e-05
HR_6 1787068302.048148000 0.623913   -0.300577 0.259171 -0.0949644   0.106828 0.262037 0.0001   2.6e-05
QR_4 1787068302.048148000 -1.000000   2.22045e-16 0.0299999 2.57732e-17   5.12991e-10 9.48721e-19 0.0001   2.6e-05
HR_6 1787068302.058148000 0.624202   -0.294233 0.259131 -0.0931884   0.106401 0.257997 0.0001   3.8e-05
QR_4 1787068302.058148000 -1.000000   2.22045e-16 0.0299999 2.57732e-17   5.12991e-10 9.48721e-19 0.0001   3.8e-05
HR_6 1787068302.068148000 0.624647   -0.286267 0.259058 -0.0903053   0.105746 0.252655 0.0001   2.6e-05
QR_4 1787068302.068148000 -1.000000   2.22045e-16 0.0299999 2.57732e-17   5.12991e-10 9.48721e-19 0.0001   2.6e-05
HR_6 1787068302.078148000 0.625237   -0.276642 0.258987 -0.0869024   0.104788 0.245948 0.0001   0.002572
QR_4 1787068302.078148000 -1.000000   2.22045e-16 0.0299999 2.57732e-17   5.12991e-10 9.48721e-19 0.0001   0.002572
HR_6 1787068302.088148000 0.625540   -0.271831 0.258954 -0.0859139   0.104559 0.242613 0.0001   2.9e-05
QR_4 1787068302.088148000 -1.000000   2.22045e-16 0.0299999 2.57732e-17   5.12991e-10 9.48721e-19 0.0001   2.9e-05
HR_6 1787068302.098148000 0.625924   -0.265393 0.258975 -0.085557   0.104695 0.238297 0.0001   3.2e-05
QR_4 1787068302.098148000 -1.000000   2.22045e-16 0.0299999 2.57732e-17   5.12991e-10 9.48721e-19 0.0001   3.2e-05
HR_6 1787068302.108148000 0.626350   -0.25895 0.25903 -0.0861569   0.104706 0.233487 0.0001   0.002174
QR_4 1787068302.108148000 -1.000000   2.22045e-16 0.0299999 2.57732e-17   5.12991e-10 9.48721e-19 0.0001   0.002174
HR_6 1787068302.118149000 0.626716   -0.254059 0.25904 -0.0869951   0.104684 0.230023 0.0001   1.2e-05
QR_4 1787068302.118149000 -1.000000   2.22045e-16 0.0299999 2.57732e-17   5.12991e-10 9.48721e-19 0.0001   1.2e-05
HR_6 1787068302.128149000 0.627485   -0.244184 0.258952 -0.0879118   0.104408 0.223877 0.0001   0.002378
QR_4 1787068302.128149000 -1.000000   2.22045e-16 0.0299999 2.57732e-17   5.12991e-10 9.48721e-19 0.0001   0.002378
HR_6 1787068302.138149000 0.627896   -0.239223 0.258816 -0.0879149   0.104005 0.221135 0.0001   5.4e-05
QR_4 1787068302.138149000 -1.000000   2.22045e-16 0.0299999 2.57732e-17   5.12991e-10 9.48721e-19 0.0001   5.4e-05
HR_6 1787068302.148149000 0.628618   -0.230928 0.258552 -0.0878924   0.102589 0.217544 0.0001   0.000139
QR_4 1787068302.148149000 -1.000000   2.22045e-16 0.0299999 2.57732e-17   5.12991e-10 9.48721e-19 0.0001   0.000139
HR_6 1787068302.158149000 0.629341   -0.222578 0.258254 -0.0874297   0.100801 0.21404 0.0001   2.3e-05
QR_4 1787068302.158149000 -1.000000   2.22045e-16 0.0299999 2.57732e-17   5.12991e-10 9.48721e-19 0.0001   2.3e-05
HR_6 1787068302.168149000 0.630097   -0.21419 0.257968 -0.0868679   0.099137 0.210958 0.0001   0.000103
QR_4 1787068302.168149000 -1.000000   2.22045e-16 0.0299999 2.57732e-17   5.12991e-10 9.48721e-19 0.0001   0.000103
HR_6 1787068302.178149000 0.630881   -0.205798 0.257719 -0.086365   0.0977268 0.208342 0.0001   1.6e-05
QR_4 1787068302.178149000 -1.000000   2.22045e-16 0.0299999 2.57732e-17   5.12991e-10 9.48721e-19 0.0001   1.6e-05
HR_6 1787068302.188149000 0.631531   -0.199026 0.25752 -0.0865556   0.0964777 0.206216 0.0001   0.000673
QR_4 1787068302.188149000 -1.000000   2.22045e-16 0.0299999 2.57732e-17   5.12991e-10 9.48721e-19 0.0001   0.000673
HR_6 1787068302.198149000 0.632464   -0.190476 0.257164 -0.0872206   0.0947166 0.203976 0.0001   1.3e-05
QR_4 1787068302.198149000 -1.000000   2.22045e-16 0.0299999 2.57732e-17   5.12991e-10 9.48721e-19 0.0001   1.3e-05
HR_6 1787068302.208149000 0.633160   -0.183715 0.256958 -0.0877652   0.0935734 0.201739 0.0001   0.001181
QR_4 1787068302.208149000 -1.000000   2.22045e-16 0.0299999 2.57732e-17   5.12991e-10 9.48721e-19 0.0001   0.001181
HR_6 1787068302.218150000 0.634060   -0.175293 0.256774 -0.0880185   0.0924756 0.198703 0.0001   2e-05
QR_4 1787068302.218150000 -1.000000   2.22045e-16 0.0299999 2.57732e-17   5.12991e-10 9.48721e-19 0.0001   2e-05
HR_6 1787068302.228150000 0.635077   -0.166873 0.256583 -0.0878761   0.091516 0.195688 0.0001   2.4e-05
QR_4 1787068302.228150000 -1.000000   2.22045e-16 0.0299999 2.57732e-17   5.12991e-10 9.48721e-19 0.0001   2.4e-05
HR_6 1787068302.238150000 0.635657   -0.161808 0.256545 -0.0878682   0.0912581 0.193413 0.0001   3.2e-05
QR_4 1787068302.238150000 -1.000000   2.22045e-16 0.0299999 2.57732e-17   5.12991e-10 9.48721e-19 0.0001   3.2e-05
HR_6 1787068302.248150000 0.636372   -0.155048 0.256489 -0.0873446   0.0909547 0.19039 0.0001   7.7e-05
QR_4 1787068302.248150000 -1.000000   2.22045e-16 0.0299999 2.57732e-17   5.12991e-10 9.48721e-19 0.0001   7.7e-05
HR_6 1787068302.258150000 0.637298   -0.146596 0.25644 -0.0859526   0.0901481 0.186649 0.0001   0.000723
QR_4 1787068302.258150000 -1.000000   2.22045e-16 0.0299999 2.57732e-17   5.12991e-10 9.48721e-19 0.0001   0.000723
HR_6 1787068302.268150000 0.638285   -0.138095 0.256306 -0.0834724   0.0894438 0.183086 0.0001   4.8e-05
QR_4 1787068302.268150000 -1.000000   2.22045e-16 0.0299999 2.57732e-17   5.12991e-10 9.48721e-19 0.0001   4.8e-05
HR_6 1787068302.278150000 0.639081   -0.131259 0.256173 -0.0815383   0.088633 0.180356 0.0001   0.001252
QR_4 1787068302.278150000 -1.000000   2.22045e-16 0.0299999 2.57732e-17   5.12991e-10 9.48721e-19 0.0001   0.001252
HR_6 1787068302.288150000 0.640056   -0.122692 0.256037 -0.0799178   0.0872916 0.176768 0.0001   4.2e-05
QR_4 1787068302.288150000 -1.000000   2.22045e-16 0.0299999 2.57732e-17   5.12991e-10 9.48721e-19 0.0001   4.2e-05
HR_6 1787068302.298150000 0.640891   -0.115789 0.255875 -0.0790245   0.0867505 0.173915 0.0001   6.1e-05
QR_4 1787068302.298150000 -1.000000   2.22045e-16 0.0299999 2.57732e-17   5.12991e-10 9.48721e-19 0.0001   6.1e-05
HR_6 1787068302.308150000 0.641704   -0.108886 0.255753 -0.0792669   0.0858306 0.170813 0.0001   6.2e-05
QR_4 1787068302.308150000 -1.000000   2.22045e-16 0.0299999 2.57732e-17   5.12991e-10 9.48721e-19 0.0001   6.2e-05
HR_6 1787068302.318151000 0.642768   -0.100226 0.255512 -0.0797299   0.0843653 0.16701 0.0001   6.6e-05
QR_4 1787068302.318151000 -1.000000   2.22045e-16 0.0299999 2.57732e-17   5.12991e-10 9.48721e-19 0.0001   6.6e-05
HR_6 1787068302.328151000 0.643897   -0.0915021 0.255166 -0.0794516   0.083094 0.163526 0.0001   0.001773
QR_4 1787068302.328151000 -1.000000   2.22045e-16 0.0299999 2.57732e-17   5.12991e-10 9.48721e-19 0.0001   0.001773
HR_6 1787068302.338151000 0.644967   -0.0827919 0.254921 -0.0801899   0.0816633 0.1598 0.0001   5.6e-05
QR_4 1787068302.338151000 -1.000000   2.22045e-16 0.0299999 2.57732e-17   5.12991e-10 9.48721e-19 0.0001   5.6e-05
HR_6 1787068302.348151000 0.645963   -0.0741459 0.254816 -0.0817445   0.0807305 0.155155 0.0001   4.5e-05
QR_4 1787068302.348151000 -1.000000   2.22045e-16 0.0299999 2.57732e-17   5.12991e-10 9.48721e-19 0.0001   4.5e-05
HR_6 1787068302.358151000 0.646999   -0.0654698 0.254689 -0.0825746   0.0806286 0.151085 0.0001   3.3e-05
QR_4 1787068302.358151000 -1.000000   2.22045e-16 0.0299999 2.57732e-17   5.12991e-10 9.48721e-19 0.0001   3.3e-05
HR_6 1787068302.368151000 0.648217   -0.055109 0.254666 -0.0833444   0.0805426 0.145057 0.0001   0.001396
QR_4 1787068302.368151000 -1.000000   2.22045e-16 0.0299999 2.57732e-17   5.12991e-10 9.48721e-19 0.0001   0.001396
HR_6 1787068302.378151000 0.649226   -0.0464972 0.254715 -0.0831058   0.0804337 0.139646 0.0001   6e-06
QR_4 1787068302.378151000 -1.000000   2.22045e-16 0.0299999 2.57732e-17   5.12991e-10 9.48721e-19 0.0001   6e-06
HR_6 1787068302.388151000 0.650075   -0.0395791 0.25466 -0.0825955   0.0803587 0.135857 0.0001   2.3e-05
QR_4 1787068302.388151000 -1.000000   2.22045e-16 0.0299999 2.57732e-17   5.12991e-10 9.48721e-19 0.0001   2.3e-05
HR_6 1787068302.398151000 0.651342   -0.0291377 0.254565 -0.080957   0.0796771 0.131063 0.0001   0.001614
QR_4 1787068302.398151000 -1.000000   2.22045e-16 0.0299999 2.57732e-17   5.12991e-10 9.48721e-19 0.0001   0.001614
HR_6 1787068302.408151000 0.652438   -0.0203843 0.254425 -0.0792234   0.078732 0.12775 0.0001   3.5e-05
QR_4 1787068302.408151000 -1.000000   2.22045e-16 0.0299999 2.57732e-17   5.12991e-10 9.48721e-19 0.0001   3.5e-05
HR_6 1787068302.418152000 0.653514   -0.0116681 0.254293 -0.0776625   0.077692 0.123941 0.0001   4e-05
QR_4 1787068302.418152000 -1.000000   2.22045e-16 0.0299999 2.57732e-17   5.12991e-10 9.48721e-19 0.0001   4e-05
HR_6 1787068302.428152000 0.654401   -0.00465203 0.25416 -0.0762991   0.0768129 0.121945 0.0001   1.7e-05
QR_4 1787068302.428152000 -1.000000   2.22045e-16 0.0299999 2.57732e-17   5.12991e-10 9.48721e-19 0.0001   1.7e-05
HR_6 1787068302.438152000 0.655581   0.00418853 0.253958 -0.0747433   0.0756075 0.119825 0.0001   3.2e-05
QR_4 1787068302.438152000 -1.000000   2.22045e-16 0.0299999 2.57732e-17   5.12991e-10 9.48721e-19 0.0001   3.2e-05
HR_6 1787068302.448152000 0.656756   0.0130413 0.253739 -0.0731836   0.0745446 0.116951 0.0001   4.4e-05
QR_4 1787068302.448152000 -1.000000   2.22045e-16 0.0299999 2.57732e-17   5.12991e-10 9.48721e-19 0.0001   4.4e-05
HR_6 1787068302.458152000 0.657453   0.018348 0.253618 -0.0727306   0.0738437 0.115238 0.0001   1e-05
QR_4 1787068302.458152000 -1.000000   2.22045e-16 0.0299999 2.57732e-17   5.12991e-10 9.48721e-19 0.0001   1e-05
HR_6 1787068302.468152000 0.658823   0.0289404 0.253425 -0.072041   0.0727546 0.110623 0.0001   3e-05
QR_4 1787068302.468152000 -1.000000   2.22045e-16 0.0299999 2.57732e-17   5.12991e-10 9.48721e-19 0.0001   3e-05
HR_6 1787068302.478152000 0.659743   0.0360148 0.25326 -0.0714296   0.0717907 0.107785 0.0001   1.1e-05
QR_4 1787068302.478152000 -1.000000   2.22045e-16 0.0299999 2.57732e-17   5.12991e-10 9.48721e-19 0.0001   1.1e-05
HR_6 1787068302.488152000 0.660647   0.0430591 0.253062 -0.0710404   0.0706812 0.105182 0.0001   8e-06
QR_4 1787068302.488152000 -1.000000   2.22045e-16 0.0299999 2.57732e-17   5.12991e-10 9.48721e-19 0.0001   8e-06
HR_6 1787068302.498152000 0.661713   0.0518188 0.252857 -0.0703282   0.0694013 0.101263 0.0001   3.7e-05
QR_4 1787068302.498152000 -1.000000   2.22045e-16 0.0299999 2.57732e-17   5.12991e-10 9.48721e-19 0.0001   3.7e-05
HR_6 1787068302.508152000 0.662580   0.0588348 0.252668 -0.0692496   0.0684213 0.0982614 0.0001   0.000636
QR_4 1787068302.508152000 -1.000000   2.22045e-16 0.0299999 2.57732e-17   5.12991e-10 9.48721e-19 0.0001   0.000636
HR_6 1787068302.518153000 0.663444   0.0658337 0.252536 -0.0682181   0.0675153 0.0954389 0.0001   2.9e-05
QR_4 1787068302.518153000 -1.000000   2.22045e-16 0.0299999 2.57732e-17   5.12991e-10 9.48721e-19 0.0001   2.9e-05
HR_6 1787068302.528153000 0.664519   0.0745871 0.252439 -0.0665489   0.0670894 0.0918553 0.0001   3.5e-05
QR_4 1787068302.528153000 -1.000000   2.22045e-16 0.0299999 2.57732e-17   5.12991e-10 9.48721e-19 0.0001   3.5e-05
HR_6 1787068302.538153000 0.665357   0.0815403 0.25236 -0.0659304   0.0664465 0.0888773 0.0001   6.8e-05
QR_4 1787068302.538153000 -1.000000   2.22045e-16 0.0299999 2.57732e-17   5.12991e-10 9.48721e-19 0.0001   6.8e-05
HR_6 1787068302.548153000 0.666332   0.0901678 0.252311 -0.0653472   0.0659427 0.0852738 0.0001   3.5e-05
QR_4 1787068302.548153000 -1.000000   2.22045e-16 0.0299999 2.57732e-17   5.12991e-10 9.48721e-19 0.0001   3.5e-05
HR_6 1787068302.558153000 0.667358   0.0988367 0.252196 -0.0639632   0.0654554 0.0820788 0.0001   0.001324
QR_4 1787068302.558153000 -1.000000   2.22045e-16 0.0299999 2.57732e-17   5.12991e-10 9.48721e-19 0.0001   0.001324
HR_6 1787068302.568153000 0.668190   0.105778 0.252088 -0.0622513   0.0648615 0.0797235 0.0001   1.8e-05
QR_4 1787068302.568153000 -1.000000   2.22045e-16 0.0299999 2.57732e-17   5.12991e-10 9.48721e-19 0.0001   1.8e-05
HR_6 1787068302.578153000 0.669134   0.114411 0.252046 -0.0600968   0.064467 0.0772456 0.0001   1.1e-05
QR_4 1787068302.578153000 -1.000000   2.22045e-16 0.0299999 2.57732e-17   5.12991e-10 9.48721e-19 0.0001   1.1e-05
HR_6 1787068302.588153000 0.669920   0.121318 0.251996 -0.0588277   0.0641076 0.0746736 0.0001   0.001093
QR_4 1787068302.588153000 -1.000000   2.22045e-16 0.0299999 2.57732e-17   5.12991e-10 9.48721e-19 0.0001   0.001093
HR_6 1787068302.598153000 0.670929   0.129963 0.251885 -0.0577884   0.0634241 0.0712515 0.0001   3.1e-05
QR_4 1787068302.598153000 -1.000000   2.22045e-16 0.0299999 2.57732e-17   5.12991e-10 9.48721e-19 0.0001   3.1e-05
HR_6 1787068302.608153000 0.671339   0.133427 0.251831 -0.0571592   0.0630365 0.0700649 0.0001   1.9e-05
QR_4 1787068302.608153000 -1.000000   2.22045e-16 0.0299999 2.57732e-17   5.12991e-10 9.48721e-19 0.0001   1.9e-05
HR_6 1787068302.618154000 0.672353   0.142062 0.251655 -0.0547467   0.0618432 0.0674212 0.0001   2.8e-05
QR_4 1787068302.618154000 -1.000000   2.22045e-16 0.0299999 2.57732e-17   5.12991e-10 9.48721e-19 0.0001   2.8e-05
HR_6 1787068302.628154000 0.673397   0.150732 0.251401 -0.0513355   0.0603832 0.0648987 0.0001   1.3e-05
QR_4 1787068302.628154000 -1.000000   2.22045e-16 0.0299999 2.57732e-17   5.12991e-10 9.48721e-19 0.0001   1.3e-05
HR_6 1787068302.638154000 0.674242   0.157649 0.251208 -0.0488465   0.0591045 0.0629061 0.0001   0.000262
QR_4 1787068302.638154000 -1.000000   2.22045e-16 0.0299999 2.57732e-17   5.12991e-10 9.48721e-19 0.0001   0.000262
HR_6 1787068302.648154000 0.675486   0.167983 0.250867 -0.0459613   0.0568503 0.059406 0.0001   3.9e-05
QR_4 1787068302.648154000 -1.000000   2.22045e-16 0.0299999 2.57732e-17   5.12991e-10 9.48721e-19 0.0001   3.9e-05
HR_6 1787068302.658154000 0.676342   0.174908 0.250612 -0.0440831   0.0554632 0.0574596 0.0001   0.001982
QR_4 1787068302.658154000 -1.000000   2.22045e-16 0.0299999 2.57732e-17   5.12991e-10 9.48721e-19 0.0001   0.001982
HR_6 1787068302.668154000 0.677208   0.181788 0.250427 -0.0424134   0.054751 0.0554341 0.0001   2.7e-05
QR_4 1787068302.668154000 -1.000000   2.22045e-16 0.0299999 2.57732e-17   5.12991e-10 9.48721e-19 0.0001   2.7e-05
HR_6 1787068302.678154000 0.678187   0.190261 0.250311 -0.042491   0.0540035 0.0521062 0.0001   6.2e-05
QR_4 1787068302.678154000 -1.000000   2.22045e-16 0.0299999 2.57732e-17   5.12991e-10 9.48721e-19 0.0001   6.2e-05
HR_6 1787068302.688154000 0.678966   0.197008 0.25024 -0.0429353   0.0537087 0.0495804 0.0001   2.8e-05
QR_4 1787068302.688154000 -1.000000   2.22045e-16 0.0299999 2.57732e-17   5.12991e-10 9.48721e-19 0.0001   2.8e-05
HR_6 1787068302.698154000 0.679881   0.205369 0.250197 -0.0436894   0.0532685 0.0460901 0.0001   2.7e-05
QR_4 1787068302.698154000 -1.000000   2.22045e-16 0.0299999 2.57732e-17   5.12991e-10 9.48721e-19 0.0001   2.7e-05
HR_6 1787068302.708154000 0.680660   0.212084 0.250098 -0.0435039   0.0531212 0.0431214 0.0001   2.6e-05
QR_4 1787068302.708154000 -1.000000   2.22045e-16 0.0299999 2.57732e-17   5.12991e-10 9.48721e-19 0.0001   2.6e-05
HR_6 1787068302.718155000 0.681619   0.220433 0.250044 -0.0434112   0.0527018 0.0385126 0.0001   4.1e-05
QR_4 1787068302.718155000 -1.000000   2.22045e-16 0.0299999 2.57732e-17   5.12991e-10 9.48721e-19 0.0001   4.1e-05
HR_6 1787068302.728155000 0.682351   0.227089 0.250006 -0.0425362   0.052428 0.0347634 0.0001   4e-05
QR_4 1787068302.728155000 -1.000000   2.22045e-16 0.0299999 2.57732e-17   5.12991e-10 9.48721e-19 0.0001   4e-05
HR_6 1787068302.738155000 0.682916   0.232086 0.249941 -0.041989   0.0521316 0.0322551 0.0001   0.001368
QR_4 1787068302.738155000 -1.000000   2.22045e-16 0.0299999 2.57732e-17   5.12991e-10 9.48721e-19 0.0001   0.001368
HR_6 1787068302.748155000 0.683793   0.240328 0.249911 -0.0417488   0.051889 0.0283761 0.0001   0.000145
QR_4 1787068302.748155000 -1.000000   2.22045e-16 0.0299999 2.57732e-17   5.12991e-10 9.48721e-19 0.0001   0.000145
HR_6 1787068302.758155000 0.684725   0.248604 0.249807 -0.040979   0.051439 0.0248216 0.0001   1e-05
QR_4 1787068302.758155000 -1.000000   2.22045e-16 0.0299999 2.57732e-17   5.12991e-10 9.48721e-19 0.0001   1e-05
HR_6 1787068302.768155000 0.685600   0.256772 0.249846 -0.0411961   0.0512798 0.0210498 0.0001   3.7e-05
QR_4 1787068302.768155000 -1.000000   2.22045e-16 0.0299999 2.57732e-17   5.12991e-10 9.48721e-19 0.0001   3.7e-05
HR_6 1787068302.778155000 0.686098   0.26167 0.249886 -0.0416137   0.0516805 0.0188229 0.0001   0.001868
QR_4 1787068302.778155000 -1.000000   2.22045e-16 0.0299999 2.57732e-17   5.12991e-10 9.48721e-19 0.0001   0.001868
HR_6 1787068302.788155000 0.686698   0.268161 0.249994 -0.0432712   0.0524222 0.0159029 0.0001   0.000649
QR_4 1787068302.788155000 -1.000000   2.22045e-16 0.0299999 2.57732e-17   5.12991e-10 9.48721e-19 0.0001   0.000649
HR_6 1787068302.798155000 0.687307   0.274566 0.250067 -0.0449794   0.0526041 0.0129272 0.0001   0.000642
QR_4 1787068302.798155000 -1.000000   2.22045e-16 0.0299999 2.57732e-17   5.12991e-10 9.48721e-19 0.0001   0.000642
HR_6 1787068302.808155000 0.688126   0.282573 0.250085 -0.0466219   0.0532391 0.00917193 0.0001   1.8e-05
QR_4 1787068302.808155000 -1.000000   2.22045e-16 0.0299999 2.57732e-17   5.12991e-10 9.48721e-19 0.0001   1.8e-05
HR_6 1787068302.818156000 0.688862   0.290503 0.250162 -0.0476802   0.0535898 0.00512919 0.0001   4.5e-05
QR_4 1787068302.818156000 -1.000000   2.22045e-16 0.0299999 2.57732e-17   5.12991e-10 9.48721e-19 0.0001   4.5e-05
HR_6 1787068302.828156000 0.689718   0.298438 0.250142 -0.0472321   0.053329 0.0023564 0.0001   0.002744
QR_4 1787068302.828156000 -1.000000   2.22045e-16 0.0299999 2.57732e-17   5.12991e-10 9.48721e-19 0.0001   0.002744
HR_6 1787068302.838156000 0.690395   0.304784 0.250056 -0.0460281   0.0529248 0.000505193 0.0001   5.3e-05
QR_4 1787068302.838156000 -1.000000   2.22045e-16 0.0299999 2.57732e-17   5.12991e-10 9.48721e-19 0.0001   5.3e-05
HR_6 1787068302.848156000 0.691213   0.312713 0.249928 -0.0444315   0.0521875 -0.00195601 0.0001   5.2e-05
QR_4 1787068302.848156000 -1.000000   2.22045e-16 0.0299999 2.57732e-17   5.12991e-10 9.48721e-19 0.0001   5.2e-05
HR_6 1787068302.858156000 0.691887   0.31902 0.249817 -0.0434824   0.0515244 -0.00348501 0.0001   0.000324
QR_4 1787068302.858156000 -1.000000   2.22045e-16 0.0299999 2.57732e-17   5.12991e-10 9.48721e-19 0.0001   0.000324
HR_6 1787068302.868156000 0.692836   0.328401 0.249692 -0.0422983   0.0508038 -0.00616398 0.0001   0.002285
QR_4 1787068302.868156000 -1.000000   2.22045e-16 0.0299999 2.57732e-17   5.12991e-10 9.48721e-19 0.0001   0.002285
HR_6 1787068302.878156000 0.693297   0.333056 0.249647 -0.042065   0.0505538 -0.00752399 0.0001   1.5e-05
QR_4 1787068302.878156000 -1.000000   2.22045e-16 0.0299999 2.57732e-17   5.12991e-10 9.48721e-19 0.0001   1.5e-05
HR_6 1787068302.888156000 0.694061   0.340733 0.249573 -0.042557   0.0501768 -0.0099561 0.0001   4.9e-05
QR_4 1787068302.888156000 -1.000000   2.22045e-16 0.0299999 2.57732e-17   5.12991e-10 9.48721e-19 0.0001   4.9e-05
HR_6 1787068302.898156000 0.694642   0.346851 0.249519 -0.0422958   0.0498772 -0.0123415 0.0001   1.8e-05
QR_4 1787068302.898156000 -1.000000   2.22045e-16 0.0299999 2.57732e-17   5.12991e-10 9.48721e-19 0.0001   1.8e-05
HR_6 1787068302.908156000 0.695261   0.352955 0.249529 -0.0413469   0.0498469 -0.0152086 0.0001   5.7e-05
QR_4 1787068302.908156000 -1.000000   2.22045e-16 0.0299999 2.57732e-17   5.12991e-10 9.48721e-19 0.0001   5.7e-05
HR_6 1787068302.918157000 0.695996   0.360495 0.249563 -0.0405204   0.050117 -0.0190622 0.0001   5.4e-05
QR_4 1787068302.918157000 -1.000000   2.22045e-16 0.0299999 2.57732e-17   5.12991e-10 9.48721e-19 0.0001   5.4e-05
HR_6 1787068302.928157000 0.696583   0.366513 0.249589 -0.0399283   0.0501472 -0.0219829 0.0001   5.7e-05
QR_4 1787068302.928157000 -1.000000   2.22045e-16 0.0299999 2.57732e-17   5.12991e-10 9.48721e-19 0.0001   5.7e-05
HR_6 1787068302.938157000 0.697311   0.374003 0.249666 -0.0399049   0.0499056 -0.0257679 0.0001   3.8e-05
QR_4 1787068302.938157000 -1.000000   2.22045e-16 0.0299999 2.57732e-17   5.12991e-10 9.48721e-19 0.0001   3.8e-05
HR_6 1787068302.948157000 0.697930   0.38001 0.249646 -0.0390681   0.050603 -0.0281065 0.0001   0.003136
QR_4 1787068302.948157000 -1.000000   2.22045e-16 0.0299999 2.57732e-17   5.12991e-10 9.48721e-19 0.0001   0.003136
HR_6 1787068302.958157000 0.698458   0.385925 0.249711 -0.0390814   0.0509401 -0.0308133 0.0001   3.3e-05
QR_4 1787068302.958157000 -1.000000   2.22045e-16 0.0299999 2.57732e-17   5.12991e-10 9.48721e-19 0.0001   3.3e-05
HR_6 1787068302.968157000 0.698971   0.391796 0.249779 -0.0389365   0.051092 -0.0333138 0.0001   3.4e-05
QR_4 1787068302.968157000 -1.000000   2.22045e-16 0.0299999 2.57732e-17   5.12991e-10 9.48721e-19 0.0001   3.4e-05
HR_6 1787068302.978157000 0.699331   0.396194 0.249829 -0.0386191   0.0513453 -0.0350863 0.0001   4.6e-05
QR_4 1787068302.978157000 -1.000000   2.22045e-16 0.0299999 2.57732e-17   5.12991e-10 9.48721e-19 0.0001   4.6e-05
HR_6 1787068302.988157000 0.699939   0.40344 0.249814 -0.0372876   0.0512743 -0.0380248 0.0001   2.8e-05
QR_4 1787068302.988157000 -1.000000   2.22045e-16 0.0299999 2.57732e-17   5.12991e-10 9.48721e-19 0.0001   2.8e-05
HR_6 1787068302.998157000 0.700617   0.410684 0.249704 -0.0342921   0.0504166 -0.040402 0.0001   6.6e-05
QR_4 1787068302.998157000 -1.000000   2.22045e-16 0.0299999 2.57732e-17   5.12991e-10 9.48721e-19 0.0001   6.6e-05
HR_6 1787068303.008157000 0.700960   0.415006 0.249654 -0.0328898   0.0501574 -0.0419882 0.0001   3.5e-05
QR_4 1787068303.008157000 -1.000000   2.22045e-16 0.0299999 2.57732e-17   5.12991e-10 9.48721e-19 0.0001   3.5e-05
HR_6 1787068303.018158000 0.701502   0.422214 0.249578 -0.0306898   0.0497827 -0.0444284 0.0001   8e-06
QR_4 1787068303.018158000 -1.000000   2.22045e-16 0.0299999 2.57732e-17   5.12991e-10 9.48721e-19 0.0001   8e-06
HR_6 1787068303.028158000 0.701919   0.427897 0.249549 -0.0298518   0.0493115 -0.0463316 0.0001   0.000417
QR_4 1787068303.028158000 -1.000000   2.22045e-16 0.0299999 2.57732e-17   5.12991e-10 9.48721e-19 0.0001   0.000417
HR_6 1787068303.038158000 0.702460   0.436448 0.249417 -0.0291753   0.0487736 -0.0491014 0.0001   0.000589
QR_4 1787068303.038158000 -1.000000   2.22045e-16 0.0299999 2.57732e-17   5.12991e-10 9.48721e-19 0.0001   0.000589
HR_6 1787068303.048158000 0.702813   0.442139 0.249296 -0.0295537   0.0482205 -0.0508373 0.0001   3e-05
QR_4 1787068303.048158000 -1.000000   2.22045e-16 0.0299999 2.57732e-17   5.12991e-10 9.48721e-19 0.0001   3e-05
HR_6 1787068303.058158000 0.703286   0.449135 0.249184 -0.0303662   0.0476571 -0.0529756 0.0001   9.2e-05
QR_4 1787068303.058158000 -1.000000   2.22045e-16 0.0299999 2.57732e-17   5.12991e-10 9.48721e-19 0.0001   9.2e-05
HR_6 1787068303.068158000 0.703628   0.454667 0.249114 -0.0308697   0.0473005 -0.0548855 0.0001   1.4e-05
QR_4 1787068303.068158000 -1.000000   2.22045e-16 0.0299999 2.57732e-17   5.12991e-10 9.48721e-19 0.0001   1.4e-05
HR_6 1787068303.078158000 0.704056   0.461532 0.249033 -0.0310994   0.0468461 -0.0570107 0.0001   7.2e-05
QR_4 1787068303.078158000 -1.000000   2.22045e-16 0.0299999 2.57732e-17   5.12991e-10 9.48721e-19 0.0001   7.2e-05
HR_6 1787068303.088158000 0.704344   0.466928 0.249034 -0.0315003   0.0468641 -0.0585208 0.0001   2.7e-05
QR_4 1787068303.088158000 -1.000000   2.22045e-16 0.0299999 2.57732e-17   5.12991e-10 9.48721e-19 0.0001   2.7e-05
HR_6 1787068303.098158000 0.704687   0.473612 0.249006 -0.0309803   0.0467402 -0.0604101 0.0001   3.1e-05
QR_4 1787068303.098158000 -1.000000   2.22045e-16 0.0299999 2.57732e-17   5.12991e-10 9.48721e-19 0.0001   3.1e-05
HR_6 1787068303.108155000 0.705006   0.480215 0.248985 -0.0297515   0.0463755 -0.062656 0.0001   2e-06
QR_4 1787068303.108155000 -1.000000   2.22045e-16 0.0299999 2.57732e-17   5.12991e-10 9.48721e-19 0.0001   2e-06
HR_6 1787068303.118155000 0.705381   0.488049 0.248971 -0.0280339   0.046577 -0.0650325 0.0001   0.003026
QR_4 1787068303.118155000 -1.000000   2.22045e-16 0.0299999 2.57732e-17   5.12991e-10 9.48721e-19 0.0001   0.003026
HR_6 1787068303.128155000 0.705545   0.491919 0.249001 -0.0276968   0.0465921 -0.0661779 0.0001   2.2e-05
QR_4 1787068303.128155000 -1.000000   2.22045e-16 0.0299999 2.57732e-17   5.12991e-10 9.48721e-19 0.0001   2.2e-05
HR_6 1787068303.138155000 0.705744   0.497042 0.249079 -0.0285947   0.0468197 -0.0683682 0.0001   4.5e-05
QR_4 1787068303.138155000 -1.000000   2.22045e-16 0.0299999 2.57732e-17   5.12991e-10 9.48721e-19 0.0001   4.5e-05
HR_6 1787068303.148155000 0.706025   0.503378 0.249156 -0.0299736   0.0476286 -0.0709914 0.0001   3.6e-05
QR_4 1787068303.148155000 -1.000000   2.22045e-16 0.0299999 2.57732e-17   5.12991e-10 9.48721e-19 0.0001   3.6e-05
HR_6 1787068303.158155000 0.706326   0.509597 0.249213 -0.0310361   0.0478582 -0.0739525 0.0001   3.8e-05
QR_4 1787068303.158155000 -1.000000   2.22045e-16 0.0299999 2.57732e-17   5.12991e-10 9.48721e-19 0.0001   3.8e-05
HR_6 1787068303.168155000 0.706561   0.514481 0.249304 -0.0323285   0.047837 -0.0765751 0.0001   5.5e-05
QR_4 1787068303.168155000 -1.000000   2.22045e-16 0.0299999 2.57732e-17   5.12991e-10 9.48721e-19 0.0001   5.5e-05
HR_6 1787068303.178155000 0.706905   0.520571 0.249282 -0.0329431   0.0482824 -0.0795587 0.0001   2.6e-05
QR_4 1787068303.178155000 -1.000000   2.22045e-16 0.0299999 2.57732e-17   5.12991e-10 9.48721e-19 0.0001   2.6e-05
HR_6 1787068303.188155000 0.707223   0.526581 0.249294 -0.0332124   0.0483476 -0.0823749 0.0001   0.002201
QR_4 1787068303.188155000 -1.000000   2.22045e-16 0.0299999 2.57732e-17   5.12991e-10 9.48721e-19 0.0001   0.002201
HR_6 1787068303.198155000 0.707504   0.532512 0.249364 -0.032943   0.0484862 -0.0852451 0.0001   2.6e-05
QR_4 1787068303.198155000 -1.000000   2.22045e-16 0.0299999 2.57732e-17   5.12991e-10 9.48721e-19 0.0001   2.6e-05
HR_6 1787068303.208155000 0.707689   0.53725 0.249376 -0.0322347   0.0489192 -0.087344 0.0001   4.4e-05
QR_4 1787068303.208155000 -1.000000   2.22045e-16 0.0299999 2.57732e-17   5.12991e-10 9.48721e-19 0.0001   4.4e-05
HR_6 1787068303.218156000 0.707922   0.543121 0.249417 -0.03193   0.0489831 -0.0898907 0.0001   4.5e-05
QR_4 1787068303.218156000 -1.000000   2.22045e-16 0.0299999 2.57732e-17   5.12991e-10 9.48721e-19 0.0001   4.5e-05
HR_6 1787068303.228156000 0.708183   0.548899 0.249449 -0.0320802   0.0490458 -0.0930348 0.0001   4.1e-05
QR_4 1787068303.228156000 -1.000000   2.22045e-16 0.0299999 2.57732e-17   5.12991e-10 9.48721e-19 0.0001   4.1e-05
HR_6 1787068303.238156000 0.708369   0.553512 0.249444 -0.0320764   0.0490578 -0.0951251 0.0001   0.000848
QR_4 1787068303.238156000 -1.000000   2.22045e-16 0.0299999 2.57732e-17   5.12991e-10 9.48721e-19 0.0001   0.000848
HR_6 1787068303.248156000 0.708571   0.558047 0.249491 -0.0321191   0.0493623 -0.0974202 0.0001   7.5e-05
QR_4 1787068303.248156000 -1.000000   2.22045e-16 0.0299999 2.57732e-17   5.12991e-10 9.48721e-19 0.0001   7.5e-05
HR_6 1787068303.258156000 0.708908   0.563592 0.249603 -0.0327411   0.0499295 -0.100535 0.0001   1.1e-05
QR_4 1787068303.258156000 -1.000000   2.22045e-16 0.0299999 2.57732e-17   5.12991e-10 9.48721e-19 0.0001   1.1e-05
HR_6 1787068303.268156000 0.709244   0.56909 0.24965 -0.0323938   0.0498599 -0.10373 0.0001   2.3e-05
QR_4 1787068303.268156000 -1.000000   2.22045e-16 0.0299999 2.57732e-17   5.12991e-10 9.48721e-19 0.0001   2.3e-05
HR_6 1787068303.278156000 0.709523   0.573454 0.249635 -0.0312554   0.0500857 -0.105344 0.0001   5.3e-05
QR_4 1787068303.278156000 -1.000000   2.22045e-16 0.0299999 2.57732e-17   5.12991e-10 9.48721e-19 0.0001   5.3e-05
HR_6 1787068303.288156000 0.709903   0.579884 0.249667 -0.0293591   0.0501451 -0.108028 0.0001   0.000682
QR_4 1787068303.288156000 -1.000000   2.22045e-16 0.0299999 2.57732e-17   5.12991e-10 9.48721e-19 0.0001   0.000682
HR_6 1787068303.298156000 0.710204   0.585211 0.249671 -0.0269925   0.05011 -0.110557 0.0001   3.5e-05
QR_4 1787068303.298156000 -1.000000   2.22045e-16 0.0299999 2.57732e-17   5.12991e-10 9.48721e-19 0.0001   3.5e-05
HR_6 1787068303.308156000 0.710455   0.589427 0.249677 -0.0259753   0.0501118 -0.112133 0.0001   0.000172
QR_4 1787068303.308156000 -1.000000   2.22045e-16 0.0299999 2.57732e-17   5.12991e-10 9.48721e-19 0.0001   0.000172
HR_6 1787068303.318157000 0.710677   0.593587 0.249684 -0.0260298   0.0500909 -0.113945 0.0001   2.8e-05
QR_4 1787068303.318157000 -1.000000   2.22045e-16 0.0299999 2.57732e-17   5.12991e-10 9.48721e-19 0.0001   2.8e-05
HR_6 1787068303.328157000 0.710918   0.598768 0.249717 -0.0258608   0.049891 -0.116157 0.0001   0.003204
QR_4 1787068303.328157000 -1.000000   2.22045e-16 0.0299999 2.57732e-17   5.12991e-10 9.48721e-19 0.0001   0.003204
HR_6 1787068303.338157000 0.711145   0.602883 0.249725 -0.0252465   0.0504314 -0.117289 0.0001   3.6e-05
QR_4 1787068303.338157000 -1.000000   2.22045e-16 0.0299999 2.57732e-17   5.12991e-10 9.48721e-19 0.0001   3.6e-05
HR_6 1787068303.348157000 0.711361   0.607867 0.249791 -0.0260728   0.0506866 -0.11924 0.0001   4.3e-05
QR_4 1787068303.348157000 -1.000000   2.22045e-16 0.0299999 2.57732e-17   5.12991e-10 9.48721e-19 0.0001   4.3e-05
HR_6 1787068303.358157000 0.711568   0.611834 0.249811 -0.0264665   0.050907 -0.120396 0.0001   0.001184
QR_4 1787068303.358157000 -1.000000   2.22045e-16 0.0299999 2.57732e-17   5.12991e-10 9.48721e-19 0.0001   0.001184
HR_6 1787068303.368153000 0.711744   0.615705 0.249869 -0.0274223   0.0510443 -0.121763 0.0001   2e-06
QR_4 1787068303.368153000 -1.000000   2.22045e-16 0.0299999 2.57732e-17   5.12991e-10 9.48721e-19 0.0001   2e-06
HR_6 1787068303.378153000 0.711960   0.620492 0.249909 -0.0276223   0.0513544 -0.123539 0.0001   0.002461
QR_4 1787068303.378153000 -1.000000   2.22045e-16 0.0299999 2.57732e-17   5.12991e-10 9.48721e-19 0.0001   0.002461
HR_6 1787068303.388153000 0.712151   0.624249 0.249926 -0.0273051   0.0515913 -0.124998 0.0001   1.6e-05
QR_4 1787068303.388153000 -1.000000   2.22045e-16 0.0299999 2.57732e-17   5.12991e-10 9.48721e-19 0.0001   1.6e-05
HR_6 1787068303.398153000 0.712369   0.628828 0.249986 -0.0272707   0.0518532 -0.127487 0.0001   3.8e-05
QR_4 1787068303.398153000 -1.000000   2.22045e-16 0.0299999 2.57732e-17   5.12991e-10 9.48721e-19 0.0001   3.8e-05
HR_6 1787068303.408153000 0.712542   0.632469 0.250018 -0.0273486   0.0520202 -0.128936 0.0001   0.001033
QR_4 1787068303.408153000 -1.000000   2.22045e-16 0.0299999 2.57732e-17   5.12991e-10 9.48721e-19 0.0001   0.001033
HR_6 1787068303.418153000 0.712632   0.635138 0.250045 -0.0275167   0.0521658 -0.130116 0.0001   3.8e-05
QR_4 1787068303.418153000 -1.000000   2.22045e-16 0.0299999 2.57732e-17   5.12991e-10 9.48721e-19 0.0001   3.8e-05
HR_6 1787068303.428153000 0.712789   0.639523 0.250087 -0.0279236   0.0523916 -0.132929 0.0001   2.1e-05
QR_4 1787068303.428153000 -1.000000   2.22045e-16 0.0299999 2.57732e-17   5.12991e-10 9.48721e-19 0.0001   2.1e-05
HR_6 1787068303.438153000 0.712956   0.643829 0.250095 -0.0281699   0.0522448 -0.134894 0.0001   6.4e-05
QR_4 1787068303.438153000 -1.000000   2.22045e-16 0.0299999 2.57732e-17   5.12991e-10 9.48721e-19 0.0001   6.4e-05
HR_6 1787068303.448153000 0.713091   0.647271 0.25009 -0.0275628   0.0523908 -0.136221 0.0001   7.8e-05
QR_4 1787068303.448153000 -1.000000   2.22045e-16 0.0299999 2.57732e-17   5.12991e-10 9.48721e-19 0.0001   7.8e-05
HR_6 1787068303.458153000 0.713225   0.651492 0.250122 -0.0272508   0.052435 -0.137188 0.0001   4.1e-05
QR_4 1787068303.458153000 -1.000000   2.22045e-16 0.0299999 2.57732e-17   5.12991e-10 9.48721e-19 0.0001   4.1e-05
HR_6 1787068303.468153000 0.713380   0.65563 0.250097 -0.0272725   0.0521082 -0.137966 0.0001   0.000394
QR_4 1787068303.468153000 -1.000000   2.22045e-16 0.0299999 2.57732e-17   5.12991e-10 9.48721e-19 0.0001   0.000394
HR_6 1787068303.478154000 0.713501   0.659723 0.250085 -0.0275012   0.0522184 -0.138439 0.0001   0.001389
QR_4 1787068303.478154000 -1.000000   2.22045e-16 0.0299999 2.57732e-17   5.12991e-10 9.48721e-19 0.0001   0.001389
HR_6 1787068303.488154000 0.713619   0.662976 0.250066 -0.027905   0.0523538 -0.139 0.0001   0.000392
QR_4 1787068303.488154000 -1.000000   2.22045e-16 0.0299999 2.57732e-17   5.12991e-10 9.48721e-19 0.0001   0.000392
HR_6 1787068303.498154000 0.713700   0.666146 0.250064 -0.0286434   0.0522967 -0.13948 0.0001   6.3e-05
QR_4 1787068303.498154000 -1.000000   2.22045e-16 0.0299999 2.57732e-17   5.12991e-10 9.48721e-19 0.0001   6.3e-05
HR_6 1787068303.508154000 0.713818   0.670017 0.250067 -0.029374   0.0522947 -0.140187 0.0001   1.8e-05
QR_4 1787068303.508154000 -1.000000   2.22045e-16 0.0299999 2.57732e-17   5.12991e-10 9.48721e-19 0.0001   1.8e-05
HR_6 1787068303.518154000 0.713908   0.673075 0.250063 -0.0300568   0.0522582 -0.141226 0.0001   3.2e-05
QR_4 1787068303.518154000 -1.000000   2.22045e-16 0.0299999 2.57732e-17   5.12991e-10 9.48721e-19 0.0001   3.2e-05
HR_6 1787068303.528154000 0.714033   0.676821 0.250053 -0.0301456   0.0522074 -0.142426 0.0001   7e-06
QR_4 1787068303.528154000 -1.000000   2.22045e-16 0.0299999 2.57732e-17   5.12991e-10 9.48721e-19 0.0001   7e-06
HR_6 1787068303.538154000 0.714127   0.67974 0.250041 -0.0302924   0.05215 -0.143602 0.0001   3.5e-05
QR_4 1787068303.538154000 -1.000000   2.22045e-16 0.0299999 2.57732e-17   5.12991e-10 9.48721e-19 0.0001   3.5e-05
HR_6 1787068303.548154000 0.714214   0.68334 0.250002 -0.0310469   0.0519656 -0.145566 0.0001   6.3e-05
QR_4 1787068303.548154000 -1.000000   2.22045e-16 0.0299999 2.57732e-17   5.12991e-10 9.48721e-19 0.0001   6.3e-05
HR_6 1787068303.558154000 0.714320   0.686899 0.249918 -0.0321907   0.0516659 -0.147233 0.0001   3.3e-05
QR_4 1787068303.558154000 -1.000000   2.22045e-16 0.0299999 2.57732e-17   5.12991e-10 9.48721e-19 0.0001   3.3e-05
HR_6 1787068303.568154000 0.714400   0.689666 0.249888 -0.0329549   0.0514068 -0.148925 0.0001   0.000125
QR_4 1787068303.568154000 -1.000000   2.22045e-16 0.0299999 2.57732e-17   5.12991e-10 9.48721e-19 0.0001   0.000125
HR_6 1787068303.578155000 0.714485   0.69238 0.249828 -0.0341966   0.0511993 -0.150574 0.0001   0.001279
QR_4 1787068303.578155000 -1.000000   2.22045e-16 0.0299999 2.57732e-17   5.12991e-10 9.48721e-19 0.0001   0.001279
HR_6 1787068303.588155000 0.714603   0.695644 0.249762 -0.0363821   0.0509552 -0.152291 0.0001   5.2e-05
QR_4 1787068303.588155000 -1.000000   2.22045e-16 0.0299999 2.57732e-17   5.12991e-10 9.48721e-19 0.0001   5.2e-05
HR_6 1787068303.598155000 0.714680   0.697577 0.249728 -0.0377203   0.0508152 -0.15363 0.0001   5.3e-05
QR_4 1787068303.598155000 -1.000000   2.22045e-16 0.0299999 2.57732e-17   5.12991e-10 9.48721e-19 0.0001   5.3e-05
HR_6 1787068303.608155000 0.714932   0.70063 0.24968 -0.0417503   0.050721 -0.156455 0.0001   2.7e-05
QR_4 1787068303.608155000 -1.000000   2.22045e-16 0.0299999 2.57732e-17   5.12991e-10 9.48721e-19 0.0001   2.7e-05
HR_6 1787068303.618155000 0.715221   0.703578 0.249609 -0.0450078   0.0504868 -0.159295 0.0001   3.7e-05
QR_4 1787068303.618155000 -1.000000   2.22045e-16 0.0299999 2.57732e-17   5.12991e-10 9.48721e-19 0.0001   3.7e-05
HR_6 1787068303.628155000 0.715461   0.705868 0.249581 -0.047865   0.0506296 -0.161794 0.0001   7e-06
QR_4 1787068303.628155000 -1.000000   2.22045e-16 0.0299999 2.57732e-17   5.12991e-10 9.48721e-19 0.0001   7e-06
HR_6 1787068303.638155000 0.715872   0.70855 0.249509 -0.0529   0.0502786 -0.165229 0.0001   1.6e-05
QR_4 1787068303.638155000 -1.000000   2.22045e-16 0.0299999 2.57732e-17   5.12991e-10 9.48721e-19 0.0001   1.6e-05
HR_6 1787068303.648155000 0.716161   0.710182 0.249433 -0.0546976   0.0501098 -0.166774 0.0001   4.6e-05
QR_4 1787068303.648155000 -1.000000   2.22045e-16 0.0299999 2.57732e-17   5.12991e-10 9.48721e-19 0.0001   4.6e-05
HR_6 1787068303.658155000 0.716593   0.71288 0.249279 -0.0570975   0.049513 -0.168947 0.0001   0.000385
QR_4 1787068303.658155000 -1.000000   2.22045e-16 0.0299999 2.57732e-17   5.12991e-10 9.48721e-19 0.0001   0.000385
HR_6 1787068303.668155000 0.716924   0.714944 0.249191 -0.0584594   0.0490087 -0.170667 0.0001   5e-05
QR_4 1787068303.668155000 -1.000000   2.22045e-16 0.0299999 2.57732e-17   5.12991e-10 9.48721e-19 0.0001   5e-05
HR_6 1787068303.678156000 0.717189   0.716932 0.249123 -0.0594848   0.0488148 -0.172786 0.0001   7.1e-05
QR_4 1787068303.678156000 -1.000000   2.22045e-16 0.0299999 2.57732e-17   5.12991e-10 9.48721e-19 0.0001   7.1e-05
HR_6 1787068303.688156000 0.717543   0.719407 0.249007 -0.0597855   0.0482902 -0.174987 0.0001   1.9e-05
QR_4 1787068303.688156000 -1.000000   2.22045e-16 0.0299999 2.57732e-17   5.12991e-10 9.48721e-19 0.0001   1.9e-05
HR_6 1787068303.698156000 0.717754   0.721271 0.249005 -0.0609073   0.0481033 -0.177341 0.0001   0.001387
QR_4 1787068303.698156000 -1.000000   2.22045e-16 0.0299999 2.57732e-17   5.12991e-10 9.48721e-19 0.0001   0.001387
HR_6 1787068303.708156000 0.718006   0.723155 0.248936 -0.0614331   0.047996 -0.179086 0.0001   2.3e-05
QR_4 1787068303.708156000 -1.000000   2.22045e-16 0.0299999 2.57732e-17   5.12991e-10 9.48721e-19 0.0001   2.3e-05
HR_6 1787068303.718156000 0.718388   0.725468 0.248836 -0.0618771   0.0474393 -0.180667 0.0001   7.6e-05
QR_4 1787068303.718156000 -1.000000   2.22045e-16 0.0299999 2.57732e-17   5.12991e-10 9.48721e-19 0.0001   7.6e-05
HR_6 1787068303.728156000 0.718581   0.727234 0.248846 -0.0631226   0.0475749 -0.182337 0.0001   0.000429
QR_4 1787068303.728156000 -1.000000   2.22045e-16 0.0299999 2.57732e-17   5.12991e-10 9.48721e-19 0.0001   0.000429
HR_6 1787068303.738156000 0.718842   0.729345 0.248847 -0.0651462   0.0474785 -0.184276 0.0001   1e-05
QR_4 1787068303.738156000 -1.000000   2.22045e-16 0.0299999 2.57732e-17   5.12991e-10 9.48721e-19 0.0001   1e-05
HR_6 1787068303.748156000 0.719094   0.730596 0.248793 -0.0655915   0.0471437 -0.185326 0.0001   0.002211
QR_4 1787068303.748156000 -1.000000   2.22045e-16 0.0299999 2.57732e-17   5.12991e-10 9.48721e-19 0.0001   0.002211
HR_6 1787068303.758155000 0.719551   0.732723 0.248679 -0.0645037   0.046905 -0.186319 0.0001   3e-06
QR_4 1787068303.758155000 -1.000000   2.22045e-16 0.0299999 2.57732e-17   5.12991e-10 9.48721e-19 0.0001   3e-06
HR_6 1787068303.768156000 0.719931   0.734735 0.248619 -0.0638962   0.0465148 -0.187467 0.0001   0.000126
QR_4 1787068303.768156000 -1.000000   2.22045e-16 0.0299999 2.57732e-17   5.12991e-10 9.48721e-19 0.0001   0.000126
HR_6 1787068303.778156000 0.720258   0.736313 0.248561 -0.0637986   0.0461975 -0.188445 0.0001   0.000251
QR_4 1787068303.778156000 -1.000000   2.22045e-16 0.0299999 2.57732e-17   5.12991e-10 9.48721e-19 0.0001   0.000251
HR_6 1787068303.788156000 0.720563   0.737846 0.248505 -0.0631075   0.0458473 -0.189499 0.0001   0.000123
QR_4 1787068303.788156000 -1.000000   2.22045e-16 0.0299999 2.57732e-17   5.12991e-10 9.48721e-19 0.0001   0.000123
HR_6 1787068303.798156000 0.720837   0.739353 0.248432 -0.0621004   0.0453426 -0.190844 0.0001   2.6e-05
QR_4 1787068303.798156000 -1.000000   2.22045e-16 0.0299999 2.57732e-17   5.12991e-10 9.48721e-19 0.0001   2.6e-05
HR_6 1787068303.808156000 0.721190   0.741224 0.248354 -0.0613765   0.0446867 -0.192054 0.0001   0.000192
QR_4 1787068303.808156000 -1.000000   2.22045e-16 0.0299999 2.57732e-17   5.12991e-10 9.48721e-19 0.0001   0.000192
HR_6 1787068303.818156000 0.721512   0.742734 0.248259 -0.0605304   0.0442999 -0.192528 0.0001   6.7e-05
QR_4 1787068303.818156000 -1.000000   2.22045e-16 0.0299999 2.57732e-17   5.12991e-10 9.48721e-19 0.0001   6.7e-05
HR_6 1787068303.828156000 0.721812   0.744213 0.248192 -0.0602318   0.043923 -0.193314 0.0001   4.1e-05
QR_4 1787068303.828156000 -1.000000   2.22045e-16 0.0299999 2.57732e-17   5.12991e-10 9.48721e-19 0.0001   4.1e-05
HR_6 1787068303.838156000 0.722141   0.745992 0.248122 -0.0620859   0.0436263 -0.194093 0.0001   4.7e-05
QR_4 1787068303.838156000 -1.000000   2.22045e-16 0.0299999 2.57732e-17   5.12991e-10 9.48721e-19 0.0001   4.7e-05
HR_6 1787068303.848156000 0.722388   0.747413 0.248075 -0.0630905   0.0437177 -0.194835 0.0001   0.000172
QR_4 1787068303.848156000 -1.000000   2.22045e-16 0.0299999 2.57732e-17   5.12991e-10 9.48721e-19 0.0001   0.000172
HR_6 1787068303.858156000 0.722685   0.749118 0.248091 -0.0634986   0.0436468 -0.196257 0.0001   3.5e-05
QR_4 1787068303.858156000 -1.000000   2.22045e-16 0.0299999 2.57732e-17   5.12991e-10 9.48721e-19 0.0001   3.5e-05
HR_6 1787068303.868157000 0.722894   0.750395 0.248108 -0.0645305   0.0436844 -0.197779 0.0001   4.6e-05
QR_4 1787068303.868157000 -1.000000   2.22045e-16 0.0299999 2.57732e-17   5.12991e-10 9.48721e-19 0.0001   4.6e-05
HR_6 1787068303.878157000 0.723157   0.751978 0.248102 -0.0646469   0.0437132 -0.19979 0.0001   5e-05
QR_4 1787068303.878157000 -1.000000   2.22045e-16 0.0299999 2.57732e-17   5.12991e-10 9.48721e-19 0.0001   5e-05
HR_6 1787068303.888157000 0.723469   0.75359 0.248035 -0.0640703   0.0429556 -0.200975 0.0001   2.5e-05
QR_4 1787068303.888157000 -1.000000   2.22045e-16 0.0299999 2.57732e-17   5.12991e-10 9.48721e-19 0.0001   2.5e-05
HR_6 1787068303.898157000 0.723674   0.75483 0.247982 -0.0638888   0.043212 -0.202464 0.0001   2.3e-05
QR_4 1787068303.898157000 -1.000000   2.22045e-16 0.0299999 2.57732e-17   5.12991e-10 9.48721e-19 0.0001   2.3e-05
HR_6 1787068303.908157000 0.723917   0.756406 0.247892 -0.0634686   0.0425667 -0.203839 0.0001   5e-06
QR_4 1787068303.908157000 -1.000000   2.22045e-16 0.0299999 2.57732e-17   5.12991e-10 9.48721e-19 0.0001   5e-06
HR_6 1787068303.918157000 0.724115   0.757665 0.247815 -0.0624047   0.0415906 -0.204538 0.0001   7.2e-05
QR_4 1787068303.918157000 -1.000000   2.22045e-16 0.0299999 2.57732e-17   5.12991e-10 9.48721e-19 0.0001   7.2e-05
HR_6 1787068303.928157000 0.724281   0.758942 0.247676 -0.0611141   0.0414086 -0.205259 0.0001   2.8e-05
QR_4 1787068303.928157000 -1.000000   2.22045e-16 0.0299999 2.57732e-17   5.12991e-10 9.48721e-19 0.0001   2.8e-05
HR_6 1787068303.938157000 0.724444   0.760556 0.247538 -0.0608178   0.0404093 -0.206402 0.0001   4.2e-05
QR_4 1787068303.938157000 -1.000000   2.22045e-16 0.0299999 2.57732e-17   5.12991e-10 9.48721e-19 0.0001   4.2e-05
HR_6 1787068303.948157000 0.724628   0.761886 0.247355 -0.06128   0.0395925 -0.206966 0.0001   4.2e-05
QR_4 1787068303.948157000 -1.000000   2.22045e-16 0.0299999 2.57732e-17   5.12991e-10 9.48721e-19 0.0001   4.2e-05
HR_6 1787068303.958157000 0.724765   0.76318 0.247214 -0.0623161   0.0389248 -0.20719 0.0001   4.3e-05
QR_4 1787068303.958157000 -1.000000   2.22045e-16 0.0299999 2.57732e-17   5.12991e-10 9.48721e-19 0.0001   4.3e-05
HR_6 1787068303.968158000 0.724924   0.764466 0.24707 -0.0638522   0.0382676 -0.207762 0.0001   4.2e-05
QR_4 1787068303.968158000 -1.000000   2.22045e-16 0.0299999 2.57732e-17   5.12991e-10 9.48721e-19 0.0001   4.2e-05
HR_6 1787068303.978158000 0.725079   0.765724 0.246928 -0.0659251   0.0377382 -0.209158 0.0001   2.6e-05
QR_4 1787068303.978158000 -1.000000   2.22045e-16 0.0299999 2.57732e-17   5.12991e-10 9.48721e-19 0.0001   2.6e-05
HR_6 1787068303.988158000 0.725301   0.767018 0.247097 -0.0672784   0.0386781 -0.209613 0.0001   3.2e-05
QR_4 1787068303.988158000 -1.000000   2.22045e-16 0.0299999 2.57732e-17   5.12991e-10 9.48721e-19 0.0001   3.2e-05
HR_6 1787068303.998158000 0.725560   0.768277 0.247233 -0.0677695   0.039304 -0.21039 0.0001   1.8e-05
QR_4 1787068303.998158000 -1.000000   2.22045e-16 0.0299999 2.57732e-17   5.12991e-10 9.48721e-19 0.0001   1.8e-05
HR_6 1787068304.008158000 0.725771   0.769268 0.247306 -0.0679941   0.0398359 -0.210889 0.0001   3.6e-05
QR_4 1787068304.008158000 -1.000000   2.22045e-16 0.0299999 2.57732e-17   5.12991e-10 9.48721e-19 0.0001   3.6e-05
HR_6 1787068304.018158000 0.726110   0.770732 0.247334 -0.0675723   0.0399298 -0.211157 0.0001   0.000129
QR_4 1787068304.018158000 -1.000000   2.22045e-16 0.0299999 2.57732e-17   5.12991e-10 9.48721e-19 0.0001   0.000129
HR_6 1787068304.028158000 0.726321   0.771682 0.247349 -0.0674055   0.0394891 -0.211443 0.0001   2.4e-05
QR_4 1787068304.028158000 -1.000000   2.22045e-16 0.0299999 2.57732e-17   5.12991e-10 9.48721e-19 0.0001   2.4e-05
HR_6 1787068304.038158000 0.726615   0.772886 0.247298 -0.0661544   0.0383992 -0.211222 0.0001   1.7e-05
QR_4 1787068304.038158000 -1.000000   2.22045e-16 0.0299999 2.57732e-17   5.12991e-10 9.48721e-19 0.0001   1.7e-05
HR_6 1787068304.048158000 0.726955   0.774166 0.247098 -0.0641591   0.0384115 -0.210696 0.0001   1.6e-05
QR_4 1787068304.048158000 -1.000000   2.22045e-16 0.0299999 2.57732e-17   5.12991e-10 9.48721e-19 0.0001   1.6e-05
HR_6 1787068304.058158000 0.727233   0.775334 0.246998 -0.0650885   0.0384949 -0.21134 0.0001   0.001012
QR_4 1787068304.058158000 -1.000000   2.22045e-16 0.0299999 2.57732e-17   5.12991e-10 9.48721e-19 0.0001   0.001012
HR_6 1787068304.068159000 0.727433   0.77612 0.247074 -0.0672741   0.0387686 -0.212048 0.0001   3.9e-05
QR_4 1787068304.068159000 -1.000000   2.22045e-16 0.0299999 2.57732e-17   5.12991e-10 9.48721e-19 0.0001   3.9e-05
HR_6 1787068304.078159000 0.727737   0.777015 0.247269 -0.0689213   0.0396177 -0.212503 0.0001   0.000591
QR_4 1787068304.078159000 -1.000000   2.22045e-16 0.0299999 2.57732e-17   5.12991e-10 9.48721e-19 0.0001   0.000591
HR_6 1787068304.088159000 0.727936   0.777529 0.247387 -0.0697265   0.0402006 -0.212289 0.0001   4.3e-05
QR_4 1787068304.088159000 -1.000000   2.22045e-16 0.0299999 2.57732e-17   5.12991e-10 9.48721e-19 0.0001   4.3e-05
HR_6 1787068304.098159000 0.728348   0.778426 0.247554 -0.0716378   0.041197 -0.2119 0.0001   0.002186
QR_4 1787068304.098159000 -1.000000   2.22045e-16 0.0299999 2.57732e-17   5.12991e-10 9.48721e-19 0.0001   0.002186
HR_6 1787068304.108159000 0.728614   0.779011 0.247613 -0.0723934   0.0419125 -0.211452 0.0001   4e-06
QR_4 1787068304.108159000 -1.000000   2.22045e-16 0.0299999 2.57732e-17   5.12991e-10 9.48721e-19 0.0001   4e-06
HR_6 1787068304.118159000 0.729003   0.779728 0.247675 -0.0728382   0.0418742 -0.210414 0.0001   3.8e-05
QR_4 1787068304.118159000 -1.000000   2.22045e-16 0.0299999 2.57732e-17   5.12991e-10 9.48721e-19 0.0001   3.8e-05
HR_6 1787068304.128159000 0.729347   0.780401 0.247694 -0.0732822   0.0422016 -0.210394 0.0001   4.2e-05
QR_4 1787068304.128159000 -1.000000   2.22045e-16 0.0299999 2.57732e-17   5.12991e-10 9.48721e-19 0.0001   4.2e-05
HR_6 1787068304.138159000 0.729568   0.780771 0.247743 -0.0731001   0.0426347 -0.210399 0.0001   0.001307
QR_4 1787068304.138159000 -1.000000   2.22045e-16 0.0299999 2.57732e-17   5.12991e-10 9.48721e-19 0.0001   0.001307
HR_6 1787068304.148159000 0.729964   0.781374 0.24783 -0.0728128   0.0428617 -0.20986 0.0001   3e-05
QR_4 1787068304.148159000 -1.000000   2.22045e-16 0.0299999 2.57732e-17   5.12991e-10 9.48721e-19 0.0001   3e-05
HR_6 1787068304.158159000 0.730249   0.781845 0.247866 -0.0728056   0.0431605 -0.210004 0.0001   0.001084
QR_4 1787068304.158159000 -1.000000   2.22045e-16 0.0299999 2.57732e-17   5.12991e-10 9.48721e-19 0.0001   0.001084
HR_6 1787068304.168160000 0.730482   0.78225 0.247938 -0.0737248   0.0435264 -0.210197 0.0001   1.5e-05
QR_4 1787068304.168160000 -1.000000   2.22045e-16 0.0299999 2.57732e-17   5.12991e-10 9.48721e-19 0.0001   1.5e-05
HR_6 1787068304.178160000 0.730771   0.782754 0.247974 -0.074764   0.043749 -0.209761 0.0001   0.000902
QR_4 1787068304.178160000 -1.000000   2.22045e-16 0.0299999 2.57732e-17   5.12991e-10 9.48721e-19 0.0001   0.000902
HR_6 1787068304.188160000 0.731086   0.783308 0.247958 -0.0756251   0.0437684 -0.210015 0.0001   1e-05
QR_4 1787068304.188160000 -1.000000   2.22045e-16 0.0299999 2.57732e-17   5.12991e-10 9.48721e-19 0.0001   1e-05
HR_6 1787068304.198160000 0.731418   0.783858 0.247988 -0.0764837   0.0440386 -0.210204 0.0001   2.3e-05
QR_4 1787068304.198160000 -1.000000   2.22045e-16 0.0299999 2.57732e-17   5.12991e-10 9.48721e-19 0.0001   2.3e-05
HR_6 1787068304.208160000 0.731751   0.784244 0.248134 -0.0777553   0.044598 -0.210268 0.0001   1.4e-05
QR_4 1787068304.208160000 -1.000000   2.22045e-16 0.0299999 2.57732e-17   5.12991e-10 9.48721e-19 0.0001   1.4e-05
HR_6 1787068304.218160000 0.732043   0.784564 0.248195 -0.0785749   0.0450404 -0.210199 0.0001   1e-05
QR_4 1787068304.218160000 -1.000000   2.22045e-16 0.0299999 2.57732e-17   5.12991e-10 9.48721e-19 0.0001   1e-05
HR_6 1787068304.228160000 0.732468   0.784941 0.248229 -0.0789267   0.0453947 -0.209927 0.0001   2.7e-05
QR_4 1787068304.228160000 -1.000000   2.22045e-16 0.0299999 2.57732e-17   5.12991e-10 9.48721e-19 0.0001   2.7e-05
HR_6 1787068304.238160000 0.732775   0.785237 0.248233 -0.0793288   0.0456877 -0.209178 0.0001   1.6e-05
QR_4 1787068304.238160000 -1.000000   2.22045e-16 0.0299999 2.57732e-17   5.12991e-10 9.48721e-19 0.0001   1.6e-05
HR_6 1787068304.248160000 0.733096   0.785531 0.248389 -0.0805979   0.0464399 -0.207782 0.0001   2.5e-05
QR_4 1787068304.248160000 -1.000000   2.22045e-16 0.0299999 2.57732e-17   5.12991e-10 9.48721e-19 0.0001   2.5e-05
HR_6 1787068304.258160000 0.733383   0.78575 0.24848 -0.0815512   0.0466733 -0.206996 0.0001   0.002177
QR_4 1787068304.258160000 -1.000000   2.22045e-16 0.0299999 2.57732e-17   5.12991e-10 9.48721e-19 0.0001   0.002177
HR_6 1787068304.268161000 0.733676   0.785973 0.248547 -0.0820412   0.0467677 -0.206081 0.0001   0.000166
QR_4 1787068304.268161000 -1.000000   2.22045e-16 0.0299999 2.57732e-17   5.12991e-10 9.48721e-19 0.0001   0.000166
HR_6 1787068304.278161000 0.734050   0.786294 0.248625 -0.0821431   0.0475665 -0.204449 0.0001   0.001571
QR_4 1787068304.278161000 -1.000000   2.22045e-16 0.0299999 2.57732e-17   5.12991e-10 9.48721e-19 0.0001   0.001571
HR_6 1787068304.288161000 0.734376   0.786558 0.248633 -0.0815301   0.0479442 -0.203219 0.0001   7e-06
QR_4 1787068304.288161000 -1.000000   2.22045e-16 0.0299999 2.57732e-17   5.12991e-10 9.48721e-19 0.0001   7e-06
HR_6 1787068304.298161000 0.734732   0.786873 0.248696 -0.0815336   0.0482239 -0.201971 0.0001   1.4e-05
QR_4 1787068304.298161000 -1.000000   2.22045e-16 0.0299999 2.57732e-17   5.12991e-10 9.48721e-19 0.0001   1.4e-05
HR_6 1787068304.308161000 0.735221   0.78731 0.248638 -0.0816144   0.0480094 -0.200606 0.0001   9.4e-05
QR_4 1787068304.308161000 -1.000000   2.22045e-16 0.0299999 2.57732e-17   5.12991e-10 9.48721e-19 0.0001   9.4e-05
HR_6 1787068304.318161000 0.735458   0.787522 0.248597 -0.0822659   0.0478158 -0.200065 0.0001   0.000799
QR_4 1787068304.318161000 -1.000000   2.22045e-16 0.0299999 2.57732e-17   5.12991e-10 9.48721e-19 0.0001   0.000799
HR_6 1787068304.328142000 0.735821   0.787823 0.248566 -0.0831133   0.0477299 -0.199027 0.0001   2e-06
QR_4 1787068304.328142000 -1.000000   2.22045e-16 0.0299999 2.57732e-17   5.12991e-10 9.48721e-19 0.0001   2e-06
HR_6 1787068304.338143000 0.736160   0.788076 0.248698 -0.0840492   0.0485092 -0.19813 0.0001   2.5e-05
QR_4 1787068304.338143000 -1.000000   2.22045e-16 0.0299999 2.57732e-17   5.12991e-10 9.48721e-19 0.0001   2.5e-05
HR_6 1787068304.348143000 0.736431   0.788243 0.248776 -0.0847899   0.0489609 -0.197571 0.0001   3.8e-05
QR_4 1787068304.348143000 -1.000000   2.22045e-16 0.0299999 2.57732e-17   5.12991e-10 9.48721e-19 0.0001   3.8e-05
HR_6 1787068304.358143000 0.736734   0.788446 0.248862 -0.0854383   0.0493716 -0.196739 0.0001   0.000547
QR_4 1787068304.358143000 -1.000000   2.22045e-16 0.0299999 2.57732e-17   5.12991e-10 9.48721e-19 0.0001   0.000547
HR_6 1787068304.368143000 0.737027   0.788638 0.248846 -0.0855985   0.0494125 -0.196583 0.0001   0.000392
QR_4 1787068304.368143000 -1.000000   2.22045e-16 0.0299999 2.57732e-17   5.12991e-10 9.48721e-19 0.0001   0.000392
HR_6 1787068304.378143000 0.737414   0.788896 0.248877 -0.0863878   0.0496587 -0.196323 0.0001   2.5e-05
QR_4 1787068304.378143000 -1.000000   2.22045e-16 0.0299999 2.57732e-17   5.12991e-10 9.48721e-19 0.0001   2.5e-05
HR_6 1787068304.388143000 0.737617   0.789053 0.248959 -0.0872113   0.0501372 -0.195841 0.0001   5e-05
QR_4 1787068304.388143000 -1.000000   2.22045e-16 0.0299999 2.57732e-17   5.12991e-10 9.48721e-19 0.0001   5e-05
HR_6 1787068304.398143000 0.737838   0.789243 0.249025 -0.0878388   0.0505461 -0.195983 0.0001   0.000156
QR_4 1787068304.398143000 -1.000000   2.22045e-16 0.0299999 2.57732e-17   5.12991e-10 9.48721e-19 0.0001   0.000156
HR_6 1787068304.408143000 0.738127   0.789532 0.24911 -0.0886868   0.0510994 -0.196119 0.0001   2.8e-05
QR_4 1787068304.408143000 -1.000000   2.22045e-16 0.0299999 2.57732e-17   5.12991e-10 9.48721e-19 0.0001   2.8e-05
HR_6 1787068304.418143000 0.738275   0.789678 0.24916 -0.0894772   0.0511149 -0.195793 0.0001   4.5e-05
QR_4 1787068304.418143000 -1.000000   2.22045e-16 0.0299999 2.57732e-17   5.12991e-10 9.48721e-19 0.0001   4.5e-05
HR_6 1787068304.428143000 0.738479   0.789911 0.249264 -0.0902051   0.0512138 -0.194939 0.0001   0.000612
QR_4 1787068304.428143000 -1.000000   2.22045e-16 0.0299999 2.57732e-17   5.12991e-10 9.48721e-19 0.0001   0.000612
HR_6 1787068304.438144000 0.738866   0.790291 0.249306 -0.089637   0.0513023 -0.193113 0.0001   2.6e-05
QR_4 1787068304.438144000 -1.000000   2.22045e-16 0.0299999 2.57732e-17   5.12991e-10 9.48721e-19 0.0001   2.6e-05
HR_6 1787068304.448144000 0.739170   0.79059 0.249269 -0.0886692   0.051422 -0.191605 0.0001   8e-05
QR_4 1787068304.448144000 -1.000000   2.22045e-16 0.0299999 2.57732e-17   5.12991e-10 9.48721e-19 0.0001   8e-05
HR_6 1787068304.458144000 0.739526   0.791053 0.249176 -0.0876131   0.0512511 -0.190468 0.0001   5.4e-05
QR_4 1787068304.458144000 -1.000000   2.22045e-16 0.0299999 2.57732e-17   5.12991e-10 9.48721e-19 0.0001   5.4e-05
HR_6 1787068304.468144000 0.739943   0.791554 0.249043 -0.0873027   0.0505724 -0.189346 0.0001   6.6e-05
QR_4 1787068304.468144000 -1.000000   2.22045e-16 0.0299999 2.57732e-17   5.12991e-10 9.48721e-19 0.0001   6.6e-05
HR_6 1787068304.478144000 0.740287   0.791962 0.249021 -0.0877308   0.0505853 -0.18843 0.0001   0.001265
QR_4 1787068304.478144000 -1.000000   2.22045e-16 0.0299999 2.57732e-17   5.12991e-10 9.48721e-19 0.0001   0.001265
HR_6 1787068304.488144000 0.740485   0.792156 0.249071 -0.0883249   0.0509048 -0.187952 0.0001   3.5e-05
QR_4 1787068304.488144000 -1.000000   2.22045e-16 0.0299999 2.57732e-17   5.12991e-10 9.48721e-19 0.0001   3.5e-05
HR_6 1787068304.498144000 0.740882   0.792469 0.249187 -0.0896253   0.051502 -0.18767 0.0001   3.2e-05
QR_4 1787068304.498144000 -1.000000   2.22045e-16 0.0299999 2.57732e-17   5.12991e-10 9.48721e-19 0.0001   3.2e-05
HR_6 1787068304.508144000 0.741182   0.792691 0.249294 -0.0905109   0.0523089 -0.187827 0.0001   2.2e-05
QR_4 1787068304.508144000 -1.000000   2.22045e-16 0.0299999 2.57732e-17   5.12991e-10 9.48721e-19 0.0001   2.2e-05
HR_6 1787068304.518144000 0.741481   0.792964 0.249367 -0.0903914   0.0526041 -0.187873 0.0001   0.003208
QR_4 1787068304.518144000 -1.000000   2.22045e-16 0.0299999 2.57732e-17   5.12991e-10 9.48721e-19 0.0001   0.003208
HR_6 1787068304.528144000 0.741663   0.793139 0.249385 -0.0897765   0.0526317 -0.187793 0.0001   1.8e-05
QR_4 1787068304.528144000 -1.000000   2.22045e-16 0.0299999 2.57732e-17   5.12991e-10 9.48721e-19 0.0001   1.8e-05
HR_6 1787068304.538145000 0.742018   0.793469 0.249373 -0.0883706   0.0523743 -0.188121 0.0001   0.00012
QR_4 1787068304.538145000 -1.000000   2.22045e-16 0.0299999 2.57732e-17   5.12991e-10 9.48721e-19 0.0001   0.00012
HR_6 1787068304.548145000 0.742267   0.793741 0.249327 -0.0875792   0.051698 -0.187726 0.0001   4.7e-05
QR_4 1787068304.548145000 -1.000000   2.22045e-16 0.0299999 2.57732e-17   5.12991e-10 9.48721e-19 0.0001   4.7e-05
HR_6 1787068304.558145000 0.742562   0.794037 0.249213 -0.0866947   0.051434 -0.187285 0.0001   2.4e-05
QR_4 1787068304.558145000 -1.000000   2.22045e-16 0.0299999 2.57732e-17   5.12991e-10 9.48721e-19 0.0001   2.4e-05
HR_6 1787068304.568145000 0.742879   0.794382 0.249123 -0.0865923   0.0508751 -0.187526 0.0001   0.000106
QR_4 1787068304.568145000 -1.000000   2.22045e-16 0.0299999 2.57732e-17   5.12991e-10 9.48721e-19 0.0001   0.000106
HR_6 1787068304.578145000 0.743248   0.794732 0.249011 -0.0862788   0.0504674 -0.187615 0.0001   4.2e-05
QR_4 1787068304.578145000 -1.000000   2.22045e-16 0.0299999 2.57732e-17   5.12991e-10 9.48721e-19 0.0001   4.2e-05
HR_6 1787068304.588145000 0.743529   0.794962 0.248988 -0.0867234   0.0503461 -0.187907 0.0001   2.6e-05
QR_4 1787068304.588145000 -1.000000   2.22045e-16 0.0299999 2.57732e-17   5.12991e-10 9.48721e-19 0.0001   2.6e-05
HR_6 1787068304.598145000 0.743896   0.795294 0.248943 -0.0869176   0.0501366 -0.188258 0.0001   3.1e-05
QR_4 1787068304.598145000 -1.000000   2.22045e-16 0.0299999 2.57732e-17   5.12991e-10 9.48721e-19 0.0001   3.1e-05
HR_6 1787068304.608145000 0.744203   0.79554 0.24899 -0.0875703   0.0503593 -0.188461 0.0001   2.5e-05
QR_4 1787068304.608145000 -1.000000   2.22045e-16 0.0299999 2.57732e-17   5.12991e-10 9.48721e-19 0.0001   2.5e-05
HR_6 1787068304.618145000 0.744469   0.795743 0.249103 -0.0882155   0.0507912 -0.188728 0.0001   0.002126
QR_4 1787068304.618145000 -1.000000   2.22045e-16 0.0299999 2.57732e-17   5.12991e-10 9.48721e-19 0.0001   0.002126
HR_6 1787068304.628145000 0.744762   0.795992 0.249123 -0.0879958   0.0510816 -0.188485 0.0001   4.4e-05
QR_4 1787068304.628145000 -1.000000   2.22045e-16 0.0299999 2.57732e-17   5.12991e-10 9.48721e-19 0.0001   4.4e-05
HR_6 1787068304.638146000 0.745083   0.796249 0.249119 -0.0872332   0.0508049 -0.188419 0.0001   2.3e-05
QR_4 1787068304.638146000 -1.000000   2.22045e-16 0.0299999 2.57732e-17   5.12991e-10 9.48721e-19 0.0001   2.3e-05
HR_6 1787068304.648146000 0.745306   0.796432 0.249064 -0.0862233   0.0506772 -0.188472 0.0001   8.1e-05
QR_4 1787068304.648146000 -1.000000   2.22045e-16 0.0299999 2.57732e-17   5.12991e-10 9.48721e-19 0.0001   8.1e-05
HR_6 1787068304.658146000 0.745681   0.796735 0.248973 -0.0860352   0.0500933 -0.18909 0.0001   0.001436
QR_4 1787068304.658146000 -1.000000   2.22045e-16 0.0299999 2.57732e-17   5.12991e-10 9.48721e-19 0.0001   0.001436
HR_6 1787068304.668146000 0.745927   0.796949 0.248884 -0.0862367   0.0496574 -0.189307 0.0001   4.6e-05
QR_4 1787068304.668146000 -1.000000   2.22045e-16 0.0299999 2.57732e-17   5.12991e-10 9.48721e-19 0.0001   4.6e-05
HR_6 1787068304.678146000 0.746201   0.79719 0.248901 -0.0866262   0.0497842 -0.189596 0.0001   0.002984
QR_4 1787068304.678146000 -1.000000   2.22045e-16 0.0299999 2.57732e-17   5.12991e-10 9.48721e-19 0.0001   0.002984
HR_6 1787068304.688146000 0.746445   0.797401 0.248953 -0.0861945   0.0500763 -0.189558 0.0001   4e-05
QR_4 1787068304.688146000 -1.000000   2.22045e-16 0.0299999 2.57732e-17   5.12991e-10 9.48721e-19 0.0001   4e-05
HR_6 1787068304.698146000 0.746691   0.797639 0.249042 -0.0862187   0.0501858 -0.189352 0.0001   2.5e-05
QR_4 1787068304.698146000 -1.000000   2.22045e-16 0.0299999 2.57732e-17   5.12991e-10 9.48721e-19 0.0001   2.5e-05
HR_6 1787068304.708146000 0.746944   0.797884 0.249057 -0.0858138   0.0499114 -0.189554 0.0001   0.001371
QR_4 1787068304.708146000 -1.000000   2.22045e-16 0.0299999 2.57732e-17   5.12991e-10 9.48721e-19 0.0001   0.001371
HR_6 1787068304.718146000 0.747242   0.798156 0.249015 -0.0852499   0.0492386 -0.189726 0.0001   5.7e-05
QR_4 1787068304.718146000 -1.000000   2.22045e-16 0.0299999 2.57732e-17   5.12991e-10 9.48721e-19 0.0001   5.7e-05
HR_6 1787068304.728146000 0.747727   0.798624 0.248828 -0.0840109   0.0486716 -0.189444 0.0001   0.000261
QR_4 1787068304.728146000 -1.000000   2.22045e-16 0.0299999 2.57732e-17   5.12991e-10 9.48721e-19 0.0001   0.000261
HR_6 1787068304.738147000 0.747924   0.7988 0.248733 -0.0834298   0.0484871 -0.189406 0.0001   3e-05
QR_4 1787068304.738147000 -1.000000   2.22045e-16 0.0299999 2.57732e-17   5.12991e-10 9.48721e-19 0.0001   3e-05
HR_6 1787068304.748147000 0.748437   0.799181 0.248657 -0.0839091   0.0482986 -0.190162 0.0001   4.9e-05
QR_4 1787068304.748147000 -1.000000   2.22045e-16 0.0299999 2.57732e-17   5.12991e-10 9.48721e-19 0.0001   4.9e-05
HR_6 1787068304.758147000 0.748779   0.799485 0.248783 -0.0853047   0.0490083 -0.190019 0.0001   3.1e-05
QR_4 1787068304.758147000 -1.000000   2.22045e-16 0.0299999 2.57732e-17   5.12991e-10 9.48721e-19 0.0001   3.1e-05
HR_6 1787068304.768147000 0.749056   0.799734 0.248906 -0.0865544   0.0498249 -0.189659 0.0001   3.7e-05
QR_4 1787068304.768147000 -1.000000   2.22045e-16 0.0299999 2.57732e-17   5.12991e-10 9.48721e-19 0.0001   3.7e-05
HR_6 1787068304.778147000 0.749520   0.80012 0.24909 -0.0878714   0.0502796 -0.189412 0.0001   1.1e-05
QR_4 1787068304.778147000 -1.000000   2.22045e-16 0.0299999 2.57732e-17   5.12991e-10 9.48721e-19 0.0001   1.1e-05
HR_6 1787068304.788147000 0.749764   0.800352 0.249127 -0.0879788   0.0506737 -0.189014 0.0001   0.000928
QR_4 1787068304.788147000 -1.000000   2.22045e-16 0.0299999 2.57732e-17   5.12991e-10 9.48721e-19 0.0001   0.000928
HR_6 1787068304.798147000 0.750207   0.800815 0.249083 -0.0877107   0.0510196 -0.188095 0.0001   3.6e-05
QR_4 1787068304.798147000 -1.000000   2.22045e-16 0.0299999 2.57732e-17   5.12991e-10 9.48721e-19 0.0001   3.6e-05
HR_6 1787068304.808147000 0.750594   0.801193 0.249086 -0.0881602   0.0504141 -0.187758 0.0001   4.3e-05
QR_4 1787068304.808147000 -1.000000   2.22045e-16 0.0299999 2.57732e-17   5.12991e-10 9.48721e-19 0.0001   4.3e-05
HR_6 1787068304.818147000 0.750918   0.801545 0.249059 -0.0875621   0.0500531 -0.1871 0.0001   7.4e-05
QR_4 1787068304.818147000 -1.000000   2.22045e-16 0.0299999 2.57732e-17   5.12991e-10 9.48721e-19 0.0001   7.4e-05
HR_6 1787068304.828147000 0.751380   0.802024 0.248937 -0.0859994   0.0493407 -0.185974 0.0001   7.5e-05
QR_4 1787068304.828147000 -1.000000   2.22045e-16 0.0299999 2.57732e-17   5.12991e-10 9.48721e-19 0.0001   7.5e-05
HR_6 1787068304.838148000 0.751736   0.802411 0.248787 -0.0850399   0.0490106 -0.185142 0.0001   0.001582
QR_4 1787068304.838148000 -1.000000   2.22045e-16 0.0299999 2.57732e-17   5.12991e-10 9.48721e-19 0.0001   0.001582
HR_6 1787068304.848148000 0.751996   0.802701 0.248777 -0.0853871   0.0492054 -0.184655 0.0001   3e-05
QR_4 1787068304.848148000 -1.000000   2.22045e-16 0.0299999 2.57732e-17   5.12991e-10 9.48721e-19 0.0001   3e-05
HR_6 1787068304.858148000 0.752261   0.803004 0.248911 -0.0866234   0.0499844 -0.184652 0.0001   0.001359
QR_4 1787068304.858148000 -1.000000   2.22045e-16 0.0299999 2.57732e-17   5.12991e-10 9.48721e-19 0.0001   0.001359
HR_6 1787068304.868148000 0.752487   0.803227 0.24899 -0.0875377   0.0503894 -0.184234 0.0001   4.1e-05
QR_4 1787068304.868148000 -1.000000   2.22045e-16 0.0299999 2.57732e-17   5.12991e-10 9.48721e-19 0.0001   4.1e-05
HR_6 1787068304.878148000 0.752756   0.803527 0.2491 -0.0885633   0.0508193 -0.183522 0.0001   3.5e-05
QR_4 1787068304.878148000 -1.000000   2.22045e-16 0.0299999 2.57732e-17   5.12991e-10 9.48721e-19 0.0001   3.5e-05
HR_6 1787068304.888148000 0.753047   0.803905 0.249133 -0.0876538   0.0511089 -0.183053 0.0001   2e-05
QR_4 1787068304.888148000 -1.000000   2.22045e-16 0.0299999 2.57732e-17   5.12991e-10 9.48721e-19 0.0001   2e-05
HR_6 1787068304.898148000 0.753235   0.804167 0.249212 -0.087686   0.051516 -0.182919 0.0001   0.000222
QR_4 1787068304.898148000 -1.000000   2.22045e-16 0.0299999 2.57732e-17   5.12991e-10 9.48721e-19 0.0001   0.000222
HR_6 1787068304.908148000 0.753474   0.804379 0.249289 -0.0883022   0.0516267 -0.183058 0.0001   8.4e-05
QR_4 1787068304.908148000 -1.000000   2.22045e-16 0.0299999 2.57732e-17   5.12991e-10 9.48721e-19 0.0001   8.4e-05
HR_6 1787068304.918148000 0.753834   0.80471 0.249248 -0.0858972   0.0514341 -0.182315 0.0001   4e-05
QR_4 1787068304.918148000 -1.000000   2.22045e-16 0.0299999 2.57732e-17   5.12991e-10 9.48721e-19 0.0001   4e-05
HR_6 1787068304.928148000 0.754131   0.804947 0.249144 -0.0818733   0.0499828 -0.180876 0.0001   0.000112
QR_4 1787068304.928148000 -1.000000   2.22045e-16 0.0299999 2.57732e-17   5.12991e-10 9.48721e-19 0.0001   0.000112
HR_6 1787068304.938149000 0.754415   0.805197 0.248929 -0.0758247   0.0464297 -0.17815 0.0001   9.7e-05
QR_4 1787068304.938149000 -1.000000   2.22045e-16 0.0299999 2.57732e-17   5.12991e-10 9.48721e-19 0.0001   9.7e-05
HR_6 1787068304.948149000 0.754772   0.805539 0.248455 -0.067037   0.0401327 -0.173173 0.0001   4.5e-05
QR_4 1787068304.948149000 -1.000000   2.22045e-16 0.0299999 2.57732e-17   5.12991e-10 9.48721e-19 0.0001   4.5e-05
HR_6 1787068304.958149000 0.755142   0.805893 0.247763 -0.0573993   0.0324427 -0.166766 0.0001   1.9e-05
QR_4 1787068304.958149000 -1.000000   2.22045e-16 0.0299999 2.57732e-17   5.12991e-10 9.48721e-19 0.0001   1.9e-05
HR_6 1787068304.968149000 0.755448   0.8062 0.247097 -0.0498087   0.0258341 -0.160644 0.0001   0.000121
QR_4 1787068304.968149000 -1.000000   2.22045e-16 0.0299999 2.57732e-17   5.12991e-10 9.48721e-19 0.0001   0.000121
HR_6 1787068304.978149000 0.755847   0.806631 0.246119 -0.0409729   0.0177051 -0.152312 0.0001   6.2e-05
QR_4 1787068304.978149000 -1.000000   2.22045e-16 0.0299999 2.57732e-17   5.12991e-10 9.48721e-19 0.0001   6.2e-05
HR_6 1787068304.988149000 0.756198   0.807008 0.245238 -0.0349551   0.0117371 -0.145404 0.0001   3.6e-05
QR_4 1787068304.988149000 -1.000000   2.22045e-16 0.0299999 2.57732e-17   5.12991e-10 9.48721e-19 0.0001   3.6e-05
HR_6 1787068304.998149000 0.756683   0.807472 0.244159 -0.0283359   0.00644661 -0.13666 0.0001   2.8e-05
QR_4 1787068304.998149000 -1.000000   2.22045e-16 0.0299999 2.57732e-17   5.12991e-10 9.48721e-19 0.0001   2.8e-05
HR_6 1787068305.008149000 0.757256   0.807741 0.243378 -0.0214618   0.00379292 -0.127642 0.0001   3.3e-05
QR_4 1787068305.008149000 -1.000000   2.22045e-16 0.0299999 2.57732e-17   5.12991e-10 9.48721e-19 0.0001   3.3e-05
HR_6 1787068305.018149000 0.757596   0.807902 0.24287 -0.0171596   0.00231586 -0.122183 0.0001   3.1e-05
QR_4 1787068305.018149000 -1.000000   2.22045e-16 0.0299999 2.57732e-17   5.12991e-10 9.48721e-19 0.0001   3.1e-05
HR_6 1787068305.028149000 0.758192   0.808163 0.241923 -0.00886205   -0.000190432 -0.113026 0.0001   3.4e-05
QR_4 1787068305.028149000 -1.000000   2.22045e-16 0.0299999 2.57732e-17   5.12991e-10 9.48721e-19 0.0001   3.4e-05
HR_6 1787068305.038150000 0.758759   0.80842 0.240882 -0.00109053   -0.00288706 -0.103925 0.0001   2.5e-05
QR_4 1787068305.038150000 -1.000000   2.22045e-16 0.0299999 2.57732e-17   5.12991e-10 9.48721e-19 0.0001   2.5e-05
HR_6 1787068305.048150000 0.759093   0.808659 0.240294 0.00266983   -0.00181046 -0.0974804 0.0001   2.9e-05
QR_4 1787068305.048150000 -1.000000   2.22045e-16 0.0299999 2.57732e-17   5.12991e-10 9.48721e-19 0.0001   2.9e-05
HR_6 1787068305.058150000 0.759359   0.808921 0.240127 0.00173962   0.00199316 -0.0916545 0.0001   2.7e-05
QR_4 1787068305.058150000 -1.000000   2.22045e-16 0.0299999 2.57732e-17   5.12991e-10 9.48721e-19 0.0001   2.7e-05
HR_6 1787068305.068150000 0.759512   0.80903 0.240238 -0.0018928   0.00183971 -0.0873625 0.0001   7.7e-05
QR_4 1787068305.068150000 -1.000000   2.22045e-16 0.0299999 2.57732e-17   5.12991e-10 9.48721e-19 0.0001   7.7e-05
HR_6 1787068305.078150000 0.759640   0.809237 0.240371 -0.000894644   -0.000580125 -0.0833125 0.0001   6.1e-05
QR_4 1787068305.078150000 -1.000000   2.22045e-16 0.0299999 2.57732e-17   5.12991e-10 9.48721e-19 0.0001   6.1e-05
HR_6 1787068305.088148000 0.759595   0.809307 0.240483 0.00270672   -0.00197083 -0.079139 0.0001   2e-06
QR_4 1787068305.088148000 -1.000000   2.22045e-16 0.0299999 2.57732e-17   5.12991e-10 9.48721e-19 0.0001   2e-06
HR_6 1787068305.098148000 0.759307   0.809202 0.240699 0.00494901   -0.000169302 -0.0750007 0.0001   2.5e-05
QR_4 1787068305.098148000 -1.000000   2.22045e-16 0.0299999 2.57732e-17   5.12991e-10 9.48721e-19 0.0001   2.5e-05
HR_6 1787068305.108148000 0.758984   0.809035 0.240972 0.0079162   0.00226543 -0.0697718 0.0001   2.4e-05
QR_4 1787068305.108148000 -1.000000   2.22045e-16 0.0299999 2.57732e-17   5.12991e-10 9.48721e-19 0.0001   2.4e-05
HR_6 1787068305.118148000 0.758715   0.80894 0.241166 0.00986929   0.00370429 -0.0662129 0.0001   4.5e-05
QR_4 1787068305.118148000 -1.000000   2.22045e-16 0.0299999 2.57732e-17   5.12991e-10 9.48721e-19 0.0001   4.5e-05
HR_6 1787068305.128148000 0.758250   0.808752 0.241565 0.0128882   0.00506992 -0.0599404 0.0001   0.000191
QR_4 1787068305.128148000 -1.000000   2.22045e-16 0.0299999 2.57732e-17   5.12991e-10 9.48721e-19 0.0001   0.000191
HR_6 1787068305.138148000 0.757453   0.808531 0.242062 0.0169138   0.00731994 -0.0522654 0.0001   3.6e-05
QR_4 1787068305.138148000 -1.000000   2.22045e-16 0.0299999 2.57732e-17   5.12991e-10 9.48721e-19 0.0001   3.6e-05
HR_6 1787068305.148148000 0.757015   0.808424 0.242332 0.0190279   0.00820436 -0.0481344 0.0001   4.2e-05
QR_4 1787068305.148148000 -1.000000   2.22045e-16 0.0299999 2.57732e-17   5.12991e-10 9.48721e-19 0.0001   4.2e-05
HR_6 1787068305.158148000 0.756093   0.808266 0.242831 0.0229311   0.00981671 -0.0402105 0.0001   1e-05
QR_4 1787068305.158148000 -1.000000   2.22045e-16 0.0299999 2.57732e-17   5.12991e-10 9.48721e-19 0.0001   1e-05
HR_6 1787068305.168148000 0.755240   0.808142 0.243299 0.0264293   0.0110284 -0.0333919 0.0001   0.000142
QR_4 1787068305.168148000 -1.000000   2.22045e-16 0.0299999 2.57732e-17   5.12991e-10 9.48721e-19 0.0001   0.000142
HR_6 1787068305.178148000 0.754506   0.807987 0.243717 0.0292595   0.0116351 -0.0279746 0.0001   2.7e-05
QR_4 1787068305.178148000 -1.000000   2.22045e-16 0.0299999 2.57732e-17   5.12991e-10 9.48721e-19 0.0001   2.7e-05
HR_6 1787068305.188148000 0.753505   0.807789 0.244292 0.0325582   0.0118064 -0.0214219 0.0001   3.2e-05
QR_4 1787068305.188148000 -1.000000   2.22045e-16 0.0299999 2.57732e-17   5.12991e-10 9.48721e-19 0.0001   3.2e-05
HR_6 1787068305.198149000 0.752654   0.807614 0.244773 0.0358042   0.0123655 -0.0153399 0.0001   3.5e-05
QR_4 1787068305.198149000 -1.000000   2.22045e-16 0.0299999 2.57732e-17   5.12991e-10 9.48721e-19 0.0001   3.5e-05
HR_6 1787068305.208135000 0.751536   0.807304 0.24542 0.0399494   0.0129415 -0.00795067 0.0001   2e-06
QR_4 1787068305.208135000 -1.000000   2.22045e-16 0.0299999 2.57732e-17   5.12991e-10 9.48721e-19 0.0001   2e-06
HR_6 1787068305.218135000 0.750384   0.806925 0.246123 0.0444866   0.0133623 -0.000587483 0.0001   2.9e-05
QR_4 1787068305.218135000 -1.000000   2.22045e-16 0.0299999 2.57732e-17   5.12991e-10 9.48721e-19 0.0001   2.9e-05
HR_6 1787068305.228135000 0.749195   0.806506 0.246866 0.0491359   0.0135108 0.00719031 0.0001   4.8e-05
QR_4 1787068305.228135000 -1.000000   2.22045e-16 0.0299999 2.57732e-17   5.12991e-10 9.48721e-19 0.0001   4.8e-05
HR_6 1787068305.238135000 0.748203   0.806154 0.247444 0.0530441   0.0141075 0.0136297 0.0001   0.004081
QR_4 1787068305.238135000 -1.000000   2.22045e-16 0.0299999 2.57732e-17   5.12991e-10 9.48721e-19 0.0001   0.004081
HR_6 1787068305.248135000 0.747203   0.805802 0.248001 0.0568837   0.0146994 0.0202257 0.0001   4.6e-05
QR_4 1787068305.248135000 -1.000000   2.22045e-16 0.0299999 2.57732e-17   5.12991e-10 9.48721e-19 0.0001   4.6e-05
HR_6 1787068305.258135000 0.746233   0.805459 0.24859 0.060698   0.0149173 0.0267095 0.0001   6.2e-05
QR_4 1787068305.258135000 -1.000000   2.22045e-16 0.0299999 2.57732e-17   5.12991e-10 9.48721e-19 0.0001   6.2e-05
HR_6 1787068305.268135000 0.744989   0.805008 0.249323 0.0655036   0.0149392 0.0347789 0.0001   7.7e-05
QR_4 1787068305.268135000 -1.000000   2.22045e-16 0.0299999 2.57732e-17   5.12991e-10 9.48721e-19 0.0001   7.7e-05
HR_6 1787068305.278135000 0.743706   0.804549 0.250095 0.0703371   0.0149056 0.0429384 0.0001   0.00113
QR_4 1787068305.278135000 -1.000000   2.22045e-16 0.0299999 2.57732e-17   5.12991e-10 9.48721e-19 0.0001   0.00113
HR_6 1787068305.288135000 0.742402   0.804068 0.250896 0.0752107   0.0145942 0.0509403 0.0001   6.2e-05
QR_4 1787068305.288135000 -1.000000   2.22045e-16 0.0299999 2.57732e-17   5.12991e-10 9.48721e-19 0.0001   6.2e-05
HR_6 1787068305.298135000 0.741344   0.803664 0.251521 0.0791677   0.0145323 0.0576493 0.0001   5.4e-05
QR_4 1787068305.298135000 -1.000000   2.22045e-16 0.0299999 2.57732e-17   5.12991e-10 9.48721e-19 0.0001   5.4e-05
HR_6 1787068305.308135000 0.740262   0.803279 0.252175 0.0831097   0.0141449 0.0644597 0.0001   4.1e-05
QR_4 1787068305.308135000 -1.000000   2.22045e-16 0.0299999 2.57732e-17   5.12991e-10 9.48721e-19 0.0001   4.1e-05
HR_6 1787068305.318136000 0.739148   0.802871 0.252847 0.087098   0.0136184 0.0711768 0.0001   6e-05
QR_4 1787068305.318136000 -1.000000   2.22045e-16 0.0299999 2.57732e-17   5.12991e-10 9.48721e-19 0.0001   6e-05
HR_6 1787068305.328136000 0.737751   0.802308 0.253642 0.0917074   0.0128185 0.0793013 0.0001   0.000133
QR_4 1787068305.328136000 -1.000000   2.22045e-16 0.0299999 2.57732e-17   5.12991e-10 9.48721e-19 0.0001   0.000133
HR_6 1787068305.338136000 0.736651   0.801849 0.254274 0.0954535   0.0122448 0.0860946 0.0001   5.4e-05
QR_4 1787068305.338136000 -1.000000   2.22045e-16 0.0299999 2.57732e-17   5.12991e-10 9.48721e-19 0.0001   5.4e-05
HR_6 1787068305.348136000 0.735279   0.801252 0.25512 0.100355   0.0112554 0.0942398 0.0001   7.1e-05
QR_4 1787068305.348136000 -1.000000   2.22045e-16 0.0299999 2.57732e-17   5.12991e-10 9.48721e-19 0.0001   7.1e-05
HR_6 1787068305.358136000 0.733894   0.800645 0.255951 0.10524   0.0110418 0.102282 0.0001   0.001339
QR_4 1787068305.358136000 -1.000000   2.22045e-16 0.0299999 2.57732e-17   5.12991e-10 9.48721e-19 0.0001   0.001339
HR_6 1787068305.368136000 0.733075   0.800227 0.256381 0.108275   0.010925 0.107433 0.0001   4.1e-05
QR_4 1787068305.368136000 -1.000000   2.22045e-16 0.0299999 2.57732e-17   5.12991e-10 9.48721e-19 0.0001   4.1e-05
HR_6 1787068305.378136000 0.731739   0.799521 0.257176 0.113444   0.0105098 0.116457 0.0001   5.4e-05
QR_4 1787068305.378136000 -1.000000   2.22045e-16 0.0299999 2.57732e-17   5.12991e-10 9.48721e-19 0.0001   5.4e-05
HR_6 1787068305.388136000 0.730661   0.798982 0.257804 0.117415   0.0102351 0.12341 0.0001   6.6e-05
QR_4 1787068305.388136000 -1.000000   2.22045e-16 0.0299999 2.57732e-17   5.12991e-10 9.48721e-19 0.0001   6.6e-05
HR_6 1787068305.398136000 0.729582   0.798371 0.258381 0.121406   0.0101585 0.130408 0.0001   0.00156
QR_4 1787068305.398136000 -1.000000   2.22045e-16 0.0299999 2.57732e-17   5.12991e-10 9.48721e-19 0.0001   0.00156
HR_6 1787068305.408136000 0.728238   0.797518 0.259047 0.126067   0.0102023 0.138913 0.0001   8.9e-05
QR_4 1787068305.408136000 -1.000000   2.22045e-16 0.0299999 2.57732e-17   5.12991e-10 9.48721e-19 0.0001   8.9e-05
HR_6 1787068305.418137000 0.727182   0.796839 0.259575 0.129535   0.0100102 0.145975 0.0001   5.7e-05
QR_4 1787068305.418137000 -1.000000   2.22045e-16 0.0299999 2.57732e-17   5.12991e-10 9.48721e-19 0.0001   5.7e-05
HR_6 1787068305.428137000 0.725872   0.795932 0.260218 0.133702   0.00949027 0.155226 0.0001   5.5e-05
QR_4 1787068305.428137000 -1.000000   2.22045e-16 0.0299999 2.57732e-17   5.12991e-10 9.48721e-19 0.0001   5.5e-05
HR_6 1787068305.438137000 0.724820   0.795158 0.260724 0.137177   0.00941521 0.162341 0.0001   0.000491
QR_4 1787068305.438137000 -1.000000   2.22045e-16 0.0299999 2.57732e-17   5.12991e-10 9.48721e-19 0.0001   0.000491
HR_6 1787068305.448137000 0.723506   0.794129 0.261401 0.141158   0.00833469 0.171993 0.0001   0.000238
QR_4 1787068305.448137000 -1.000000   2.22045e-16 0.0299999 2.57732e-17   5.12991e-10 9.48721e-19 0.0001   0.000238
HR_6 1787068305.458137000 0.722433   0.793251 0.261963 0.144381   0.00729231 0.180041 0.0001   8.2e-05
QR_4 1787068305.458137000 -1.000000   2.22045e-16 0.0299999 2.57732e-17   5.12991e-10 9.48721e-19 0.0001   8.2e-05
HR_6 1787068305.468137000 0.721075   0.792085 0.262626 0.148776   0.00685196 0.1893 0.0001   2.4e-05
QR_4 1787068305.468137000 -1.000000   2.22045e-16 0.0299999 2.57732e-17   5.12991e-10 9.48721e-19 0.0001   2.4e-05
HR_6 1787068305.478137000 0.720024   0.791115 0.263074 0.152142   0.00712795 0.19677 0.0001   0.00031
QR_4 1787068305.478137000 -1.000000   2.22045e-16 0.0299999 2.57732e-17   5.12991e-10 9.48721e-19 0.0001   0.00031
HR_6 1787068305.488137000 0.718729   0.78983 0.263627 0.156065   0.00728891 0.206836 0.0001   4.6e-05
QR_4 1787068305.488137000 -1.000000   2.22045e-16 0.0299999 2.57732e-17   5.12991e-10 9.48721e-19 0.0001   4.6e-05
HR_6 1787068305.498137000 0.717446   0.788442 0.264071 0.159595   0.0072899 0.21591 0.0001   3.3e-05
QR_4 1787068305.498137000 -1.000000   2.22045e-16 0.0299999 2.57732e-17   5.12991e-10 9.48721e-19 0.0001   3.3e-05
HR_6 1787068305.508137000 0.716709   0.787616 0.264337 0.161626   0.00748897 0.221834 0.0001   4.1e-05
QR_4 1787068305.508137000 -1.000000   2.22045e-16 0.0299999 2.57732e-17   5.12991e-10 9.48721e-19 0.0001   4.1e-05
HR_6 1787068305.518138000 0.715486   0.786189 0.264813 0.164641   0.00721242 0.232618 0.0001   4.9e-05
QR_4 1787068305.518138000 -1.000000   2.22045e-16 0.0299999 2.57732e-17   5.12991e-10 9.48721e-19 0.0001   4.9e-05
HR_6 1787068305.528138000 0.714264   0.784654 0.265239 0.167825   0.00690176 0.242537 0.0001   0.000119
QR_4 1787068305.528138000 -1.000000   2.22045e-16 0.0299999 2.57732e-17   5.12991e-10 9.48721e-19 0.0001   0.000119
HR_6 1787068305.538138000 0.713247   0.783366 0.265555 0.170254   0.00719734 0.250226 0.0001   5e-05
QR_4 1787068305.538138000 -1.000000   2.22045e-16 0.0299999 2.57732e-17   5.12991e-10 9.48721e-19 0.0001   5e-05
HR_6 1787068305.548138000 0.712260   0.782039 0.265864 0.172823   0.00758652 0.258071 0.0001   9e-05
QR_4 1787068305.548138000 -1.000000   2.22045e-16 0.0299999 2.57732e-17   5.12991e-10 9.48721e-19 0.0001   9e-05
HR_6 1787068305.558138000 0.711065   0.780286 0.266276 0.17599   0.00745012 0.267065 0.0001   0.000865
QR_4 1787068305.558138000 -1.000000   2.22045e-16 0.0299999 2.57732e-17   5.12991e-10 9.48721e-19 0.0001   0.000865
HR_6 1787068305.568138000 0.710144   0.778808 0.266576 0.177915   0.00775049 0.273995 0.0001   4.7e-05
QR_4 1787068305.568138000 -1.000000   2.22045e-16 0.0299999 2.57732e-17   5.12991e-10 9.48721e-19 0.0001   4.7e-05
HR_6 1787068305.578138000 0.708994   0.776827 0.266809 0.180169   0.00780497 0.282733 0.0001   6.8e-05
QR_4 1787068305.578138000 -1.000000   2.22045e-16 0.0299999 2.57732e-17   5.12991e-10 9.48721e-19 0.0001   6.8e-05
HR_6 1787068305.588138000 0.707860   0.774791 0.267117 0.182407   0.00770766 0.291022 0.0001   4.6e-05
QR_4 1787068305.588138000 -1.000000   2.22045e-16 0.0299999 2.57732e-17   5.12991e-10 9.48721e-19 0.0001   4.6e-05
HR_6 1787068305.598138000 0.706992   0.773075 0.267347 0.183928   0.00735918 0.297671 0.0001   0.002165
QR_4 1787068305.598138000 -1.000000   2.22045e-16 0.0299999 2.57732e-17   5.12991e-10 9.48721e-19 0.0001   0.002165
HR_6 1787068305.608138000 0.706108   0.771279 0.267579 0.18541   0.00729586 0.30406 0.0001   2e-05
QR_4 1787068305.608138000 -1.000000   2.22045e-16 0.0299999 2.57732e-17   5.12991e-10 9.48721e-19 0.0001   2e-05
HR_6 1787068305.618139000 0.705061   0.768975 0.267864 0.187437   0.0070478 0.312167 0.0001   6.3e-05
QR_4 1787068305.618139000 -1.000000   2.22045e-16 0.0299999 2.57732e-17   5.12991e-10 9.48721e-19 0.0001   6.3e-05
HR_6 1787068305.628139000 0.704030   0.766506 0.268078 0.189096   0.00681718 0.319866 0.0001   7.9e-05
QR_4 1787068305.628139000 -1.000000   2.22045e-16 0.0299999 2.57732e-17   5.12991e-10 9.48721e-19 0.0001   7.9e-05
HR_6 1787068305.638139000 0.703393   0.765075 0.268286 0.190637   0.00712841 0.324588 0.0001   6.6e-05
QR_4 1787068305.638139000 -1.000000   2.22045e-16 0.0299999 2.57732e-17   5.12991e-10 9.48721e-19 0.0001   6.6e-05
HR_6 1787068305.648139000 0.702411   0.762647 0.268562 0.193166   0.00746488 0.333303 0.0001   6.9e-05
QR_4 1787068305.648139000 -1.000000   2.22045e-16 0.0299999 2.57732e-17   5.12991e-10 9.48721e-19 0.0001   6.9e-05
HR_6 1787068305.658139000 0.701448   0.760007 0.268728 0.194478   0.00745231 0.341721 0.0001   5.3e-05
QR_4 1787068305.658139000 -1.000000   2.22045e-16 0.0299999 2.57732e-17   5.12991e-10 9.48721e-19 0.0001   5.3e-05
HR_6 1787068305.668139000 0.700856   0.758425 0.268857 0.195804   0.00725094 0.346501 0.0001   4.9e-05
QR_4 1787068305.668139000 -1.000000   2.22045e-16 0.0299999 2.57732e-17   5.12991e-10 9.48721e-19 0.0001   4.9e-05
HR_6 1787068305.678139000 0.699879   0.755866 0.269281 0.198381   0.00721466 0.354218 0.0001   4.3e-05
QR_4 1787068305.678139000 -1.000000   2.22045e-16 0.0299999 2.57732e-17   5.12991e-10 9.48721e-19 0.0001   4.3e-05
HR_6 1787068305.688139000 0.699119   0.753706 0.269579 0.199876   0.0071884 0.360277 0.0001   0.000301
QR_4 1787068305.688139000 -1.000000   2.22045e-16 0.0299999 2.57732e-17   5.12991e-10 9.48721e-19 0.0001   0.000301
HR_6 1787068305.698139000 0.698412   0.751478 0.269745 0.201612   0.00674985 0.366411 0.0001   5.2e-05
QR_4 1787068305.698139000 -1.000000   2.22045e-16 0.0299999 2.57732e-17   5.12991e-10 9.48721e-19 0.0001   5.2e-05
HR_6 1787068305.708139000 0.697584   0.748664 0.269982 0.203594   0.00642391 0.374296 0.0001   0.000566
QR_4 1787068305.708139000 -1.000000   2.22045e-16 0.0299999 2.57732e-17   5.12991e-10 9.48721e-19 0.0001   0.000566
HR_6 1787068305.718140000 0.696943   0.746285 0.270157 0.204271   0.00621113 0.380779 0.0001   3.6e-05
QR_4 1787068305.718140000 -1.000000   2.22045e-16 0.0299999 2.57732e-17   5.12991e-10 9.48721e-19 0.0001   3.6e-05
HR_6 1787068305.728140000 0.696172   0.743115 0.270324 0.204087   0.00448002 0.389436 0.0001   4.5e-05
QR_4 1787068305.728140000 -1.000000   2.22045e-16 0.0299999 2.57732e-17   5.12991e-10 9.48721e-19 0.0001   4.5e-05
HR_6 1787068305.738140000 0.695497   0.739802 0.270351 0.203404   0.00284168 0.398293 0.0001   4.3e-05
QR_4 1787068305.738140000 -1.000000   2.22045e-16 0.0299999 2.57732e-17   5.12991e-10 9.48721e-19 0.0001   4.3e-05
HR_6 1787068305.748140000 0.694994   0.737062 0.270275 0.20292   0.00280462 0.405559 0.0001   0.001052
QR_4 1787068305.748140000 -1.000000   2.22045e-16 0.0299999 2.57732e-17   5.12991e-10 9.48721e-19 0.0001   0.001052
HR_6 1787068305.758140000 0.694467   0.734259 0.270199 0.203009   0.00386263 0.412675 0.0001   0.001926
QR_4 1787068305.758140000 -1.000000   2.22045e-16 0.0299999 2.57732e-17   5.12991e-10 9.48721e-19 0.0001   0.001926
HR_6 1787068305.768140000 0.694127   0.732097 0.270108 0.203096   0.00471831 0.418035 0.0001   0.000155
QR_4 1787068305.768140000 -1.000000   2.22045e-16 0.0299999 2.57732e-17   5.12991e-10 9.48721e-19 0.0001   0.000155
HR_6 1787068305.778140000 0.693509   0.728411 0.270041 0.203921   0.00605821 0.426483 0.0001   5.9e-05
QR_4 1787068305.778140000 -1.000000   2.22045e-16 0.0299999 2.57732e-17   5.12991e-10 9.48721e-19 0.0001   5.9e-05
HR_6 1787068305.788140000 0.692840   0.724657 0.270099 0.205076   0.00735771 0.434532 0.0001   5.4e-05
QR_4 1787068305.788140000 -1.000000   2.22045e-16 0.0299999 2.57732e-17   5.12991e-10 9.48721e-19 0.0001   5.4e-05
HR_6 1787068305.798140000 0.692350   0.721568 0.2701 0.206048   0.00841271 0.440891 0.0001   8.7e-05
QR_4 1787068305.798140000 -1.000000   2.22045e-16 0.0299999 2.57732e-17   5.12991e-10 9.48721e-19 0.0001   8.7e-05
HR_6 1787068305.808140000 0.691785   0.717603 0.270043 0.206395   0.00966089 0.448766 0.0001   3.6e-05
QR_4 1787068305.808140000 -1.000000   2.22045e-16 0.0299999 2.57732e-17   5.12991e-10 9.48721e-19 0.0001   3.6e-05
HR_6 1787068305.818141000 0.691223   0.713528 0.269941 0.206695   0.0107512 0.456729 0.0001   7e-05
QR_4 1787068305.818141000 -1.000000   2.22045e-16 0.0299999 2.57732e-17   5.12991e-10 9.48721e-19 0.0001   7e-05
HR_6 1787068305.828141000 0.690784   0.710204 0.269822 0.205443   0.0112706 0.463057 0.0001   5.4e-05
QR_4 1787068305.828141000 -1.000000   2.22045e-16 0.0299999 2.57732e-17   5.12991e-10 9.48721e-19 0.0001   5.4e-05
HR_6 1787068305.838141000 0.690297   0.705907 0.269527 0.202427   0.0108977 0.470734 0.0001   3.5e-05
QR_4 1787068305.838141000 -1.000000   2.22045e-16 0.0299999 2.57732e-17   5.12991e-10 9.48721e-19 0.0001   3.5e-05
HR_6 1787068305.848141000 0.689947   0.702327 0.269202 0.200269   0.0103252 0.477404 0.0001   0.000256
QR_4 1787068305.848141000 -1.000000   2.22045e-16 0.0299999 2.57732e-17   5.12991e-10 9.48721e-19 0.0001   0.000256
HR_6 1787068305.858141000 0.689629   0.698722 0.26883 0.197609   0.0102691 0.48363 0.0001   1.2e-05
QR_4 1787068305.858141000 -1.000000   2.22045e-16 0.0299999 2.57732e-17   5.12991e-10 9.48721e-19 0.0001   1.2e-05
HR_6 1787068305.868141000 0.689361   0.695099 0.268398 0.194449   0.0108598 0.489511 0.0001   6.2e-05
QR_4 1787068305.868141000 -1.000000   2.22045e-16 0.0299999 2.57732e-17   5.12991e-10 9.48721e-19 0.0001   6.2e-05
HR_6 1787068305.878141000 0.689052   0.690456 0.267852 0.192038   0.0127369 0.497301 0.0001   4e-05
QR_4 1787068305.878141000 -1.000000   2.22045e-16 0.0299999 2.57732e-17   5.12991e-10 9.48721e-19 0.0001   4e-05
HR_6 1787068305.888141000 0.688816   0.686735 0.267452 0.190957   0.0154774 0.503097 0.0001   1.9e-05
QR_4 1787068305.888141000 -1.000000   2.22045e-16 0.0299999 2.57732e-17   5.12991e-10 9.48721e-19 0.0001   1.9e-05
HR_6 1787068305.898141000 0.688582   0.68204 0.267027 0.19041   0.0188231 0.509381 0.0001   3.4e-05
QR_4 1787068305.898141000 -1.000000   2.22045e-16 0.0299999 2.57732e-17   5.12991e-10 9.48721e-19 0.0001   3.4e-05
HR_6 1787068305.908141000 0.688326   0.677171 0.266653 0.190195   0.0219181 0.515906 0.0001   3.3e-05
QR_4 1787068305.908141000 -1.000000   2.22045e-16 0.0299999 2.57732e-17   5.12991e-10 9.48721e-19 0.0001   3.3e-05
HR_6 1787068305.918142000 0.688047   0.672329 0.266388 0.190186   0.0245032 0.521919 0.0001   4.6e-05
QR_4 1787068305.918142000 -1.000000   2.22045e-16 0.0299999 2.57732e-17   5.12991e-10 9.48721e-19 0.0001   4.6e-05
HR_6 1787068305.928142000 0.687839   0.668342 0.266158 0.189226   0.0255164 0.526905 0.0001   0.000268
QR_4 1787068305.928142000 -1.000000   2.22045e-16 0.0299999 2.57732e-17   5.12991e-10 9.48721e-19 0.0001   0.000268
HR_6 1787068305.938142000 0.687561   0.663228 0.265878 0.187616   0.026283 0.533361 0.0001   3e-05
QR_4 1787068305.938142000 -1.000000   2.22045e-16 0.0299999 2.57732e-17   5.12991e-10 9.48721e-19 0.0001   3e-05
HR_6 1787068305.948142000 0.687346   0.659102 0.265656 0.186484   0.0265288 0.538184 0.0001   6.6e-05
QR_4 1787068305.948142000 -1.000000   2.22045e-16 0.0299999 2.57732e-17   5.12991e-10 9.48721e-19 0.0001   6.6e-05
HR_6 1787068305.958142000 0.687054   0.652818 0.265425 0.185307   0.0273759 0.545377 0.0001   5e-06
QR_4 1787068305.958142000 -1.000000   2.22045e-16 0.0299999 2.57732e-17   5.12991e-10 9.48721e-19 0.0001   5e-06
HR_6 1787068305.968142000 0.686830   0.647511 0.265258 0.184586   0.0284061 0.551384 0.0001   1.6e-05
QR_4 1787068305.968142000 -1.000000   2.22045e-16 0.0299999 2.57732e-17   5.12991e-10 9.48721e-19 0.0001   1.6e-05
HR_6 1787068305.978142000 0.686654   0.642142 0.265102 0.184039   0.0290304 0.557507 0.0001   0.000807
QR_4 1787068305.978142000 -1.000000   2.22045e-16 0.0299999 2.57732e-17   5.12991e-10 9.48721e-19 0.0001   0.000807
HR_6 1787068305.988142000 0.686505   0.637809 0.26501 0.183914   0.0296801 0.562317 0.0001   9e-05
QR_4 1787068305.988142000 -1.000000   2.22045e-16 0.0299999 2.57732e-17   5.12991e-10 9.48721e-19 0.0001   9e-05
HR_6 1787068305.998142000 0.686421   0.63342 0.264922 0.183106   0.0307005 0.567378 0.0001   3.4e-05
QR_4 1787068305.998142000 -1.000000   2.22045e-16 0.0299999 2.57732e-17   5.12991e-10 9.48721e-19 0.0001   3.4e-05
HR_6 1787068306.008142000 0.686430   0.626685 0.264672 0.181519   0.0305848 0.575173 0.0001   2.4e-05
QR_4 1787068306.008142000 -1.000000   2.22045e-16 0.0299999 2.57732e-17   5.12991e-10 9.48721e-19 0.0001   2.4e-05
HR_6 1787068306.018143000 0.686518   0.62097 0.264412 0.179549   0.0300011 0.581556 0.0001   0.002558
QR_4 1787068306.018143000 -1.000000   2.22045e-16 0.0299999 2.57732e-17   5.12991e-10 9.48721e-19 0.0001   0.002558
HR_6 1787068306.028143000 0.686531   0.616445 0.264316 0.17847   0.0303571 0.586754 0.0001   4e-05
QR_4 1787068306.028143000 -1.000000   2.22045e-16 0.0299999 2.57732e-17   5.12991e-10 9.48721e-19 0.0001   4e-05
HR_6 1787068306.038143000 0.686583   0.611863 0.264157 0.177254   0.0306932 0.592883 0.0001   9e-05
QR_4 1787068306.038143000 -1.000000   2.22045e-16 0.0299999 2.57732e-17   5.12991e-10 9.48721e-19 0.0001   9e-05
HR_6 1787068306.048143000 0.686694   0.607222 0.263906 0.175859   0.0308217 0.598937 0.0001   2.6e-05
QR_4 1787068306.048143000 -1.000000   2.22045e-16 0.0299999 2.57732e-17   5.12991e-10 9.48721e-19 0.0001   2.6e-05
HR_6 1787068306.058143000 0.686904   0.601352 0.263574 0.174202   0.0311863 0.605878 0.0001   5e-05
QR_4 1787068306.058143000 -1.000000   2.22045e-16 0.0299999 2.57732e-17   5.12991e-10 9.48721e-19 0.0001   5e-05
HR_6 1787068306.068143000 0.687084   0.596626 0.263372 0.17298   0.0314851 0.611564 0.0001   3.8e-05
QR_4 1787068306.068143000 -1.000000   2.22045e-16 0.0299999 2.57732e-17   5.12991e-10 9.48721e-19 0.0001   3.8e-05
HR_6 1787068306.078143000 0.687265   0.591859 0.263209 0.171445   0.0310867 0.616964 0.0001   0.001649
QR_4 1787068306.078143000 -1.000000   2.22045e-16 0.0299999 2.57732e-17   5.12991e-10 9.48721e-19 0.0001   0.001649
HR_6 1787068306.088143000 0.687540   0.585837 0.263035 0.169379   0.0301802 0.623441 0.0001   5.5e-05
QR_4 1787068306.088143000 -1.000000   2.22045e-16 0.0299999 2.57732e-17   5.12991e-10 9.48721e-19 0.0001   5.5e-05
HR_6 1787068306.098143000 0.687760   0.580983 0.262858 0.168072   0.0301006 0.628595 0.0001   0.002293
QR_4 1787068306.098143000 -1.000000   2.22045e-16 0.0299999 2.57732e-17   5.12991e-10 9.48721e-19 0.0001   0.002293
HR_6 1787068306.108143000 0.687931   0.577333 0.26273 0.167491   0.0305656 0.632638 0.0001   6.2e-05
QR_4 1787068306.108143000 -1.000000   2.22045e-16 0.0299999 2.57732e-17   5.12991e-10 9.48721e-19 0.0001   6.2e-05
HR_6 1787068306.118144000 0.688221   0.572402 0.262569 0.1667   0.031122 0.63785 0.0001   6.4e-05
QR_4 1787068306.118144000 -1.000000   2.22045e-16 0.0299999 2.57732e-17   5.12991e-10 9.48721e-19 0.0001   6.4e-05
HR_6 1787068306.128144000 0.688704   0.564922 0.262356 0.166076   0.0323244 0.645115 0.0001   0.000321
QR_4 1787068306.128144000 -1.000000   2.22045e-16 0.0299999 2.57732e-17   5.12991e-10 9.48721e-19 0.0001   0.000321
HR_6 1787068306.138144000 0.689128   0.55867 0.262175 0.165513   0.0332187 0.650948 0.0001   4.1e-05
QR_4 1787068306.138144000 -1.000000   2.22045e-16 0.0299999 2.57732e-17   5.12991e-10 9.48721e-19 0.0001   4.1e-05
HR_6 1787068306.148144000 0.689501   0.553634 0.261992 0.16439   0.0335569 0.655643 0.0001   4.1e-05
QR_4 1787068306.148144000 -1.000000   2.22045e-16 0.0299999 2.57732e-17   5.12991e-10 9.48721e-19 0.0001   4.1e-05
HR_6 1787068306.158144000 0.689913   0.548576 0.261748 0.162855   0.0338077 0.661213 0.0001   2.1e-05
QR_4 1787068306.158144000 -1.000000   2.22045e-16 0.0299999 2.57732e-17   5.12991e-10 9.48721e-19 0.0001   2.1e-05
HR_6 1787068306.168144000 0.690436   0.54227 0.261482 0.161063   0.0345415 0.668267 0.0001   3.1e-05
QR_4 1787068306.168144000 -1.000000   2.22045e-16 0.0299999 2.57732e-17   5.12991e-10 9.48721e-19 0.0001   3.1e-05
HR_6 1787068306.178144000 0.690880   0.537162 0.26124 0.159479   0.0349315 0.673886 0.0001   2.8e-05
QR_4 1787068306.178144000 -1.000000   2.22045e-16 0.0299999 2.57732e-17   5.12991e-10 9.48721e-19 0.0001   2.8e-05
HR_6 1787068306.188144000 0.691308   0.532019 0.261054 0.158565   0.0344156 0.678838 0.0001   0.000622
QR_4 1787068306.188144000 -1.000000   2.22045e-16 0.0299999 2.57732e-17   5.12991e-10 9.48721e-19 0.0001   0.000622
HR_6 1787068306.198144000 0.691711   0.52693 0.261039 0.158569   0.0346231 0.68347 0.0001   2.8e-05
QR_4 1787068306.198144000 -1.000000   2.22045e-16 0.0299999 2.57732e-17   5.12991e-10 9.48721e-19 0.0001   2.8e-05
HR_6 1787068306.208144000 0.692117   0.521837 0.261029 0.158586   0.035091 0.687655 0.0001   2.8e-05
QR_4 1787068306.208144000 -1.000000   2.22045e-16 0.0299999 2.57732e-17   5.12991e-10 9.48721e-19 0.0001   2.8e-05
HR_6 1787068306.218145000 0.692679   0.515414 0.261004 0.158512   0.0355083 0.692702 0.0001   4.8e-05
QR_4 1787068306.218145000 -1.000000   2.22045e-16 0.0299999 2.57732e-17   5.12991e-10 9.48721e-19 0.0001   4.8e-05
HR_6 1787068306.228145000 0.693041   0.511555 0.261003 0.158475   0.0352804 0.695975 0.0001   0.000343
QR_4 1787068306.228145000 -1.000000   2.22045e-16 0.0299999 2.57732e-17   5.12991e-10 9.48721e-19 0.0001   0.000343
HR_6 1787068306.238145000 0.693824   0.503781 0.260939 0.157274   0.0341754 0.702458 0.0001   2.3e-05
QR_4 1787068306.238145000 -1.000000   2.22045e-16 0.0299999 2.57732e-17   5.12991e-10 9.48721e-19 0.0001   2.3e-05
HR_6 1787068306.248145000 0.694563   0.497241 0.260806 0.155322   0.0331475 0.708302 0.0001   3.7e-05
QR_4 1787068306.248145000 -1.000000   2.22045e-16 0.0299999 2.57732e-17   5.12991e-10 9.48721e-19 0.0001   3.7e-05
HR_6 1787068306.258145000 0.695176   0.49202 0.260715 0.154112   0.0322309 0.713052 0.0001   0.00217
QR_4 1787068306.258145000 -1.000000   2.22045e-16 0.0299999 2.57732e-17   5.12991e-10 9.48721e-19 0.0001   0.00217
HR_6 1787068306.268145000 0.695800   0.486773 0.260617 0.152788   0.0316238 0.71746 0.0001   2e-05
QR_4 1787068306.268145000 -1.000000   2.22045e-16 0.0299999 2.57732e-17   5.12991e-10 9.48721e-19 0.0001   2e-05
HR_6 1787068306.278145000 0.696640   0.480073 0.260401 0.150821   0.0315389 0.723121 0.0001   7.6e-05
QR_4 1787068306.278145000 -1.000000   2.22045e-16 0.0299999 2.57732e-17   5.12991e-10 9.48721e-19 0.0001   7.6e-05
HR_6 1787068306.288145000 0.697173   0.47607 0.260243 0.150234   0.0312923 0.726484 0.0001   0.000609
QR_4 1787068306.288145000 -1.000000   2.22045e-16 0.0299999 2.57732e-17   5.12991e-10 9.48721e-19 0.0001   0.000609
HR_6 1787068306.298145000 0.697924   0.469578 0.260226 0.150767   0.0323532 0.731896 0.0001   7.7e-05
QR_4 1787068306.298145000 -1.000000   2.22045e-16 0.0299999 2.57732e-17   5.12991e-10 9.48721e-19 0.0001   7.7e-05
HR_6 1787068306.308145000 0.698719   0.462948 0.260129 0.150797   0.0335392 0.737446 0.0001   3.5e-05
QR_4 1787068306.308145000 -1.000000   2.22045e-16 0.0299999 2.57732e-17   5.12991e-10 9.48721e-19 0.0001   3.5e-05
HR_6 1787068306.318146000 0.699483   0.456321 0.260028 0.150595   0.0339065 0.742732 0.0001   0.003148
QR_4 1787068306.318146000 -1.000000   2.22045e-16 0.0299999 2.57732e-17   5.12991e-10 9.48721e-19 0.0001   0.003148
HR_6 1787068306.328146000 0.700034   0.450991 0.259984 0.149926   0.033642 0.746366 0.0001   0.001101
QR_4 1787068306.328146000 -1.000000   2.22045e-16 0.0299999 2.57732e-17   5.12991e-10 9.48721e-19 0.0001   0.001101
HR_6 1787068306.338146000 0.700843   0.444189 0.25983 0.147983   0.032265 0.751361 0.0001   5.7e-05
QR_4 1787068306.338146000 -1.000000   2.22045e-16 0.0299999 2.57732e-17   5.12991e-10 9.48721e-19 0.0001   5.7e-05
HR_6 1787068306.348146000 0.701301   0.440169 0.259792 0.147366   0.0318298 0.754159 0.0001   5e-05
QR_4 1787068306.348146000 -1.000000   2.22045e-16 0.0299999 2.57732e-17   5.12991e-10 9.48721e-19 0.0001   5e-05
HR_6 1787068306.358146000 0.702113   0.433464 0.259746 0.146608   0.0313874 0.758974 0.0001   2.6e-05
QR_4 1787068306.358146000 -1.000000   2.22045e-16 0.0299999 2.57732e-17   5.12991e-10 9.48721e-19 0.0001   2.6e-05
HR_6 1787068306.368146000 0.702955   0.42672 0.259721 0.145866   0.031049 0.763792 0.0001   2.6e-05
QR_4 1787068306.368146000 -1.000000   2.22045e-16 0.0299999 2.57732e-17   5.12991e-10 9.48721e-19 0.0001   2.6e-05
HR_6 1787068306.378146000 0.703867   0.419939 0.259584 0.144328   0.0305795 0.768439 0.0001   0.000144
QR_4 1787068306.378146000 -1.000000   2.22045e-16 0.0299999 2.57732e-17   5.12991e-10 9.48721e-19 0.0001   0.000144
HR_6 1787068306.388146000 0.704650   0.414457 0.259389 0.142127   0.0294683 0.772247 0.0001   0.000524
QR_4 1787068306.388146000 -1.000000   2.22045e-16 0.0299999 2.57732e-17   5.12991e-10 9.48721e-19 0.0001   0.000524
HR_6 1787068306.398146000 0.705463   0.408944 0.259145 0.139617   0.027725 0.776505 0.0001   1.9e-05
QR_4 1787068306.398146000 -1.000000   2.22045e-16 0.0299999 2.57732e-17   5.12991e-10 9.48721e-19 0.0001   1.9e-05
HR_6 1787068306.408146000 0.706245   0.40348 0.25904 0.138048   0.026718 0.780501 0.0001   2.8e-05
QR_4 1787068306.408146000 -1.000000   2.22045e-16 0.0299999 2.57732e-17   5.12991e-10 9.48721e-19 0.0001   2.8e-05
HR_6 1787068306.418147000 0.706656   0.400752 0.258993 0.137583   0.0265706 0.782564 0.0001   3.5e-05
QR_4 1787068306.418147000 -1.000000   2.22045e-16 0.0299999 2.57732e-17   5.12991e-10 9.48721e-19 0.0001   3.5e-05
HR_6 1787068306.428147000 0.707724   0.393937 0.258843 0.136446   0.0266032 0.788275 0.0001   4.7e-05
QR_4 1787068306.428147000 -1.000000   2.22045e-16 0.0299999 2.57732e-17   5.12991e-10 9.48721e-19 0.0001   4.7e-05
HR_6 1787068306.438147000 0.708598   0.388458 0.258711 0.135383   0.0262241 0.792613 0.0001   3.4e-05
QR_4 1787068306.438147000 -1.000000   2.22045e-16 0.0299999 2.57732e-17   5.12991e-10 9.48721e-19 0.0001   3.4e-05
HR_6 1787068306.448147000 0.709691   0.381589 0.258572 0.134448   0.0263382 0.798453 0.0001   0.000287
QR_4 1787068306.448147000 -1.000000   2.22045e-16 0.0299999 2.57732e-17   5.12991e-10 9.48721e-19 0.0001   0.000287
HR_6 1787068306.458147000 0.710818   0.374711 0.25846 0.13343   0.0261528 0.804463 0.0001   4.4e-05
QR_4 1787068306.458147000 -1.000000   2.22045e-16 0.0299999 2.57732e-17   5.12991e-10 9.48721e-19 0.0001   4.4e-05
HR_6 1787068306.468147000 0.711975   0.367813 0.258324 0.132187   0.0255318 0.810014 0.0001   0.000157
QR_4 1787068306.468147000 -1.000000   2.22045e-16 0.0299999 2.57732e-17   5.12991e-10 9.48721e-19 0.0001   0.000157
HR_6 1787068306.478147000 0.712897   0.362298 0.258228 0.130924   0.0248287 0.814219 0.0001   1.1e-05
QR_4 1787068306.478147000 -1.000000   2.22045e-16 0.0299999 2.57732e-17   5.12991e-10 9.48721e-19 0.0001   1.1e-05
HR_6 1787068306.488147000 0.713852   0.356725 0.258073 0.129187   0.0239565 0.818709 0.0001   2.1e-05
QR_4 1787068306.488147000 -1.000000   2.22045e-16 0.0299999 2.57732e-17   5.12991e-10 9.48721e-19 0.0001   2.1e-05
HR_6 1787068306.498147000 0.714801   0.351158 0.257874 0.127424   0.0233991 0.822668 0.0001   4e-05
QR_4 1787068306.498147000 -1.000000   2.22045e-16 0.0299999 2.57732e-17   5.12991e-10 9.48721e-19 0.0001   4e-05
HR_6 1787068306.508147000 0.715771   0.345587 0.257758 0.126299   0.022958 0.826959 0.0001   0.000461
QR_4 1787068306.508147000 -1.000000   2.22045e-16 0.0299999 2.57732e-17   5.12991e-10 9.48721e-19 0.0001   0.000461
HR_6 1787068306.518148000 0.717021   0.338586 0.257649 0.125138   0.0223974 0.832492 0.0001   2.6e-05
QR_4 1787068306.518148000 -1.000000   2.22045e-16 0.0299999 2.57732e-17   5.12991e-10 9.48721e-19 0.0001   2.6e-05
HR_6 1787068306.528148000 0.717986   0.333016 0.257585 0.124124   0.0216586 0.83625 0.0001   2.8e-05
QR_4 1787068306.528148000 -1.000000   2.22045e-16 0.0299999 2.57732e-17   5.12991e-10 9.48721e-19 0.0001   2.8e-05
HR_6 1787068306.538148000 0.718453   0.330232 0.257554 0.123371   0.0207632 0.837917 0.0001   4.5e-05
QR_4 1787068306.538148000 -1.000000   2.22045e-16 0.0299999 2.57732e-17   5.12991e-10 9.48721e-19 0.0001   4.5e-05
HR_6 1787068306.548148000 0.719855   0.321872 0.25756 0.121344   0.0188676 0.843369 0.0001   0.001949
QR_4 1787068306.548148000 -1.000000   2.22045e-16 0.0299999 2.57732e-17   5.12991e-10 9.48721e-19 0.0001   0.001949
HR_6 1787068306.558148000 0.720366   0.319085 0.257542 0.120798   0.018801 0.845375 0.0001   1.9e-05
QR_4 1787068306.558148000 -1.000000   2.22045e-16 0.0299999 2.57732e-17   5.12991e-10 9.48721e-19 0.0001   1.9e-05
HR_6 1787068306.568148000 0.721745   0.312102 0.257418 0.118967   0.0191892 0.851099 0.0001   2.6e-05
QR_4 1787068306.568148000 -1.000000   2.22045e-16 0.0299999 2.57732e-17   5.12991e-10 9.48721e-19 0.0001   2.6e-05
HR_6 1787068306.578148000 0.722895   0.306448 0.257242 0.117918   0.0185347 0.855816 0.0001   6.8e-05
QR_4 1787068306.578148000 -1.000000   2.22045e-16 0.0299999 2.57732e-17   5.12991e-10 9.48721e-19 0.0001   6.8e-05
HR_6 1787068306.588148000 0.724095   0.300753 0.256984 0.11639   0.0173251 0.860669 0.0001   2.7e-05
QR_4 1787068306.588148000 -1.000000   2.22045e-16 0.0299999 2.57732e-17   5.12991e-10 9.48721e-19 0.0001   2.7e-05
HR_6 1787068306.598148000 0.725646   0.293593 0.256597 0.113613   0.0160391 0.867164 0.0001   2.2e-05
QR_4 1787068306.598148000 -1.000000   2.22045e-16 0.0299999 2.57732e-17   5.12991e-10 9.48721e-19 0.0001   2.2e-05
HR_6 1787068306.608148000 0.726829   0.287924 0.256446 0.112011   0.0154128 0.871736 0.0001   0.001609
QR_4 1787068306.608148000 -1.000000   2.22045e-16 0.0299999 2.57732e-17   5.12991e-10 9.48721e-19 0.0001   0.001609
HR_6 1787068306.618149000 0.727745   0.28366 0.256343 0.111219   0.0150988 0.874911 0.0001   0.001545
QR_4 1787068306.618149000 -1.000000   2.22045e-16 0.0299999 2.57732e-17   5.12991e-10 9.48721e-19 0.0001   0.001545
HR_6 1787068306.628149000 0.729236   0.276605 0.256324 0.110881   0.0149235 0.879329 0.0001   0.000496
QR_4 1787068306.628149000 -1.000000   2.22045e-16 0.0299999 2.57732e-17   5.12991e-10 9.48721e-19 0.0001   0.000496
HR_6 1787068306.638149000 0.730992   0.268175 0.256393 0.110692   0.0144733 0.884461 0.0001   9e-06
QR_4 1787068306.638149000 -1.000000   2.22045e-16 0.0299999 2.57732e-17   5.12991e-10 9.48721e-19 0.0001   9e-06
HR_6 1787068306.648149000 0.731914   0.263921 0.256377 0.11037   0.0139181 0.886829 0.0001   7.3e-05
QR_4 1787068306.648149000 -1.000000   2.22045e-16 0.0299999 2.57732e-17   5.12991e-10 9.48721e-19 0.0001   7.3e-05
HR_6 1787068306.658149000 0.733163   0.258229 0.256333 0.109426   0.0128284 0.890055 0.0001   0.001207
QR_4 1787068306.658149000 -1.000000   2.22045e-16 0.0299999 2.57732e-17   5.12991e-10 9.48721e-19 0.0001   0.001207
HR_6 1787068306.668149000 0.734718   0.251186 0.256385 0.108759   0.0123778 0.894546 0.0001   6.5e-05
QR_4 1787068306.668149000 -1.000000   2.22045e-16 0.0299999 2.57732e-17   5.12991e-10 9.48721e-19 0.0001   6.5e-05
HR_6 1787068306.678149000 0.736711   0.242669 0.25631 0.10746   0.011944 0.900066 0.0001   0.00156
QR_4 1787068306.678149000 -1.000000   2.22045e-16 0.0299999 2.57732e-17   5.12991e-10 9.48721e-19 0.0001   0.00156
HR_6 1787068306.688149000 0.738063   0.236963 0.25611 0.105291   0.0115204 0.904249 0.0001   3.9e-05
QR_4 1787068306.688149000 -1.000000   2.22045e-16 0.0299999 2.57732e-17   5.12991e-10 9.48721e-19 0.0001   3.9e-05
HR_6 1787068306.698149000 0.739806   0.229788 0.255747 0.103135   0.0102715 0.910708 0.0001   0.000107
QR_4 1787068306.698149000 -1.000000   2.22045e-16 0.0299999 2.57732e-17   5.12991e-10 9.48721e-19 0.0001   0.000107
HR_6 1787068306.708149000 0.741193   0.224059 0.255516 0.101854   0.00951819 0.916243 0.0001   0.001938
QR_4 1787068306.708149000 -1.000000   2.22045e-16 0.0299999 2.57732e-17   5.12991e-10 9.48721e-19 0.0001   0.001938
HR_6 1787068306.718150000 0.742847   0.216992 0.255423 0.100905   0.00903481 0.922093 0.0001   6e-05
QR_4 1787068306.718150000 -1.000000   2.22045e-16 0.0299999 2.57732e-17   5.12991e-10 9.48721e-19 0.0001   6e-05
HR_6 1787068306.728150000 0.744490   0.209938 0.25542 0.100319   0.00823984 0.928053 0.0001   5.3e-05
QR_4 1787068306.728150000 -1.000000   2.22045e-16 0.0299999 2.57732e-17   5.12991e-10 9.48721e-19 0.0001   5.3e-05
HR_6 1787068306.738150000 0.746111   0.202902 0.255444 0.0999965   0.0075392 0.933496 0.0001   4.9e-05
QR_4 1787068306.738150000 -1.000000   2.22045e-16 0.0299999 2.57732e-17   5.12991e-10 9.48721e-19 0.0001   4.9e-05
HR_6 1787068306.748150000 0.747083   0.198703 0.255472 0.0995316   0.00664521 0.936269 0.0001   6.8e-05
QR_4 1787068306.748150000 -1.000000   2.22045e-16 0.0299999 2.57732e-17   5.12991e-10 9.48721e-19 0.0001   6.8e-05
HR_6 1787068306.758150000 0.749048   0.190295 0.255463 0.0981198   0.00465837 0.941619 0.0001   7e-06
QR_4 1787068306.758150000 -1.000000   2.22045e-16 0.0299999 2.57732e-17   5.12991e-10 9.48721e-19 0.0001   7e-06
HR_6 1787068306.768150000 0.750354   0.184703 0.255426 0.0971191   0.00352622 0.944933 0.0001   2e-05
QR_4 1787068306.768150000 -1.000000   2.22045e-16 0.0299999 2.57732e-17   5.12991e-10 9.48721e-19 0.0001   2e-05
HR_6 1787068306.778150000 0.752004   0.177759 0.255358 0.0955747   0.00187667 0.948477 0.0001   0.000297
QR_4 1787068306.778150000 -1.000000   2.22045e-16 0.0299999 2.57732e-17   5.12991e-10 9.48721e-19 0.0001   0.000297
HR_6 1787068306.788150000 0.752989   0.173584 0.255319 0.094819   0.00111715 0.95096 0.0001   2.5e-05
QR_4 1787068306.788150000 -1.000000   2.22045e-16 0.0299999 2.57732e-17   5.12991e-10 9.48721e-19 0.0001   2.5e-05
HR_6 1787068306.798150000 0.755000   0.165221 0.255284 0.0934921   -0.000486745 0.956392 0.0001   2.6e-05
QR_4 1787068306.798150000 -1.000000   2.22045e-16 0.0299999 2.57732e-17   5.12991e-10 9.48721e-19 0.0001   2.6e-05
HR_6 1787068306.808150000 0.756698   0.158278 0.255242 0.0924918   -0.0016347 0.960766 0.0001   3.4e-05
QR_4 1787068306.808150000 -1.000000   2.22045e-16 0.0299999 2.57732e-17   5.12991e-10 9.48721e-19 0.0001   3.4e-05
HR_6 1787068306.818151000 0.758399   0.151298 0.255217 0.0912213   -0.00326921 0.965707 0.0001   0.000212
QR_4 1787068306.818151000 -1.000000   2.22045e-16 0.0299999 2.57732e-17   5.12991e-10 9.48721e-19 0.0001   0.000212
HR_6 1787068306.828151000 0.759732   0.145729 0.255216 0.0905976   -0.0043971 0.96921 0.0001   0.002054
QR_4 1787068306.828151000 -1.000000   2.22045e-16 0.0299999 2.57732e-17   5.12991e-10 9.48721e-19 0.0001   0.002054
HR_6 1787068306.838151000 0.761332   0.138804 0.255295 0.0902622   -0.00567412 0.972923 0.0001   1.1e-05
QR_4 1787068306.838151000 -1.000000   2.22045e-16 0.0299999 2.57732e-17   5.12991e-10 9.48721e-19 0.0001   1.1e-05
HR_6 1787068306.848131000 0.762582   0.133252 0.255395 0.090131   -0.00657832 0.975972 0.0001   3e-06
QR_4 1787068306.848131000 -1.000000   2.22045e-16 0.0299999 2.57732e-17   5.12991e-10 9.48721e-19 0.0001   3e-06
HR_6 1787068306.858132000 0.764448   0.124905 0.255436 0.0895556   -0.00826513 0.980193 0.0001   4.1e-05
QR_4 1787068306.858132000 -1.000000   2.22045e-16 0.0299999 2.57732e-17   5.12991e-10 9.48721e-19 0.0001   4.1e-05
HR_6 1787068306.868132000 0.766039   0.117983 0.255435 0.0882909   -0.00877166 0.984314 0.0001   5.3e-05
QR_4 1787068306.868132000 -1.000000   2.22045e-16 0.0299999 2.57732e-17   5.12991e-10 9.48721e-19 0.0001   5.3e-05
HR_6 1787068306.878132000 0.767351   0.112399 0.255352 0.0876688   -0.00922737 0.987714 0.0001   6e-05
QR_4 1787068306.878132000 -1.000000   2.22045e-16 0.0299999 2.57732e-17   5.12991e-10 9.48721e-19 0.0001   6e-05
HR_6 1787068306.888132000 0.768984   0.105431 0.255221 0.0871248   -0.00957682 0.991395 0.0001   9.1e-05
QR_4 1787068306.888132000 -1.000000   2.22045e-16 0.0299999 2.57732e-17   5.12991e-10 9.48721e-19 0.0001   9.1e-05
HR_6 1787068306.898132000 0.770264   0.0998815 0.255137 0.0859918   -0.00926423 0.995178 0.0001   7e-05
QR_4 1787068306.898132000 -1.000000   2.22045e-16 0.0299999 2.57732e-17   5.12991e-10 9.48721e-19 0.0001   7e-05
HR_6 1787068306.908132000 0.771567   0.0942962 0.254953 0.0851429   -0.00935571 0.999303 0.0001   7.4e-05
QR_4 1787068306.908132000 -1.000000   2.22045e-16 0.0299999 2.57732e-17   5.12991e-10 9.48721e-19 0.0001   7.4e-05
HR_6 1787068306.918132000 0.773200   0.087348 0.254744 0.0841961   -0.00970724 1.004 0.0001   6.1e-05
QR_4 1787068306.918132000 -1.000000   2.22045e-16 0.0299999 2.57732e-17   5.12991e-10 9.48721e-19 0.0001   6.1e-05
HR_6 1787068306.928132000 0.774758   0.0804348 0.254652 0.0826322   -0.0096816 1.00886 0.0001   6.8e-05
QR_4 1787068306.928132000 -1.000000   2.22045e-16 0.0299999 2.57732e-17   5.12991e-10 9.48721e-19 0.0001   6.8e-05
HR_6 1787068306.938132000 0.776362   0.0734952 0.254444 0.0807898   -0.0103272 1.01347 0.0001   4.8e-05
QR_4 1787068306.938132000 -1.000000   2.22045e-16 0.0299999 2.57732e-17   5.12991e-10 9.48721e-19 0.0001   4.8e-05
HR_6 1787068306.948132000 0.778037   0.0665441 0.254123 0.0786945   -0.0113505 1.01789 0.0001   0.000128
QR_4 1787068306.948132000 -1.000000   2.22045e-16 0.0299999 2.57732e-17   5.12991e-10 9.48721e-19 0.0001   0.000128
HR_6 1787068306.958133000 0.779366   0.0609291 0.253815 0.0767484   -0.0119651 1.02166 0.0001   7.2e-05
QR_4 1787068306.958133000 -1.000000   2.22045e-16 0.0299999 2.57732e-17   5.12991e-10 9.48721e-19 0.0001   7.2e-05
HR_6 1787068306.968133000 0.780648   0.055396 0.253663 0.0755458   -0.0123239 1.02491 0.0001   0.000735
QR_4 1787068306.968133000 -1.000000   2.22045e-16 0.0299999 2.57732e-17   5.12991e-10 9.48721e-19 0.0001   0.000735
HR_6 1787068306.978133000 0.782197   0.0485559 0.253613 0.0748166   -0.0124638 1.02882 0.0001   0.001235
QR_4 1787068306.978133000 -1.000000   2.22045e-16 0.0299999 2.57732e-17   5.12991e-10 9.48721e-19 0.0001   0.001235
HR_6 1787068306.988133000 0.783101   0.0444332 0.253577 0.0740398   -0.0125276 1.03105 0.0001   5e-05
QR_4 1787068306.988133000 -1.000000   2.22045e-16 0.0299999 2.57732e-17   5.12991e-10 9.48721e-19 0.0001   5e-05
HR_6 1787068306.998133000 0.784302   0.0389037 0.253456 0.0727128   -0.013958 1.034 0.0001   0.000194
QR_4 1787068306.998133000 -1.000000   2.22045e-16 0.0299999 2.57732e-17   5.12991e-10 9.48721e-19 0.0001   0.000194
HR_6 1787068307.008133000 0.785838   0.0319984 0.253316 0.0707764   -0.0161433 1.03725 0.0001   0.003154
QR_4 1787068307.008133000 -1.000000   2.22045e-16 0.0299999 2.57732e-17   5.12991e-10 9.48721e-19 0.0001   0.003154
HR_6 1787068307.018133000 0.786740   0.027885 0.253276 0.0693297   -0.0175531 1.03931 0.0001   7.5e-05
QR_4 1787068307.018133000 -1.000000   2.22045e-16 0.0299999 2.57732e-17   5.12991e-10 9.48721e-19 0.0001   7.5e-05
HR_6 1787068307.028133000 0.788218   0.0210417 0.253162 0.0677436   -0.0200586 1.0434 0.0001   3.2e-05
QR_4 1787068307.028133000 -1.000000   2.22045e-16 0.0299999 2.57732e-17   5.12991e-10 9.48721e-19 0.0001   3.2e-05
HR_6 1787068307.038133000 0.789680   0.0142469 0.25315 0.0664523   -0.0217146 1.04743 0.0001   8.3e-05
QR_4 1787068307.038133000 -1.000000   2.22045e-16 0.0299999 2.57732e-17   5.12991e-10 9.48721e-19 0.0001   8.3e-05
HR_6 1787068307.048133000 0.790546   0.0101654 0.253146 0.0657818   -0.0224973 1.04966 0.0001   6.9e-05
QR_4 1787068307.048133000 -1.000000   2.22045e-16 0.0299999 2.57732e-17   5.12991e-10 9.48721e-19 0.0001   6.9e-05
HR_6 1787068307.058134000 0.791936   0.00337642 0.253208 0.0647957   -0.0246173 1.05302 0.0001   5.9e-05
QR_4 1787068307.058134000 -1.000000   2.22045e-16 0.0299999 2.57732e-17   5.12991e-10 9.48721e-19 0.0001   5.9e-05
HR_6 1787068307.068134000 0.793645   -0.00477479 0.253236 0.0642041   -0.0270604 1.0573 0.0001   5.8e-05
QR_4 1787068307.068134000 -1.000000   2.22045e-16 0.0299999 2.57732e-17   5.12991e-10 9.48721e-19 0.0001   5.8e-05
HR_6 1787068307.078134000 0.794449   -0.00880381 0.25331 0.0641462   -0.0279306 1.05919 0.0001   7.8e-05
QR_4 1787068307.078134000 -1.000000   2.22045e-16 0.0299999 2.57732e-17   5.12991e-10 9.48721e-19 0.0001   7.8e-05
HR_6 1787068307.088134000 0.795958   -0.0168258 0.253577 0.0639676   -0.0291306 1.06252 0.0001   0.000442
QR_4 1787068307.088134000 -1.000000   2.22045e-16 0.0299999 2.57732e-17   5.12991e-10 9.48721e-19 0.0001   0.000442
HR_6 1787068307.098134000 0.797000   -0.022187 0.253655 0.0637707   -0.0297085 1.06509 0.0001   7.7e-05
QR_4 1787068307.098134000 -1.000000   2.22045e-16 0.0299999 2.57732e-17   5.12991e-10 9.48721e-19 0.0001   7.7e-05
HR_6 1787068307.108134000 0.798343   -0.028966 0.253668 0.0629902   -0.030203 1.06816 0.0001   7.2e-05
QR_4 1787068307.108134000 -1.000000   2.22045e-16 0.0299999 2.57732e-17   5.12991e-10 9.48721e-19 0.0001   7.2e-05
HR_6 1787068307.118134000 0.799457   -0.0344381 0.253616 0.062759   -0.0310199 1.07072 0.0001   0.000154
QR_4 1787068307.118134000 -1.000000   2.22045e-16 0.0299999 2.57732e-17   5.12991e-10 9.48721e-19 0.0001   0.000154
HR_6 1787068307.128134000 0.801179   -0.0427113 0.253398 0.062151   -0.0322201 1.07476 0.0001   6e-05
QR_4 1787068307.128134000 -1.000000   2.22045e-16 0.0299999 2.57732e-17   5.12991e-10 9.48721e-19 0.0001   6e-05
HR_6 1787068307.138134000 0.802517   -0.0495602 0.253314 0.0612133   -0.03236 1.07749 0.0001   7.1e-05
QR_4 1787068307.138134000 -1.000000   2.22045e-16 0.0299999 2.57732e-17   5.12991e-10 9.48721e-19 0.0001   7.1e-05
HR_6 1787068307.148134000 0.803822   -0.0564182 0.253218 0.0605118   -0.03207 1.07972 0.0001   0.000116
QR_4 1787068307.148134000 -1.000000   2.22045e-16 0.0299999 2.57732e-17   5.12991e-10 9.48721e-19 0.0001   0.000116
HR_6 1787068307.158135000 0.804885   -0.0619167 0.253068 0.0599308   -0.0318306 1.08207 0.0001   0.000175
QR_4 1787068307.158135000 -1.000000   2.22045e-16 0.0299999 2.57732e-17   5.12991e-10 9.48721e-19 0.0001   0.000175
HR_6 1787068307.168135000 0.806150   -0.0687601 0.252955 0.0597157   -0.0314302 1.08403 0.0001   5.5e-05
QR_4 1787068307.168135000 -1.000000   2.22045e-16 0.0299999 2.57732e-17   5.12991e-10 9.48721e-19 0.0001   5.5e-05
HR_6 1787068307.178135000 0.807586   -0.0768847 0.25291 0.0598398   -0.0303728 1.08618 0.0001   3.5e-05
QR_4 1787068307.178135000 -1.000000   2.22045e-16 0.0299999 2.57732e-17   5.12991e-10 9.48721e-19 0.0001   3.5e-05
HR_6 1787068307.188135000 0.808531   -0.0823076 0.252848 0.0596251   -0.0302312 1.08819 0.0001   3.4e-05
QR_4 1787068307.188135000 -1.000000   2.22045e-16 0.0299999 2.57732e-17   5.12991e-10 9.48721e-19 0.0001   3.4e-05
HR_6 1787068307.198135000 0.809441   -0.0877217 0.252863 0.0591804   -0.030844 1.0904 0.0001   2.9e-05
QR_4 1787068307.198135000 -1.000000   2.22045e-16 0.0299999 2.57732e-17   5.12991e-10 9.48721e-19 0.0001   2.9e-05
HR_6 1787068307.208135000 0.810623   -0.0945257 0.252788 0.0585108   -0.031224 1.09288 0.0001   2.4e-05
QR_4 1787068307.208135000 -1.000000   2.22045e-16 0.0299999 2.57732e-17   5.12991e-10 9.48721e-19 0.0001   2.4e-05
HR_6 1787068307.218135000 0.811817   -0.101387 0.252599 0.0572419   -0.0313632 1.09622 0.0001   0.000108
QR_4 1787068307.218135000 -1.000000   2.22045e-16 0.0299999 2.57732e-17   5.12991e-10 9.48721e-19 0.0001   0.000108
HR_6 1787068307.228135000 0.812529   -0.1055 0.252462 0.0566112   -0.0313161 1.09822 0.0001   5.6e-05
QR_4 1787068307.228135000 -1.000000   2.22045e-16 0.0299999 2.57732e-17   5.12991e-10 9.48721e-19 0.0001   5.6e-05
HR_6 1787068307.238135000 0.813741   -0.112346 0.252216 0.0557949   -0.0304138 1.10101 0.0001   3.1e-05
QR_4 1787068307.238135000 -1.000000   2.22045e-16 0.0299999 2.57732e-17   5.12991e-10 9.48721e-19 0.0001   3.1e-05
HR_6 1787068307.248135000 0.815122   -0.120517 0.251978 0.0542702   -0.0284518 1.10473 0.0001   5.5e-05
QR_4 1787068307.248135000 -1.000000   2.22045e-16 0.0299999 2.57732e-17   5.12991e-10 9.48721e-19 0.0001   5.5e-05
HR_6 1787068307.258136000 0.816092   -0.125992 0.251709 0.0538624   -0.0276742 1.10698 0.0001   6.5e-05
QR_4 1787068307.258136000 -1.000000   2.22045e-16 0.0299999 2.57732e-17   5.12991e-10 9.48721e-19 0.0001   6.5e-05
HR_6 1787068307.268136000 0.817250   -0.132749 0.251516 0.0534625   -0.0266246 1.10965 0.0001   0.000109
QR_4 1787068307.268136000 -1.000000   2.22045e-16 0.0299999 2.57732e-17   5.12991e-10 9.48721e-19 0.0001   0.000109
HR_6 1787068307.278136000 0.818133   -0.138154 0.251404 0.0526674   -0.0254013 1.11175 0.0001   5.5e-05
QR_4 1787068307.278136000 -1.000000   2.22045e-16 0.0299999 2.57732e-17   5.12991e-10 9.48721e-19 0.0001   5.5e-05
HR_6 1787068307.288136000 0.819259   -0.144927 0.251145 0.0522112   -0.024798 1.11476 0.0001   6.8e-05
QR_4 1787068307.288136000 -1.000000   2.22045e-16 0.0299999 2.57732e-17   5.12991e-10 9.48721e-19 0.0001   6.8e-05
HR_6 1787068307.298136000 0.820340   -0.15164 0.251005 0.0515574   -0.0241891 1.11777 0.0001   3.1e-05
QR_4 1787068307.298136000 -1.000000   2.22045e-16 0.0299999 2.57732e-17   5.12991e-10 9.48721e-19 0.0001   3.1e-05
HR_6 1787068307.308136000 0.821389   -0.158366 0.250856 0.0503157   -0.0226305 1.12053 0.0001   6.4e-05
QR_4 1787068307.308136000 -1.000000   2.22045e-16 0.0299999 2.57732e-17   5.12991e-10 9.48721e-19 0.0001   6.4e-05
HR_6 1787068307.318136000 0.822461   -0.165115 0.250577 0.0494918   -0.0213632 1.12378 0.0001   0.000702
QR_4 1787068307.318136000 -1.000000   2.22045e-16 0.0299999 2.57732e-17   5.12991e-10 9.48721e-19 0.0001   0.000702
HR_6 1787068307.328136000 0.823126   -0.169168 0.25034 0.0491455   -0.0200428 1.12585 0.0001   7.1e-05
QR_4 1787068307.328136000 -1.000000   2.22045e-16 0.0299999 2.57732e-17   5.12991e-10 9.48721e-19 0.0001   7.1e-05
HR_6 1787068307.338136000 0.824032   -0.174589 0.249918 0.0486888   -0.0177905 1.12839 0.0001   6.4e-05
QR_4 1787068307.338136000 -1.000000   2.22045e-16 0.0299999 2.57732e-17   5.12991e-10 9.48721e-19 0.0001   6.4e-05
HR_6 1787068307.348136000 0.825269   -0.18262 0.249449 0.047923   -0.0145139 1.1323 0.0001   0.002219
QR_4 1787068307.348136000 -1.000000   2.22045e-16 0.0299999 2.57732e-17   5.12991e-10 9.48721e-19 0.0001   0.002219
HR_6 1787068307.358137000 0.825659   -0.18528 0.249325 0.0476738   -0.0136466 1.1336 0.0001   5.7e-05
QR_4 1787068307.358137000 -1.000000   2.22045e-16 0.0299999 2.57732e-17   5.12991e-10 9.48721e-19 0.0001   5.7e-05
HR_6 1787068307.368137000 0.826614   -0.191902 0.249056 0.0466652   -0.012519 1.13634 0.0001   7.5e-05
QR_4 1787068307.368137000 -1.000000   2.22045e-16 0.0299999 2.57732e-17   5.12991e-10 9.48721e-19 0.0001   7.5e-05
HR_6 1787068307.378137000 0.827363   -0.197204 0.248892 0.0458717   -0.0115697 1.13869 0.0001   4.5e-05
QR_4 1787068307.378137000 -1.000000   2.22045e-16 0.0299999 2.57732e-17   5.12991e-10 9.48721e-19 0.0001   4.5e-05
HR_6 1787068307.388137000 0.827955   -0.20118 0.248756 0.0452424   -0.010466 1.14039 0.0001   0.000222
QR_4 1787068307.388137000 -1.000000   2.22045e-16 0.0299999 2.57732e-17   5.12991e-10 9.48721e-19 0.0001   0.000222
HR_6 1787068307.398137000 0.829202   -0.209155 0.24845 0.0438899   -0.00784715 1.14385 0.0001   6.3e-05
QR_4 1787068307.398137000 -1.000000   2.22045e-16 0.0299999 2.57732e-17   5.12991e-10 9.48721e-19 0.0001   6.3e-05
HR_6 1787068307.408137000 0.830045   -0.214522 0.248166 0.043519   -0.00628419 1.14648 0.0001   0.000137
QR_4 1787068307.408137000 -1.000000   2.22045e-16 0.0299999 2.57732e-17   5.12991e-10 9.48721e-19 0.0001   0.000137
HR_6 1787068307.418137000 0.830900   -0.219921 0.24783 0.0433737   -0.0051978 1.14916 0.0001   7.7e-05
QR_4 1787068307.418137000 -1.000000   2.22045e-16 0.0299999 2.57732e-17   5.12991e-10 9.48721e-19 0.0001   7.7e-05
HR_6 1787068307.428137000 0.831938   -0.226591 0.247526 0.0421671   -0.00437956 1.15254 0.0001   6e-05
QR_4 1787068307.428137000 -1.000000   2.22045e-16 0.0299999 2.57732e-17   5.12991e-10 9.48721e-19 0.0001   6e-05
HR_6 1787068307.438137000 0.833093   -0.234559 0.247315 0.0404778   -0.00379904 1.1564 0.0001   5.5e-05
QR_4 1787068307.438137000 -1.000000   2.22045e-16 0.0299999 2.57732e-17   5.12991e-10 9.48721e-19 0.0001   5.5e-05
HR_6 1787068307.448137000 0.834034   -0.241222 0.24701 0.0390472   -0.00293101 1.15967 0.0001   0.001
QR_4 1787068307.448137000 -1.000000   2.22045e-16 0.0299999 2.57732e-17   5.12991e-10 9.48721e-19 0.0001   0.001
HR_6 1787068307.458138000 0.835036   -0.247875 0.246626 0.0375763   -0.00267764 1.16329 0.0001   3.9e-05
QR_4 1787068307.458138000 -1.000000   2.22045e-16 0.0299999 2.57732e-17   5.12991e-10 9.48721e-19 0.0001   3.9e-05
HR_6 1787068307.468138000 0.835789   -0.25319 0.246437 0.0367693   -0.00300358 1.16614 0.0001   6.1e-05
QR_4 1787068307.468138000 -1.000000   2.22045e-16 0.0299999 2.57732e-17   5.12991e-10 9.48721e-19 0.0001   6.1e-05
HR_6 1787068307.478138000 0.836326   -0.257146 0.246326 0.0356161   -0.00292519 1.16841 0.0001   0.000693
QR_4 1787068307.478138000 -1.000000   2.22045e-16 0.0299999 2.57732e-17   5.12991e-10 9.48721e-19 0.0001   0.000693
HR_6 1787068307.488138000 0.837267   -0.263708 0.246041 0.0340078   -0.0025778 1.17248 0.0001   5.3e-05
QR_4 1787068307.488138000 -1.000000   2.22045e-16 0.0299999 2.57732e-17   5.12991e-10 9.48721e-19 0.0001   5.3e-05
HR_6 1787068307.498138000 0.838032   -0.268971 0.245786 0.0329282   -0.00233395 1.17557 0.0001   7.4e-05
QR_4 1787068307.498138000 -1.000000   2.22045e-16 0.0299999 2.57732e-17   5.12991e-10 9.48721e-19 0.0001   7.4e-05
HR_6 1787068307.508138000 0.838951   -0.275493 0.245381 0.0306291   -0.00109884 1.17933 0.0001   3.3e-05
QR_4 1787068307.508138000 -1.000000   2.22045e-16 0.0299999 2.57732e-17   5.12991e-10 9.48721e-19 0.0001   3.3e-05
HR_6 1787068307.518138000 0.839686   -0.280684 0.244956 0.0283568   0.00011441 1.1825 0.0001   4.9e-05
QR_4 1787068307.518138000 -1.000000   2.22045e-16 0.0299999 2.57732e-17   5.12991e-10 9.48721e-19 0.0001   4.9e-05
HR_6 1787068307.528138000 0.840760   -0.288453 0.244371 0.0266096   0.00146758 1.18701 0.0001   0.003245
QR_4 1787068307.528138000 -1.000000   2.22045e-16 0.0299999 2.57732e-17   5.12991e-10 9.48721e-19 0.0001   0.003245
HR_6 1787068307.538138000 0.841364   -0.2935 0.244212 0.0260511   0.00262646 1.1899 0.0001   5.5e-05
QR_4 1787068307.538138000 -1.000000   2.22045e-16 0.0299999 2.57732e-17   5.12991e-10 9.48721e-19 0.0001   5.5e-05
HR_6 1787068307.548138000 0.841961   -0.298536 0.243993 0.0256903   0.00359432 1.1929 0.0001   0.001568
QR_4 1787068307.548138000 -1.000000   2.22045e-16 0.0299999 2.57732e-17   5.12991e-10 9.48721e-19 0.0001   0.001568
HR_6 1787068307.558139000 0.842657   -0.304749 0.243802 0.0249808   0.00460905 1.19629 0.0001   5e-06
QR_4 1787068307.558139000 -1.000000   2.22045e-16 0.0299999 2.57732e-17   5.12991e-10 9.48721e-19 0.0001   5e-06
HR_6 1787068307.568139000 0.843160   -0.309699 0.243669 0.0244639   0.00475387 1.19898 0.0001   3.9e-05
QR_4 1787068307.568139000 -1.000000   2.22045e-16 0.0299999 2.57732e-17   5.12991e-10 9.48721e-19 0.0001   3.9e-05
HR_6 1787068307.578139000 0.843625   -0.314586 0.243569 0.0238302   0.00508618 1.20177 0.0001   5.8e-05
QR_4 1787068307.578139000 -1.000000   2.22045e-16 0.0299999 2.57732e-17   5.12991e-10 9.48721e-19 0.0001   5.8e-05
HR_6 1787068307.588139000 0.844141   -0.32058 0.243536 0.0241837   0.00573659 1.20482 0.0001   0.001662
QR_4 1787068307.588139000 -1.000000   2.22045e-16 0.0299999 2.57732e-17   5.12991e-10 9.48721e-19 0.0001   0.001662
HR_6 1787068307.598139000 0.844611   -0.326487 0.243589 0.0249633   0.00643459 1.2075 0.0001   3.7e-05
QR_4 1787068307.598139000 -1.000000   2.22045e-16 0.0299999 2.57732e-17   5.12991e-10 9.48721e-19 0.0001   3.7e-05
HR_6 1787068307.608139000 0.845008   -0.332312 0.243702 0.0255155   0.00736116 1.21021 0.0001   0.003226
QR_4 1787068307.608139000 -1.000000   2.22045e-16 0.0299999 2.57732e-17   5.12991e-10 9.48721e-19 0.0001   0.003226
HR_6 1787068307.618139000 0.845233   -0.335817 0.243731 0.0253336   0.00752698 1.21204 0.0001   6.3e-05
QR_4 1787068307.618139000 -1.000000   2.22045e-16 0.0299999 2.57732e-17   5.12991e-10 9.48721e-19 0.0001   6.3e-05
HR_6 1787068307.628139000 0.845722   -0.342879 0.243658 0.0249951   0.0068119 1.21607 0.0001   6.8e-05
QR_4 1787068307.628139000 -1.000000   2.22045e-16 0.0299999 2.57732e-17   5.12991e-10 9.48721e-19 0.0001   6.8e-05
HR_6 1787068307.638139000 0.846046   -0.347582 0.24353 0.0247363   0.00655464 1.21887 0.0001   3.7e-05
QR_4 1787068307.638139000 -1.000000   2.22045e-16 0.0299999 2.57732e-17   5.12991e-10 9.48721e-19 0.0001   3.7e-05
HR_6 1787068307.648139000 0.846277   -0.351074 0.24346 0.0243767   0.00690182 1.22112 0.0001   4.7e-05
QR_4 1787068307.648139000 -1.000000   2.22045e-16 0.0299999 2.57732e-17   5.12991e-10 9.48721e-19 0.0001   4.7e-05
HR_6 1787068307.658140000 0.846727   -0.358019 0.243321 0.0242871   0.00803954 1.22578 0.0001   4.4e-05
QR_4 1787068307.658140000 -1.000000   2.22045e-16 0.0299999 2.57732e-17   5.12991e-10 9.48721e-19 0.0001   4.4e-05
HR_6 1787068307.668140000 0.847045   -0.363726 0.243262 0.0246336   0.0091636 1.22935 0.0001   0.001611
QR_4 1787068307.668140000 -1.000000   2.22045e-16 0.0299999 2.57732e-17   5.12991e-10 9.48721e-19 0.0001   0.001611
HR_6 1787068307.678140000 0.847298   -0.368246 0.243212 0.0248528   0.0100337 1.23185 0.0001   0.000359
QR_4 1787068307.678140000 -1.000000   2.22045e-16 0.0299999 2.57732e-17   5.12991e-10 9.48721e-19 0.0001   0.000359
HR_6 1787068307.688140000 0.847585   -0.373871 0.243142 0.0244933   0.0101277 1.23495 0.0001   0.000195
QR_4 1787068307.688140000 -1.000000   2.22045e-16 0.0299999 2.57732e-17   5.12991e-10 9.48721e-19 0.0001   0.000195
HR_6 1787068307.698140000 0.847755   -0.378316 0.243109 0.0239047   0.0100195 1.23733 0.0001   0.000149
QR_4 1787068307.698140000 -1.000000   2.22045e-16 0.0299999 2.57732e-17   5.12991e-10 9.48721e-19 0.0001   0.000149
HR_6 1787068307.708140000 0.847967   -0.383854 0.24304 0.0233816   0.00952346 1.24028 0.0001   0.000246
QR_4 1787068307.708140000 -1.000000   2.22045e-16 0.0299999 2.57732e-17   5.12991e-10 9.48721e-19 0.0001   0.000246
HR_6 1787068307.718140000 0.848134   -0.389288 0.243069 0.0236405   0.00927888 1.24294 0.0001   0.000185
QR_4 1787068307.718140000 -1.000000   2.22045e-16 0.0299999 2.57732e-17   5.12991e-10 9.48721e-19 0.0001   0.000185
HR_6 1787068307.728140000 0.848180   -0.393551 0.243229 0.0240314   0.00937455 1.24547 0.0001   0.000112
QR_4 1787068307.728140000 -1.000000   2.22045e-16 0.0299999 2.57732e-17   5.12991e-10 9.48721e-19 0.0001   0.000112
HR_6 1787068307.738140000 0.848227   -0.397777 0.243302 0.0238434   0.00958164 1.24787 0.0001   1e-05
QR_4 1787068307.738140000 -1.000000   2.22045e-16 0.0299999 2.57732e-17   5.12991e-10 9.48721e-19 0.0001   1e-05
HR_6 1787068307.748140000 0.848333   -0.403047 0.243286 0.0234849   0.00972001 1.25088 0.0001   4.2e-05
QR_4 1787068307.748140000 -1.000000   2.22045e-16 0.0299999 2.57732e-17   5.12991e-10 9.48721e-19 0.0001   4.2e-05
HR_6 1787068307.758141000 0.848482   -0.408358 0.24318 0.0245847   0.00953114 1.2539 0.0001   0.000958
QR_4 1787068307.758141000 -1.000000   2.22045e-16 0.0299999 2.57732e-17   5.12991e-10 9.48721e-19 0.0001   0.000958
HR_6 1787068307.768141000 0.848491   -0.412457 0.243262 0.0251473   0.00977875 1.25592 0.0001   3.9e-05
QR_4 1787068307.768141000 -1.000000   2.22045e-16 0.0299999 2.57732e-17   5.12991e-10 9.48721e-19 0.0001   3.9e-05
HR_6 1787068307.778141000 0.848486   -0.416497 0.243397 0.0260246   0.0100942 1.25767 0.0001   1.3e-05
QR_4 1787068307.778141000 -1.000000   2.22045e-16 0.0299999 2.57732e-17   5.12991e-10 9.48721e-19 0.0001   1.3e-05
HR_6 1787068307.788141000 0.848442   -0.422465 0.243685 0.0266397   0.00939677 1.26069 0.0001   2.5e-05
QR_4 1787068307.788141000 -1.000000   2.22045e-16 0.0299999 2.57732e-17   5.12991e-10 9.48721e-19 0.0001   2.5e-05
HR_6 1787068307.798141000 0.848412   -0.427413 0.243797 0.0272767   0.00860325 1.26287 0.0001   0.002883
QR_4 1787068307.798141000 -1.000000   2.22045e-16 0.0299999 2.57732e-17   5.12991e-10 9.48721e-19 0.0001   0.002883
HR_6 1787068307.808141000 0.848387   -0.431346 0.243847 0.0274313   0.00799036 1.26491 0.0001   7.3e-05
QR_4 1787068307.808141000 -1.000000   2.22045e-16 0.0299999 2.57732e-17   5.12991e-10 9.48721e-19 0.0001   7.3e-05
HR_6 1787068307.818141000 0.848291   -0.437153 0.244034 0.0279792   0.00766741 1.26799 0.0001   3.4e-05
QR_4 1787068307.818141000 -1.000000   2.22045e-16 0.0299999 2.57732e-17   5.12991e-10 9.48721e-19 0.0001   3.4e-05
HR_6 1787068307.828141000 0.848212   -0.440991 0.244102 0.0284139   0.00716167 1.26999 0.0001   6.9e-05
QR_4 1787068307.828141000 -1.000000   2.22045e-16 0.0299999 2.57732e-17   5.12991e-10 9.48721e-19 0.0001   6.9e-05
HR_6 1787068307.838141000 0.848077   -0.445698 0.244247 0.0288167   0.00641795 1.27253 0.0001   2.4e-05
QR_4 1787068307.838141000 -1.000000   2.22045e-16 0.0299999 2.57732e-17   5.12991e-10 9.48721e-19 0.0001   2.4e-05
HR_6 1787068307.848141000 0.847943   -0.449429 0.244427 0.0290306   0.00533422 1.27472 0.0001   7.8e-05
QR_4 1787068307.848141000 -1.000000   2.22045e-16 0.0299999 2.57732e-17   5.12991e-10 9.48721e-19 0.0001   7.8e-05
HR_6 1787068307.858142000 0.847745   -0.454052 0.244532 0.0292782   0.00413661 1.27713 0.0001   0.000157
QR_4 1787068307.858142000 -1.000000   2.22045e-16 0.0299999 2.57732e-17   5.12991e-10 9.48721e-19 0.0001   0.000157
HR_6 1787068307.868142000 0.847544   -0.458598 0.244634 0.029238   0.00370107 1.27989 0.0001   7.9e-05
QR_4 1787068307.868142000 -1.000000   2.22045e-16 0.0299999 2.57732e-17   5.12991e-10 9.48721e-19 0.0001   7.9e-05
HR_6 1787068307.878142000 0.847435   -0.461338 0.244634 0.0290806   0.00351236 1.28168 0.0001   7.1e-05
QR_4 1787068307.878142000 -1.000000   2.22045e-16 0.0299999 2.57732e-17   5.12991e-10 9.48721e-19 0.0001   7.1e-05
HR_6 1787068307.888142000 0.847247   -0.465907 0.244549 0.0291873   0.00373919 1.28475 0.0001   5.1e-05
QR_4 1787068307.888142000 -1.000000   2.22045e-16 0.0299999 2.57732e-17   5.12991e-10 9.48721e-19 0.0001   5.1e-05
HR_6 1787068307.898142000 0.847133   -0.469528 0.244495 0.0290661   0.00408986 1.28746 0.0001   6.3e-05
QR_4 1787068307.898142000 -1.000000   2.22045e-16 0.0299999 2.57732e-17   5.12991e-10 9.48721e-19 0.0001   6.3e-05
HR_6 1787068307.908142000 0.847024   -0.47305 0.244474 0.029624   0.00545423 1.28996 0.0001   0.000308
QR_4 1787068307.908142000 -1.000000   2.22045e-16 0.0299999 2.57732e-17   5.12991e-10 9.48721e-19 0.0001   0.000308
HR_6 1787068307.918142000 0.846918   -0.476515 0.244426 0.030237   0.00693925 1.29243 0.0001   0.000109
QR_4 1787068307.918142000 -1.000000   2.22045e-16 0.0299999 2.57732e-17   5.12991e-10 9.48721e-19 0.0001   0.000109
HR_6 1787068307.928142000 0.846803   -0.480795 0.244349 0.0300702   0.00749886 1.29579 0.0001   6e-05
QR_4 1787068307.928142000 -1.000000   2.22045e-16 0.0299999 2.57732e-17   5.12991e-10 9.48721e-19 0.0001   6e-05
HR_6 1787068307.938142000 0.846667   -0.485059 0.244235 0.028738   0.0066996 1.29917 0.0001   2.9e-05
QR_4 1787068307.938142000 -1.000000   2.22045e-16 0.0299999 2.57732e-17   5.12991e-10 9.48721e-19 0.0001   2.9e-05
HR_6 1787068307.948142000 0.846455   -0.488416 0.244203 0.0280321   0.00598506 1.30154 0.0001   7.4e-05
QR_4 1787068307.948142000 -1.000000   2.22045e-16 0.0299999 2.57732e-17   5.12991e-10 9.48721e-19 0.0001   7.4e-05
HR_6 1787068307.958143000 0.846194   -0.49174 0.244121 0.027037   0.00520069 1.30397 0.0001   1.9e-05
QR_4 1787068307.958143000 -1.000000   2.22045e-16 0.0299999 2.57732e-17   5.12991e-10 9.48721e-19 0.0001   1.9e-05
HR_6 1787068307.968143000 0.845916   -0.495953 0.243948 0.0259604   0.00458642 1.30679 0.0001   0.000406
QR_4 1787068307.968143000 -1.000000   2.22045e-16 0.0299999 2.57732e-17   5.12991e-10 9.48721e-19 0.0001   0.000406
HR_6 1787068307.978143000 0.845623   -0.499243 0.243879 0.0257635   0.00499521 1.30896 0.0001   0.000328
QR_4 1787068307.978143000 -1.000000   2.22045e-16 0.0299999 2.57732e-17   5.12991e-10 9.48721e-19 0.0001   0.000328
HR_6 1787068307.988143000 0.845205   -0.503138 0.243876 0.0259117   0.00537075 1.31229 0.0001   2e-05
QR_4 1787068307.988143000 -1.000000   2.22045e-16 0.0299999 2.57732e-17   5.12991e-10 9.48721e-19 0.0001   2e-05
HR_6 1787068307.998143000 0.844808   -0.507058 0.24389 0.0262839   0.00505291 1.31557 0.0001   3.1e-05
QR_4 1787068307.998143000 -1.000000   2.22045e-16 0.0299999 2.57732e-17   5.12991e-10 9.48721e-19 0.0001   3.1e-05
HR_6 1787068308.008143000 0.844422   -0.510088 0.24406 0.0265588   0.00407218 1.31855 0.0001   2.6e-05
QR_4 1787068308.008143000 -1.000000   2.22045e-16 0.0299999 2.57732e-17   5.12991e-10 9.48721e-19 0.0001   2.6e-05
HR_6 1787068308.018143000 0.843894   -0.51452 0.244344 0.0267624   0.00201509 1.32319 0.0001   3.2e-05
QR_4 1787068308.018143000 -1.000000   2.22045e-16 0.0299999 2.57732e-17   5.12991e-10 9.48721e-19 0.0001   3.2e-05
HR_6 1787068308.028143000 0.843646   -0.516744 0.244484 0.0266886   0.00113299 1.32507 0.0001   6.6e-05
QR_4 1787068308.028143000 -1.000000   2.22045e-16 0.0299999 2.57732e-17   5.12991e-10 9.48721e-19 0.0001   6.6e-05
HR_6 1787068308.038143000 0.843125   -0.521226 0.244631 0.0265469   0.000392265 1.32847 0.0001   2.6e-05
QR_4 1787068308.038143000 -1.000000   2.22045e-16 0.0299999 2.57732e-17   5.12991e-10 9.48721e-19 0.0001   2.6e-05
HR_6 1787068308.048143000 0.842767   -0.524907 0.244642 0.0270455   -2.28803e-05 1.3313 0.0001   1.8e-05
QR_4 1787068308.048143000 -1.000000   2.22045e-16 0.0299999 2.57732e-17   5.12991e-10 9.48721e-19 0.0001   1.8e-05
HR_6 1787068308.058144000 0.842481   -0.527807 0.244649 0.0273031   -0.000200369 1.3335 0.0001   1.6e-05
QR_4 1787068308.058144000 -1.000000   2.22045e-16 0.0299999 2.57732e-17   5.12991e-10 9.48721e-19 0.0001   1.6e-05
HR_6 1787068308.068144000 0.842000   -0.531333 0.244731 0.0275567   -0.00050295 1.33666 0.0001   2.2e-05
QR_4 1787068308.068144000 -1.000000   2.22045e-16 0.0299999 2.57732e-17   5.12991e-10 9.48721e-19 0.0001   2.2e-05
HR_6 1787068308.078144000 0.841570   -0.534794 0.244837 0.027647   -0.00140589 1.33965 0.0001   4.7e-05
QR_4 1787068308.078144000 -1.000000   2.22045e-16 0.0299999 2.57732e-17   5.12991e-10 9.48721e-19 0.0001   4.7e-05
HR_6 1787068308.088144000 0.841129   -0.538171 0.24502 0.0277744   -0.00308029 1.34293 0.0001   0.000765
QR_4 1787068308.088144000 -1.000000   2.22045e-16 0.0299999 2.57732e-17   5.12991e-10 9.48721e-19 0.0001   0.000765
HR_6 1787068308.098144000 0.840622   -0.541452 0.24524 0.0279653   -0.00495839 1.34635 0.0001   5e-05
QR_4 1787068308.098144000 -1.000000   2.22045e-16 0.0299999 2.57732e-17   5.12991e-10 9.48721e-19 0.0001   5e-05
HR_6 1787068308.108144000 0.840150   -0.544674 0.245425 0.0280984   -0.00654119 1.35005 0.0001   0.000932
QR_4 1787068308.108144000 -1.000000   2.22045e-16 0.0299999 2.57732e-17   5.12991e-10 9.48721e-19 0.0001   0.000932
HR_6 1787068308.118144000 0.839688   -0.547863 0.245592 0.028454   -0.00763392 1.35364 0.0001   4.2e-05
QR_4 1787068308.118144000 -1.000000   2.22045e-16 0.0299999 2.57732e-17   5.12991e-10 9.48721e-19 0.0001   4.2e-05
HR_6 1787068308.128144000 0.839326   -0.550344 0.245728 0.028883   -0.00828254 1.35687 0.0001   0.000279
QR_4 1787068308.128144000 -1.000000   2.22045e-16 0.0299999 2.57732e-17   5.12991e-10 9.48721e-19 0.0001   0.000279
HR_6 1787068308.138144000 0.839007   -0.552775 0.245869 0.0291918   -0.00905147 1.36003 0.0001   2.6e-05
QR_4 1787068308.138144000 -1.000000   2.22045e-16 0.0299999 2.57732e-17   5.12991e-10 9.48721e-19 0.0001   2.6e-05
HR_6 1787068308.148144000 0.838635   -0.55577 0.246034 0.0296074   -0.00995933 1.36418 0.0001   5.8e-05
QR_4 1787068308.148144000 -1.000000   2.22045e-16 0.0299999 2.57732e-17   5.12991e-10 9.48721e-19 0.0001   5.8e-05
HR_6 1787068308.158145000 0.838275   -0.558758 0.246098 0.0292644   -0.0112723 1.36797 0.0001   0.001105
QR_4 1787068308.158145000 -1.000000   2.22045e-16 0.0299999 2.57732e-17   5.12991e-10 9.48721e-19 0.0001   0.001105
HR_6 1787068308.168145000 0.837980   -0.561088 0.246182 0.0290495   -0.0125943 1.37013 0.0001   5.5e-05
QR_4 1787068308.168145000 -1.000000   2.22045e-16 0.0299999 2.57732e-17   5.12991e-10 9.48721e-19 0.0001   5.5e-05
HR_6 1787068308.178145000 0.837661   -0.563398 0.246249 0.0291163   -0.0133063 1.37279 0.0001   5e-05
QR_4 1787068308.178145000 -1.000000   2.22045e-16 0.0299999 2.57732e-17   5.12991e-10 9.48721e-19 0.0001   5e-05
HR_6 1787068308.188145000 0.837349   -0.565667 0.246292 0.0295263   -0.0130398 1.37589 0.0001   6.7e-05
QR_4 1787068308.188145000 -1.000000   2.22045e-16 0.0299999 2.57732e-17   5.12991e-10 9.48721e-19 0.0001   6.7e-05
HR_6 1787068308.198145000 0.837044   -0.567879 0.246362 0.0295016   -0.0138026 1.37814 0.0001   0.00047
QR_4 1787068308.198145000 -1.000000   2.22045e-16 0.0299999 2.57732e-17   5.12991e-10 9.48721e-19 0.0001   0.00047
HR_6 1787068308.208145000 0.836598   -0.570586 0.246523 0.0293993   -0.015599 1.38084 0.0001   3.7e-05
QR_4 1787068308.208145000 -1.000000   2.22045e-16 0.0299999 2.57732e-17   5.12991e-10 9.48721e-19 0.0001   3.7e-05
HR_6 1787068308.218145000 0.836135   -0.57327 0.246702 0.0290705   -0.0177905 1.38422 0.0001   7.2e-05
QR_4 1787068308.218145000 -1.000000   2.22045e-16 0.0299999 2.57732e-17   5.12991e-10 9.48721e-19 0.0001   7.2e-05
HR_6 1787068308.228145000 0.835877   -0.574875 0.246766 0.0291421   -0.0185283 1.38634 0.0001   5e-05
QR_4 1787068308.228145000 -1.000000   2.22045e-16 0.0299999 2.57732e-17   5.12991e-10 9.48721e-19 0.0001   5e-05
HR_6 1787068308.238145000 0.835483   -0.577569 0.246803 0.0295069   -0.0185722 1.39033 0.0001   4.1e-05
QR_4 1787068308.238145000 -1.000000   2.22045e-16 0.0299999 2.57732e-17   5.12991e-10 9.48721e-19 0.0001   4.1e-05
HR_6 1787068308.248145000 0.835144   -0.579695 0.246862 0.0295066   -0.0186875 1.39382 0.0001   6.9e-05
QR_4 1787068308.248145000 -1.000000   2.22045e-16 0.0299999 2.57732e-17   5.12991e-10 9.48721e-19 0.0001   6.9e-05
HR_6 1787068308.258146000 0.834817   -0.581801 0.246844 0.0295387   -0.0188232 1.39647 0.0001   3.2e-05
QR_4 1787068308.258146000 -1.000000   2.22045e-16 0.0299999 2.57732e-17   5.12991e-10 9.48721e-19 0.0001   3.2e-05
HR_6 1787068308.268146000 0.834404   -0.58434 0.246974 0.0297592   -0.0197447 1.40005 0.0001   0.000127
QR_4 1787068308.268146000 -1.000000   2.22045e-16 0.0299999 2.57732e-17   5.12991e-10 9.48721e-19 0.0001   0.000127
HR_6 1787068308.278146000 0.833959   -0.586746 0.247333 0.0299275   -0.0223957 1.40438 0.0001   4.7e-05
QR_4 1787068308.278146000 -1.000000   2.22045e-16 0.0299999 2.57732e-17   5.12991e-10 9.48721e-19 0.0001   4.7e-05
HR_6 1787068308.288146000 0.833561   -0.589154 0.247574 0.0304962   -0.0247162 1.40801 0.0001   1.7e-05
QR_4 1787068308.288146000 -1.000000   2.22045e-16 0.0299999 2.57732e-17   5.12991e-10 9.48721e-19 0.0001   1.7e-05
HR_6 1787068308.298146000 0.833063   -0.591947 0.247905 0.0309307   -0.0268155 1.41223 0.0001   0.002524
QR_4 1787068308.298146000 -1.000000   2.22045e-16 0.0299999 2.57732e-17   5.12991e-10 9.48721e-19 0.0001   0.002524
HR_6 1787068308.308146000 0.832841   -0.593339 0.248004 0.0314942   -0.0277418 1.41418 0.0001   3.4e-05
QR_4 1787068308.308146000 -1.000000   2.22045e-16 0.0299999 2.57732e-17   5.12991e-10 9.48721e-19 0.0001   3.4e-05
HR_6 1787068308.318146000 0.832487   -0.595595 0.248202 0.0316491   -0.0295617 1.41734 0.0001   6e-05
QR_4 1787068308.318146000 -1.000000   2.22045e-16 0.0299999 2.57732e-17   5.12991e-10 9.48721e-19 0.0001   6e-05
HR_6 1787068308.328146000 0.832197   -0.597381 0.248329 0.0315422   -0.0309739 1.41907 0.0001   0.000103
QR_4 1787068308.328146000 -1.000000   2.22045e-16 0.0299999 2.57732e-17   5.12991e-10 9.48721e-19 0.0001   0.000103
HR_6 1787068308.338146000 0.831852   -0.599591 0.248465 0.031646   -0.0321593 1.42197 0.0001   1.2e-05
QR_4 1787068308.338146000 -1.000000   2.22045e-16 0.0299999 2.57732e-17   5.12991e-10 9.48721e-19 0.0001   1.2e-05
HR_6 1787068308.348146000 0.831569   -0.601333 0.248591 0.0317067   -0.0334017 1.4244 0.0001   6.1e-05
QR_4 1787068308.348146000 -1.000000   2.22045e-16 0.0299999 2.57732e-17   5.12991e-10 9.48721e-19 0.0001   6.1e-05
HR_6 1787068308.358147000 0.831138   -0.60393 0.248723 0.0317336   -0.0344139 1.4269 0.0001   4.5e-05
QR_4 1787068308.358147000 -1.000000   2.22045e-16 0.0299999 2.57732e-17   5.12991e-10 9.48721e-19 0.0001   4.5e-05
HR_6 1787068308.368147000 0.830840   -0.606098 0.248734 0.0319616   -0.0343845 1.42964 0.0001   0.001374
QR_4 1787068308.368147000 -1.000000   2.22045e-16 0.0299999 2.57732e-17   5.12991e-10 9.48721e-19 0.0001   0.001374
HR_6 1787068308.378147000 0.830642   -0.607802 0.248723 0.0319118   -0.0340827 1.43279 0.0001   4.6e-05
QR_4 1787068308.378147000 -1.000000   2.22045e-16 0.0299999 2.57732e-17   5.12991e-10 9.48721e-19 0.0001   4.6e-05
HR_6 1787068308.388147000 0.830427   -0.609523 0.248644 0.0318683   -0.0336391 1.43538 0.0001   4.9e-05
QR_4 1787068308.388147000 -1.000000   2.22045e-16 0.0299999 2.57732e-17   5.12991e-10 9.48721e-19 0.0001   4.9e-05
HR_6 1787068308.398147000 0.830184   -0.61124 0.248537 0.0316242   -0.0329233 1.43746 0.0001   4.5e-05
QR_4 1787068308.398147000 -1.000000   2.22045e-16 0.0299999 2.57732e-17   5.12991e-10 9.48721e-19 0.0001   4.5e-05
HR_6 1787068308.408147000 0.829969   -0.612954 0.248407 0.0312435   -0.032265 1.43966 0.0001   7e-05
QR_4 1787068308.408147000 -1.000000   2.22045e-16 0.0299999 2.57732e-17   5.12991e-10 9.48721e-19 0.0001   7e-05
HR_6 1787068308.418147000 0.829722   -0.614624 0.248422 0.0311658   -0.032536 1.44211 0.0001   0.000206
QR_4 1787068308.418147000 -1.000000   2.22045e-16 0.0299999 2.57732e-17   5.12991e-10 9.48721e-19 0.0001   0.000206
HR_6 1787068308.428147000 0.829378   -0.616665 0.2485 0.0309369   -0.033361 1.44522 0.0001   5.5e-05
QR_4 1787068308.428147000 -1.000000   2.22045e-16 0.0299999 2.57732e-17   5.12991e-10 9.48721e-19 0.0001   5.5e-05
HR_6 1787068308.438147000 0.829044   -0.618653 0.248614 0.0304124   -0.0344542 1.4483 0.0001   4.3e-05
QR_4 1787068308.438147000 -1.000000   2.22045e-16 0.0299999 2.57732e-17   5.12991e-10 9.48721e-19 0.0001   4.3e-05
HR_6 1787068308.448147000 0.828800   -0.620266 0.248582 0.0306669   -0.0348872 1.45038 0.0001   4.6e-05
QR_4 1787068308.448147000 -1.000000   2.22045e-16 0.0299999 2.57732e-17   5.12991e-10 9.48721e-19 0.0001   4.6e-05
HR_6 1787068308.458148000 0.828457   -0.622211 0.248572 0.0305559   -0.0353196 1.45307 0.0001   4e-05
QR_4 1787068308.458148000 -1.000000   2.22045e-16 0.0299999 2.57732e-17   5.12991e-10 9.48721e-19 0.0001   4e-05
HR_6 1787068308.468148000 0.828107   -0.624449 0.24858 0.0300034   -0.0364098 1.45624 0.0001   0.001484
QR_4 1787068308.468148000 -1.000000   2.22045e-16 0.0299999 2.57732e-17   5.12991e-10 9.48721e-19 0.0001   0.001484
HR_6 1787068308.478148000 0.827909   -0.625898 0.248591 0.0295431   -0.0372876 1.45832 0.0001   0.000108
QR_4 1787068308.478148000 -1.000000   2.22045e-16 0.0299999 2.57732e-17   5.12991e-10 9.48721e-19 0.0001   0.000108
HR_6 1787068308.488148000 0.827579   -0.627649 0.248595 0.0291029   -0.0381309 1.46067 0.0001   0.000117
QR_4 1787068308.488148000 -1.000000   2.22045e-16 0.0299999 2.57732e-17   5.12991e-10 9.48721e-19 0.0001   0.000117
HR_6 1787068308.498148000 0.827231   -0.629298 0.248638 0.0284852   -0.0396704 1.46284 0.0001   4.9e-05
QR_4 1787068308.498148000 -1.000000   2.22045e-16 0.0299999 2.57732e-17   5.12991e-10 9.48721e-19 0.0001   4.9e-05
HR_6 1787068308.508148000 0.826951   -0.630974 0.248633 0.0279114   -0.0406786 1.46546 0.0001   2.4e-05
QR_4 1787068308.508148000 -1.000000   2.22045e-16 0.0299999 2.57732e-17   5.12991e-10 9.48721e-19 0.0001   2.4e-05
HR_6 1787068308.518148000 0.826740   -0.632264 0.248657 0.0275535   -0.0407127 1.46758 0.0001   4.5e-05
QR_4 1787068308.518148000 -1.000000   2.22045e-16 0.0299999 2.57732e-17   5.12991e-10 9.48721e-19 0.0001   4.5e-05
HR_6 1787068308.528148000 0.826504   -0.634132 0.248586 0.0280429   -0.0404576 1.46993 0.0001   4.3e-05
QR_4 1787068308.528148000 -1.000000   2.22045e-16 0.0299999 2.57732e-17   5.12991e-10 9.48721e-19 0.0001   4.3e-05
HR_6 1787068308.538148000 0.826398   -0.63535 0.248553 0.0280803   -0.0398583 1.47175 0.0001   0.003196
QR_4 1787068308.538148000 -1.000000   2.22045e-16 0.0299999 2.57732e-17   5.12991e-10 9.48721e-19 0.0001   0.003196
HR_6 1787068308.548148000 0.826343   -0.636251 0.248536 0.028275   -0.0392041 1.47322 0.0001   6.5e-05
QR_4 1787068308.548148000 -1.000000   2.22045e-16 0.0299999 2.57732e-17   5.12991e-10 9.48721e-19 0.0001   6.5e-05
HR_6 1787068308.558149000 0.826231   -0.63789 0.248585 0.0281624   -0.0396871 1.47546 0.0001   4.3e-05
QR_4 1787068308.558149000 -1.000000   2.22045e-16 0.0299999 2.57732e-17   5.12991e-10 9.48721e-19 0.0001   4.3e-05
HR_6 1787068308.568149000 0.826181   -0.639003 0.248598 0.0278162   -0.0401971 1.47703 0.0001   0.000888
QR_4 1787068308.568149000 -1.000000   2.22045e-16 0.0299999 2.57732e-17   5.12991e-10 9.48721e-19 0.0001   0.000888
HR_6 1787068308.578149000 0.826100   -0.640134 0.248548 0.0271192   -0.0409534 1.47868 0.0001   4.3e-05
QR_4 1787068308.578149000 -1.000000   2.22045e-16 0.0299999 2.57732e-17   5.12991e-10 9.48721e-19 0.0001   4.3e-05
HR_6 1787068308.588149000 0.825915   -0.641423 0.248605 0.0266104   -0.0427886 1.48045 0.0001   3.1e-05
QR_4 1787068308.588149000 -1.000000   2.22045e-16 0.0299999 2.57732e-17   5.12991e-10 9.48721e-19 0.0001   3.1e-05
HR_6 1787068308.598149000 0.825708   -0.642699 0.248674 0.0264515   -0.0440434 1.48231 0.0001   7e-05
QR_4 1787068308.598149000 -1.000000   2.22045e-16 0.0299999 2.57732e-17   5.12991e-10 9.48721e-19 0.0001   7e-05
HR_6 1787068308.608149000 0.825555   -0.643662 0.24875 0.0264297   -0.0448115 1.4836 0.0001   3.4e-05
QR_4 1787068308.608149000 -1.000000   2.22045e-16 0.0299999 2.57732e-17   5.12991e-10 9.48721e-19 0.0001   3.4e-05
HR_6 1787068308.618149000 0.825365   -0.644801 0.248912 0.0265343   -0.0461657 1.48573 0.0001   3.8e-05
QR_4 1787068308.618149000 -1.000000   2.22045e-16 0.0299999 2.57732e-17   5.12991e-10 9.48721e-19 0.0001   3.8e-05
HR_6 1787068308.628149000 0.825221   -0.645701 0.249008 0.0269112   -0.0466618 1.48762 0.0001   0.000155
QR_4 1787068308.628149000 -1.000000   2.22045e-16 0.0299999 2.57732e-17   5.12991e-10 9.48721e-19 0.0001   0.000155
HR_6 1787068308.638149000 0.825079   -0.646581 0.249102 0.0272432   -0.0472654 1.48997 0.0001   3.8e-05
QR_4 1787068308.638149000 -1.000000   2.22045e-16 0.0299999 2.57732e-17   5.12991e-10 9.48721e-19 0.0001   3.8e-05
HR_6 1787068308.648149000 0.824830   -0.647868 0.249271 0.0274323   -0.0487024 1.4931 0.0001   2.1e-05
QR_4 1787068308.648149000 -1.000000   2.22045e-16 0.0299999 2.57732e-17   5.12991e-10 9.48721e-19 0.0001   2.1e-05
HR_6 1787068308.658150000 0.824589   -0.648915 0.2494 0.0275106   -0.0498362 1.49581 0.0001   1.2e-05
QR_4 1787068308.658150000 -1.000000   2.22045e-16 0.0299999 2.57732e-17   5.12991e-10 9.48721e-19 0.0001   1.2e-05
HR_6 1787068308.668150000 0.824420   -0.649776 0.249514 0.0277768   -0.0508581 1.49809 0.0001   1.6e-05
QR_4 1787068308.668150000 -1.000000   2.22045e-16 0.0299999 2.57732e-17   5.12991e-10 9.48721e-19 0.0001   1.6e-05
HR_6 1787068308.678150000 0.824219   -0.65089 0.249613 0.027768   -0.0517569 1.50083 0.0001   3.7e-05
QR_4 1787068308.678150000 -1.000000   2.22045e-16 0.0299999 2.57732e-17   5.12991e-10 9.48721e-19 0.0001   3.7e-05
HR_6 1787068308.688150000 0.824038   -0.651742 0.249649 0.0278205   -0.0524618 1.50281 0.0001   7.7e-05
QR_4 1787068308.688150000 -1.000000   2.22045e-16 0.0299999 2.57732e-17   5.12991e-10 9.48721e-19 0.0001   7.7e-05
HR_6 1787068308.698150000 0.823877   -0.652373 0.249693 0.0275359   -0.0534507 1.50425 0.0001   2.5e-05
QR_4 1787068308.698150000 -1.000000   2.22045e-16 0.0299999 2.57732e-17   5.12991e-10 9.48721e-19 0.0001   2.5e-05
HR_6 1787068308.708150000 0.823541   -0.653573 0.249781 0.0269584   -0.0550791 1.50715 0.0001   3.7e-05
QR_4 1787068308.708150000 -1.000000   2.22045e-16 0.0299999 2.57732e-17   5.12991e-10 9.48721e-19 0.0001   3.7e-05
HR_6 1787068308.718150000 0.823270   -0.654541 0.249847 0.0265125   -0.0567796 1.50957 0.0001   5.8e-05
QR_4 1787068308.718150000 -1.000000   2.22045e-16 0.0299999 2.57732e-17   5.12991e-10 9.48721e-19 0.0001   5.8e-05
HR_6 1787068308.728150000 0.823024   -0.655518 0.249864 0.0263149   -0.0577099 1.51187 0.0001   4.8e-05
QR_4 1787068308.728150000 -1.000000   2.22045e-16 0.0299999 2.57732e-17   5.12991e-10 9.48721e-19 0.0001   4.8e-05
HR_6 1787068308.738150000 0.822804   -0.656267 0.249894 0.0255281   -0.0585793 1.51366 0.0001   4.5e-05
QR_4 1787068308.738150000 -1.000000   2.22045e-16 0.0299999 2.57732e-17   5.12991e-10 9.48721e-19 0.0001   4.5e-05
HR_6 1787068308.748150000 0.822560   -0.657228 0.249823 0.0249814   -0.0595146 1.51558 0.0001   4.9e-05
QR_4 1787068308.748150000 -1.000000   2.22045e-16 0.0299999 2.57732e-17   5.12991e-10 9.48721e-19 0.0001   4.9e-05
HR_6 1787068308.758151000 0.822271   -0.658157 0.249802 0.0244321   -0.0600732 1.51759 0.0001   5e-05
QR_4 1787068308.758151000 -1.000000   2.22045e-16 0.0299999 2.57732e-17   5.12991e-10 9.48721e-19 0.0001   5e-05
HR_6 1787068308.768151000 0.822116   -0.65867 0.249821 0.0241337   -0.060208 1.51876 0.0001   4.8e-05
QR_4 1787068308.768151000 -1.000000   2.22045e-16 0.0299999 2.57732e-17   5.12991e-10 9.48721e-19 0.0001   4.8e-05
HR_6 1787068308.778151000 0.821902   -0.659517 0.249796 0.0242029   -0.0607778 1.5209 0.0001   5.3e-05
QR_4 1787068308.778151000 -1.000000   2.22045e-16 0.0299999 2.57732e-17   5.12991e-10 9.48721e-19 0.0001   5.3e-05
HR_6 1787068308.788151000 0.821677   -0.660169 0.249828 0.0240799   -0.0613803 1.52288 0.0001   4.5e-05
QR_4 1787068308.788151000 -1.000000   2.22045e-16 0.0299999 2.57732e-17   5.12991e-10 9.48721e-19 0.0001   4.5e-05
HR_6 1787068308.798151000 0.821488   -0.660796 0.249851 0.0239508   -0.0618832 1.52479 0.0001   2.2e-05
QR_4 1787068308.798151000 -1.000000   2.22045e-16 0.0299999 2.57732e-17   5.12991e-10 9.48721e-19 0.0001   2.2e-05
HR_6 1787068308.808151000 0.821362   -0.66163 0.249809 0.0236564   -0.0618938 1.52715 0.0001   0.000181
QR_4 1787068308.808151000 -1.000000   2.22045e-16 0.0299999 2.57732e-17   5.12991e-10 9.48721e-19 0.0001   0.000181
HR_6 1787068308.818151000 0.821194   -0.662501 0.249777 0.0235255   -0.0614391 1.52943 0.0001   1.5e-05
QR_4 1787068308.818151000 -1.000000   2.22045e-16 0.0299999 2.57732e-17   5.12991e-10 9.48721e-19 0.0001   1.5e-05
HR_6 1787068308.828151000 0.821074   -0.663307 0.249731 0.0234594   -0.0614868 1.53134 0.0001   5.8e-05
QR_4 1787068308.828151000 -1.000000   2.22045e-16 0.0299999 2.57732e-17   5.12991e-10 9.48721e-19 0.0001   5.8e-05
HR_6 1787068308.838151000 0.820955   -0.664275 0.249759 0.0236941   -0.0613947 1.53379 0.0001   2.2e-05
QR_4 1787068308.838151000 -1.000000   2.22045e-16 0.0299999 2.57732e-17   5.12991e-10 9.48721e-19 0.0001   2.2e-05
HR_6 1787068308.848151000 0.820794   -0.66508 0.249851 0.0235854   -0.0616036 1.53614 0.0001   2.4e-05
QR_4 1787068308.848151000 -1.000000   2.22045e-16 0.0299999 2.57732e-17   5.12991e-10 9.48721e-19 0.0001   2.4e-05
HR_6 1787068308.858152000 0.820670   -0.665857 0.249902 0.0242456   -0.0620162 1.53808 0.0001   2.5e-05
QR_4 1787068308.858152000 -1.000000   2.22045e-16 0.0299999 2.57732e-17   5.12991e-10 9.48721e-19 0.0001   2.5e-05
HR_6 1787068308.868152000 0.820605   -0.666652 0.24994 0.0238888   -0.0621881 1.53977 0.0001   2.2e-05
QR_4 1787068308.868152000 -1.000000   2.22045e-16 0.0299999 2.57732e-17   5.12991e-10 9.48721e-19 0.0001   2.2e-05
HR_6 1787068308.878152000 0.820548   -0.667395 0.249877 0.023733   -0.0615847 1.54114 0.0001   2.4e-05
QR_4 1787068308.878152000 -1.000000   2.22045e-16 0.0299999 2.57732e-17   5.12991e-10 9.48721e-19 0.0001   2.4e-05
HR_6 1787068308.888152000 0.820527   -0.668316 0.249755 0.0236368   -0.0613973 1.54231 0.0001   6.1e-05
QR_4 1787068308.888152000 -1.000000   2.22045e-16 0.0299999 2.57732e-17   5.12991e-10 9.48721e-19 0.0001   6.1e-05
HR_6 1787068308.898152000 0.820495   -0.669074 0.249697 0.0234042   -0.0612934 1.54316 0.0001   6.3e-05
QR_4 1787068308.898152000 -1.000000   2.22045e-16 0.0299999 2.57732e-17   5.12991e-10 9.48721e-19 0.0001   6.3e-05
HR_6 1787068308.908152000 0.820404   -0.670022 0.249708 0.022638   -0.0628029 1.54419 0.0001   5.1e-05
QR_4 1787068308.908152000 -1.000000   2.22045e-16 0.0299999 2.57732e-17   5.12991e-10 9.48721e-19 0.0001   5.1e-05
HR_6 1787068308.918152000 0.820300   -0.670734 0.249787 0.0221515   -0.0643167 1.54494 0.0001   0.002217
QR_4 1787068308.918152000 -1.000000   2.22045e-16 0.0299999 2.57732e-17   5.12991e-10 9.48721e-19 0.0001   0.002217
HR_6 1787068308.928152000 0.820234   -0.671464 0.249807 0.0218358   -0.0647385 1.5453 0.0001   4.4e-05
QR_4 1787068308.928152000 -1.000000   2.22045e-16 0.0299999 2.57732e-17   5.12991e-10 9.48721e-19 0.0001   4.4e-05
HR_6 1787068308.938152000 0.820174   -0.672211 0.24977 0.0219428   -0.0649569 1.54603 0.0001   5.5e-05
QR_4 1787068308.938152000 -1.000000   2.22045e-16 0.0299999 2.57732e-17   5.12991e-10 9.48721e-19 0.0001   5.5e-05
HR_6 1787068308.948152000 0.820105   -0.672929 0.249769 0.0219881   -0.0646903 1.54681 0.0001   6.9e-05
QR_4 1787068308.948152000 -1.000000   2.22045e-16 0.0299999 2.57732e-17   5.12991e-10 9.48721e-19 0.0001   6.9e-05
HR_6 1787068308.958153000 0.820038   -0.673822 0.249757 0.0219066   -0.0645764 1.54742 0.0001   5.3e-05
QR_4 1787068308.958153000 -1.000000   2.22045e-16 0.0299999 2.57732e-17   5.12991e-10 9.48721e-19 0.0001   5.3e-05
HR_6 1787068308.968153000 0.820006   -0.674352 0.249723 0.0219186   -0.0645481 1.54802 0.0001   6.5e-05
QR_4 1787068308.968153000 -1.000000   2.22045e-16 0.0299999 2.57732e-17   5.12991e-10 9.48721e-19 0.0001   6.5e-05
HR_6 1787068308.978153000 0.819953   -0.675184 0.249714 0.0215487   -0.0651476 1.54973 0.0001   6.9e-05
QR_4 1787068308.978153000 -1.000000   2.22045e-16 0.0299999 2.57732e-17   5.12991e-10 9.48721e-19 0.0001   6.9e-05
HR_6 1787068308.988153000 0.819859   -0.676022 0.249735 0.0213834   -0.0654163 1.5513 0.0001   6e-05
QR_4 1787068308.988153000 -1.000000   2.22045e-16 0.0299999 2.57732e-17   5.12991e-10 9.48721e-19 0.0001   6e-05
HR_6 1787068308.998153000 0.819753   -0.67665 0.249782 0.0214945   -0.0659694 1.55284 0.0001   2.1e-05
QR_4 1787068308.998153000 -1.000000   2.22045e-16 0.0299999 2.57732e-17   5.12991e-10 9.48721e-19 0.0001   2.1e-05
HR_6 1787068309.008153000 0.819645   -0.677448 0.249826 0.0216422   -0.0667136 1.5549 0.0001   1.9e-05
QR_4 1787068309.008153000 -1.000000   2.22045e-16 0.0299999 2.57732e-17   5.12991e-10 9.48721e-19 0.0001   1.9e-05
HR_6 1787068309.018153000 0.819506   -0.678049 0.249895 0.0214481   -0.067407 1.55638 0.0001   2.6e-05
QR_4 1787068309.018153000 -1.000000   2.22045e-16 0.0299999 2.57732e-17   5.12991e-10 9.48721e-19 0.0001   2.6e-05
HR_6 1787068309.028153000 0.819303   -0.678795 0.249983 0.0213145   -0.068208 1.55807 0.0001   2.4e-05
QR_4 1787068309.028153000 -1.000000   2.22045e-16 0.0299999 2.57732e-17   5.12991e-10 9.48721e-19 0.0001   2.4e-05
HR_6 1787068309.038153000 0.819184   -0.679444 0.250003 0.0202827   -0.0679282 1.55926 0.0001   3.5e-05
QR_4 1787068309.038153000 -1.000000   2.22045e-16 0.0299999 2.57732e-17   5.12991e-10 9.48721e-19 0.0001   3.5e-05
HR_6 1787068309.048153000 0.819031   -0.68015 0.24997 0.0183874   -0.0674996 1.56027 0.0001   0.000129
QR_4 1787068309.048153000 -1.000000   2.22045e-16 0.0299999 2.57732e-17   5.12991e-10 9.48721e-19 0.0001   0.000129
HR_6 1787068309.058154000 0.818912   -0.681054 0.249853 0.0175077   -0.0679895 1.56152 0.0001   0.00023
QR_4 1787068309.058154000 -1.000000   2.22045e-16 0.0299999 2.57732e-17   5.12991e-10 9.48721e-19 0.0001   0.00023
HR_6 1787068309.068154000 0.818858   -0.681826 0.249658 0.0175779   -0.0673599 1.56218 0.0001   1.5e-05
QR_4 1787068309.068154000 -1.000000   2.22045e-16 0.0299999 2.57732e-17   5.12991e-10 9.48721e-19 0.0001   1.5e-05
HR_6 1787068309.078154000 0.818823   -0.682425 0.249423 0.0186025   -0.0668274 1.56253 0.0001   9.1e-05
QR_4 1787068309.078154000 -1.000000   2.22045e-16 0.0299999 2.57732e-17   5.12991e-10 9.48721e-19 0.0001   9.1e-05
HR_6 1787068309.088154000 0.818646   -0.683247 0.249339 0.0186267   -0.067246 1.5638 0.0001   4.2e-05
QR_4 1787068309.088154000 -1.000000   2.22045e-16 0.0299999 2.57732e-17   5.12991e-10 9.48721e-19 0.0001   4.2e-05
HR_6 1787068309.098154000 0.818486   -0.683875 0.249341 0.0177896   -0.0679285 1.56515 0.0001   4.9e-05
QR_4 1787068309.098154000 -1.000000   2.22045e-16 0.0299999 2.57732e-17   5.12991e-10 9.48721e-19 0.0001   4.9e-05
HR_6 1787068309.108154000 0.818287   -0.684699 0.249296 0.0171139   -0.0687529 1.56691 0.0001   1.8e-05
QR_4 1787068309.108154000 -1.000000   2.22045e-16 0.0299999 2.57732e-17   5.12991e-10 9.48721e-19 0.0001   1.8e-05
HR_6 1787068309.118154000 0.818112   -0.685363 0.249265 0.0167883   -0.0694311 1.56804 0.0001   3e-05
QR_4 1787068309.118154000 -1.000000   2.22045e-16 0.0299999 2.57732e-17   5.12991e-10 9.48721e-19 0.0001   3e-05
HR_6 1787068309.128154000 0.817869   -0.686131 0.2493 0.0164875   -0.0704074 1.57007 0.0001   1.4e-05
QR_4 1787068309.128154000 -1.000000   2.22045e-16 0.0299999 2.57732e-17   5.12991e-10 9.48721e-19 0.0001   1.4e-05
HR_6 1787068309.138154000 0.817696   -0.686714 0.249319 0.0164205   -0.0706919 1.57215 0.0001   4.6e-05
QR_4 1787068309.138154000 -1.000000   2.22045e-16 0.0299999 2.57732e-17   5.12991e-10 9.48721e-19 0.0001   4.6e-05
HR_6 1787068309.148154000 0.817495   -0.687477 0.24932 0.0163055   -0.0707624 1.57392 0.0001   0.000351
QR_4 1787068309.148154000 -1.000000   2.22045e-16 0.0299999 2.57732e-17   5.12991e-10 9.48721e-19 0.0001   0.000351
HR_6 1787068309.158155000 0.817276   -0.688326 0.249345 0.0163295   -0.0708697 1.57668 0.0001   5e-06
QR_4 1787068309.158155000 -1.000000   2.22045e-16 0.0299999 2.57732e-17   5.12991e-10 9.48721e-19 0.0001   5e-06
HR_6 1787068309.168155000 0.817135   -0.68888 0.249356 0.0166086   -0.0705416 1.57856 0.0001   0.000124
QR_4 1787068309.168155000 -1.000000   2.22045e-16 0.0299999 2.57732e-17   5.12991e-10 9.48721e-19 0.0001   0.000124
HR_6 1787068309.178155000 0.816985   -0.689718 0.249337 0.0167673   -0.0699665 1.58039 0.0001   0.001665
QR_4 1787068309.178155000 -1.000000   2.22045e-16 0.0299999 2.57732e-17   5.12991e-10 9.48721e-19 0.0001   0.001665
HR_6 1787068309.188155000 0.816901   -0.690108 0.249345 0.0167579   -0.0699106 1.58179 0.0001   2.8e-05
QR_4 1787068309.188155000 -1.000000   2.22045e-16 0.0299999 2.57732e-17   5.12991e-10 9.48721e-19 0.0001   2.8e-05
HR_6 1787068309.198155000 0.816816   -0.69076 0.249372 0.0168433   -0.070194 1.58411 0.0001   3.6e-05
QR_4 1787068309.198155000 -1.000000   2.22045e-16 0.0299999 2.57732e-17   5.12991e-10 9.48721e-19 0.0001   3.6e-05
HR_6 1787068309.208155000 0.816691   -0.691433 0.249385 0.0169625   -0.0704757 1.58598 0.0001   1.8e-05
QR_4 1787068309.208155000 -1.000000   2.22045e-16 0.0299999 2.57732e-17   5.12991e-10 9.48721e-19 0.0001   1.8e-05
HR_6 1787068309.218155000 0.816562   -0.692083 0.249463 0.0169007   -0.0713718 1.58824 0.0001   1.5e-05
QR_4 1787068309.218155000 -1.000000   2.22045e-16 0.0299999 2.57732e-17   5.12991e-10 9.48721e-19 0.0001   1.5e-05
HR_6 1787068309.228155000 0.816507   -0.692616 0.249532 0.0165061   -0.0724097 1.58989 0.0001   3e-05
QR_4 1787068309.228155000 -1.000000   2.22045e-16 0.0299999 2.57732e-17   5.12991e-10 9.48721e-19 0.0001   3e-05
HR_6 1787068309.238155000 0.816445   -0.693146 0.249543 0.016469   -0.0730037 1.59164 0.0001   4.7e-05
QR_4 1787068309.238155000 -1.000000   2.22045e-16 0.0299999 2.57732e-17   5.12991e-10 9.48721e-19 0.0001   4.7e-05
HR_6 1787068309.248155000 0.816357   -0.693775 0.249572 0.0164107   -0.0735122 1.59437 0.0001   2.9e-05
QR_4 1787068309.248155000 -1.000000   2.22045e-16 0.0299999 2.57732e-17   5.12991e-10 9.48721e-19 0.0001   2.9e-05
HR_6 1787068309.258156000 0.816254   -0.694434 0.249668 0.0163461   -0.0743671 1.59647 0.0001   1.4e-05
QR_4 1787068309.258156000 -1.000000   2.22045e-16 0.0299999 2.57732e-17   5.12991e-10 9.48721e-19 0.0001   1.4e-05
HR_6 1787068309.268156000 0.816168   -0.69495 0.249733 0.0167968   -0.0749591 1.59841 0.0001   0.000567
QR_4 1787068309.268156000 -1.000000   2.22045e-16 0.0299999 2.57732e-17   5.12991e-10 9.48721e-19 0.0001   0.000567
HR_6 1787068309.278156000 0.816112   -0.695612 0.249818 0.0167225   -0.075292 1.60037 0.0001   1.7e-05
QR_4 1787068309.278156000 -1.000000   2.22045e-16 0.0299999 2.57732e-17   5.12991e-10 9.48721e-19 0.0001   1.7e-05
HR_6 1787068309.288156000 0.816105   -0.696342 0.249852 0.0171692   -0.0741243 1.60128 0.0001   2.4e-05
QR_4 1787068309.288156000 -1.000000   2.22045e-16 0.0299999 2.57732e-17   5.12991e-10 9.48721e-19 0.0001   2.4e-05
HR_6 1787068309.298156000 0.816132   -0.697066 0.249808 0.017899   -0.0731895 1.60245 0.0001   0.002021
QR_4 1787068309.298156000 -1.000000   2.22045e-16 0.0299999 2.57732e-17   5.12991e-10 9.48721e-19 0.0001   0.002021
HR_6 1787068309.308156000 0.816199   -0.697656 0.249769 0.0175181   -0.0730258 1.60327 0.0001   0.000165
QR_4 1787068309.308156000 -1.000000   2.22045e-16 0.0299999 2.57732e-17   5.12991e-10 9.48721e-19 0.0001   0.000165
HR_6 1787068309.318156000 0.816288   -0.698477 0.249606 0.0164314   -0.0733102 1.60399 0.0001   3.9e-05
QR_4 1787068309.318156000 -1.000000   2.22045e-16 0.0299999 2.57732e-17   5.12991e-10 9.48721e-19 0.0001   3.9e-05
HR_6 1787068309.328156000 0.816338   -0.699309 0.249395 0.0153281   -0.0739731 1.6047 0.0001   0.001547
QR_4 1787068309.328156000 -1.000000   2.22045e-16 0.0299999 2.57732e-17   5.12991e-10 9.48721e-19 0.0001   0.001547
HR_6 1787068309.338156000 0.816332   -0.699977 0.249255 0.0140624   -0.0746484 1.60507 0.0001   0.001121
QR_4 1787068309.338156000 -1.000000   2.22045e-16 0.0299999 2.57732e-17   5.12991e-10 9.48721e-19 0.0001   0.001121
HR_6 1787068309.348156000 0.816303   -0.70084 0.249043 0.0122741   -0.075729 1.60588 0.0001   0.000107
QR_4 1787068309.348156000 -1.000000   2.22045e-16 0.0299999 2.57732e-17   5.12991e-10 9.48721e-19 0.0001   0.000107
HR_6 1787068309.358157000 0.816175   -0.701806 0.248934 0.0111849   -0.0766308 1.60685 0.0001   0.001832
QR_4 1787068309.358157000 -1.000000   2.22045e-16 0.0299999 2.57732e-17   5.12991e-10 9.48721e-19 0.0001   0.001832
HR_6 1787068309.368157000 0.816046   -0.702387 0.248937 0.010761   -0.0775223 1.60753 0.0001   1.8e-05
QR_4 1787068309.368157000 -1.000000   2.22045e-16 0.0299999 2.57732e-17   5.12991e-10 9.48721e-19 0.0001   1.8e-05
HR_6 1787068309.378157000 0.815900   -0.703098 0.248952 0.0103095   -0.0785283 1.60879 0.0001   9e-06
QR_4 1787068309.378157000 -1.000000   2.22045e-16 0.0299999 2.57732e-17   5.12991e-10 9.48721e-19 0.0001   9e-06
HR_6 1787068309.388157000 0.815755   -0.703756 0.249004 0.010169   -0.0794075 1.60952 0.0001   9e-06
QR_4 1787068309.388157000 -1.000000   2.22045e-16 0.0299999 2.57732e-17   5.12991e-10 9.48721e-19 0.0001   9e-06
HR_6 1787068309.398144000 0.815708   -0.704277 0.249031 0.0101481   -0.0797746 1.6105 0.0001   3e-06
QR_4 1787068309.398144000 -1.000000   2.22045e-16 0.0299999 2.57732e-17   5.12991e-10 9.48721e-19 0.0001   3e-06
HR_6 1787068309.408145000 0.815663   -0.704956 0.249049 0.0103292   -0.0796173 1.61253 0.0001   1.8e-05
QR_4 1787068309.408145000 -1.000000   2.22045e-16 0.0299999 2.57732e-17   5.12991e-10 9.48721e-19 0.0001   1.8e-05
HR_6 1787068309.418145000 0.815625   -0.705478 0.249062 0.0104542   -0.0795088 1.61362 0.0001   0.000261
QR_4 1787068309.418145000 -1.000000   2.22045e-16 0.0299999 2.57732e-17   5.12991e-10 9.48721e-19 0.0001   0.000261
HR_6 1787068309.428145000 0.815559   -0.706103 0.249087 0.0102354   -0.0801794 1.61449 0.0001   5.3e-05
QR_4 1787068309.428145000 -1.000000   2.22045e-16 0.0299999 2.57732e-17   5.12991e-10 9.48721e-19 0.0001   5.3e-05
HR_6 1787068309.438145000 0.815532   -0.706516 0.249089 0.0100956   -0.080436 1.61556 0.0001   0.000141
QR_4 1787068309.438145000 -1.000000   2.22045e-16 0.0299999 2.57732e-17   5.12991e-10 9.48721e-19 0.0001   0.000141
HR_6 1787068309.448145000 0.815470   -0.707244 0.249118 0.00981734   -0.0813955 1.61747 0.0001   0.000362
QR_4 1787068309.448145000 -1.000000   2.22045e-16 0.0299999 2.57732e-17   5.12991e-10 9.48721e-19 0.0001   0.000362
HR_6 1787068309.458145000 0.815376   -0.707894 0.249172 0.00967294   -0.0823469 1.61855 0.0001   4e-05
QR_4 1787068309.458145000 -1.000000   2.22045e-16 0.0299999 2.57732e-17   5.12991e-10 9.48721e-19 0.0001   4e-05
HR_6 1787068309.468145000 0.815287   -0.708562 0.249198 0.00970061   -0.0827636 1.61968 0.0001   7.9e-05
QR_4 1787068309.468145000 -1.000000   2.22045e-16 0.0299999 2.57732e-17   5.12991e-10 9.48721e-19 0.0001   7.9e-05
HR_6 1787068309.478145000 0.815188   -0.709162 0.249271 0.00988608   -0.0831378 1.62125 0.0001   0.000778
QR_4 1787068309.478145000 -1.000000   2.22045e-16 0.0299999 2.57732e-17   5.12991e-10 9.48721e-19 0.0001   0.000778
HR_6 1787068309.488145000 0.815096   -0.70974 0.24928 0.00992629   -0.0834388 1.62309 0.0001   5.6e-05
QR_4 1787068309.488145000 -1.000000   2.22045e-16 0.0299999 2.57732e-17   5.12991e-10 9.48721e-19 0.0001   5.6e-05
HR_6 1787068309.498145000 0.815055   -0.710174 0.249335 0.0101745   -0.0833546 1.62448 0.0001   0.000488
QR_4 1787068309.498145000 -1.000000   2.22045e-16 0.0299999 2.57732e-17   5.12991e-10 9.48721e-19 0.0001   0.000488
HR_6 1787068309.508146000 0.815041   -0.710632 0.249361 0.0106363   -0.082969 1.62603 0.0001   7.2e-05
QR_4 1787068309.508146000 -1.000000   2.22045e-16 0.0299999 2.57732e-17   5.12991e-10 9.48721e-19 0.0001   7.2e-05
HR_6 1787068309.518146000 0.815073   -0.711067 0.249382 0.010655   -0.0825402 1.62696 0.0001   3.8e-05
QR_4 1787068309.518146000 -1.000000   2.22045e-16 0.0299999 2.57732e-17   5.12991e-10 9.48721e-19 0.0001   3.8e-05
HR_6 1787068309.528146000 0.815150   -0.711609 0.24943 0.011727   -0.081773 1.62812 0.0001   9e-06
QR_4 1787068309.528146000 -1.000000   2.22045e-16 0.0299999 2.57732e-17   5.12991e-10 9.48721e-19 0.0001   9e-06
HR_6 1787068309.538146000 0.815208   -0.712017 0.249505 0.0121903   -0.0816971 1.62917 0.0001   6.4e-05
QR_4 1787068309.538146000 -1.000000   2.22045e-16 0.0299999 2.57732e-17   5.12991e-10 9.48721e-19 0.0001   6.4e-05
HR_6 1787068309.548146000 0.815304   -0.712546 0.24955 0.0122053   -0.0820142 1.6296 0.0001   3.6e-05
QR_4 1787068309.548146000 -1.000000   2.22045e-16 0.0299999 2.57732e-17   5.12991e-10 9.48721e-19 0.0001   3.6e-05
HR_6 1787068309.558146000 0.815341   -0.71307 0.249624 0.0123212   -0.0824374 1.62986 0.0001   1.4e-05
QR_4 1787068309.558146000 -1.000000   2.22045e-16 0.0299999 2.57732e-17   5.12991e-10 9.48721e-19 0.0001   1.4e-05
HR_6 1787068309.568146000 0.815323   -0.713385 0.249672 0.0124821   -0.082693 1.63105 0.0001   5.2e-05
QR_4 1787068309.568146000 -1.000000   2.22045e-16 0.0299999 2.57732e-17   5.12991e-10 9.48721e-19 0.0001   5.2e-05
HR_6 1787068309.578146000 0.815299   -0.713908 0.249723 0.012791   -0.082441 1.63288 0.0001   1.9e-05
QR_4 1787068309.578146000 -1.000000   2.22045e-16 0.0299999 2.57732e-17   5.12991e-10 9.48721e-19 0.0001   1.9e-05
HR_6 1787068309.588146000 0.815289   -0.714464 0.24968 0.0131427   -0.081411 1.63522 0.0001   1.5e-05
QR_4 1787068309.588146000 -1.000000   2.22045e-16 0.0299999 2.57732e-17   5.12991e-10 9.48721e-19 0.0001   1.5e-05
HR_6 1787068309.598146000 0.815209   -0.715041 0.249657 0.0133541   -0.0805842 1.63799 0.0001   2.2e-05
QR_4 1787068309.598146000 -1.000000   2.22045e-16 0.0299999 2.57732e-17   5.12991e-10 9.48721e-19 0.0001   2.2e-05
HR_6 1787068309.608131000 0.815117   -0.715497 0.249625 0.0134179   -0.0801526 1.6398 0.0001   2e-06
QR_4 1787068309.608131000 -1.000000   2.22045e-16 0.0299999 2.57732e-17   5.12991e-10 9.48721e-19 0.0001   2e-06
HR_6 1787068309.618132000 0.815008   -0.716053 0.249608 0.0134264   -0.0801195 1.64209 0.0001   7.2e-05
QR_4 1787068309.618132000 -1.000000   2.22045e-16 0.0299999 2.57732e-17   5.12991e-10 9.48721e-19 0.0001   7.2e-05
HR_6 1787068309.628132000 0.814909   -0.716492 0.249619 0.0134127   -0.0802265 1.64354 0.0001   0.001407
QR_4 1787068309.628132000 -1.000000   2.22045e-16 0.0299999 2.57732e-17   5.12991e-10 9.48721e-19 0.0001   0.001407
HR_6 1787068309.638132000 0.814855   -0.71681 0.249656 0.0134901   -0.0805152 1.64426 0.0001   7.2e-05
QR_4 1787068309.638132000 -1.000000   2.22045e-16 0.0299999 2.57732e-17   5.12991e-10 9.48721e-19 0.0001   7.2e-05
HR_6 1787068309.648132000 0.814817   -0.717376 0.249697 0.0135541   -0.0808724 1.64631 0.0001   8e-05
QR_4 1787068309.648132000 -1.000000   2.22045e-16 0.0299999 2.57732e-17   5.12991e-10 9.48721e-19 0.0001   8e-05
HR_6 1787068309.658132000 0.814797   -0.717723 0.249717 0.0135309   -0.0808615 1.64713 0.0001   4.5e-05
QR_4 1787068309.658132000 -1.000000   2.22045e-16 0.0299999 2.57732e-17   5.12991e-10 9.48721e-19 0.0001   4.5e-05
HR_6 1787068309.668132000 0.814797   -0.718421 0.249684 0.0134517   -0.0808656 1.64835 0.0001   3.7e-05
QR_4 1787068309.668132000 -1.000000   2.22045e-16 0.0299999 2.57732e-17   5.12991e-10 9.48721e-19 0.0001   3.7e-05
HR_6 1787068309.678132000 0.814823   -0.719033 0.249629 0.012749   -0.0806964 1.64956 0.0001   0.002132
QR_4 1787068309.678132000 -1.000000   2.22045e-16 0.0299999 2.57732e-17   5.12991e-10 9.48721e-19 0.0001   0.002132
HR_6 1787068309.688132000 0.814853   -0.719717 0.249485 0.012789   -0.0799849 1.65019 0.0001   3.7e-05
QR_4 1787068309.688132000 -1.000000   2.22045e-16 0.0299999 2.57732e-17   5.12991e-10 9.48721e-19 0.0001   3.7e-05
HR_6 1787068309.698132000 0.814808   -0.720326 0.249431 0.012452   -0.0799909 1.65061 0.0001   3.5e-05
QR_4 1787068309.698132000 -1.000000   2.22045e-16 0.0299999 2.57732e-17   5.12991e-10 9.48721e-19 0.0001   3.5e-05
HR_6 1787068309.708132000 0.814796   -0.72081 0.249356 0.0119224   -0.0799722 1.65119 0.0001   5.1e-05
QR_4 1787068309.708132000 -1.000000   2.22045e-16 0.0299999 2.57732e-17   5.12991e-10 9.48721e-19 0.0001   5.1e-05
HR_6 1787068309.718133000 0.814766   -0.721395 0.249243 0.0114802   -0.0794322 1.65193 0.0001   7e-05
QR_4 1787068309.718133000 -1.000000   2.22045e-16 0.0299999 2.57732e-17   5.12991e-10 9.48721e-19 0.0001   7e-05
HR_6 1787068309.728133000 0.814752   -0.721824 0.249089 0.0111074   -0.0789382 1.6523 0.0001   3.7e-05
QR_4 1787068309.728133000 -1.000000   2.22045e-16 0.0299999 2.57732e-17   5.12991e-10 9.48721e-19 0.0001   3.7e-05
HR_6 1787068309.738133000 0.814712   -0.722334 0.249126 0.0107158   -0.0800154 1.65297 0.0001   7.1e-05
QR_4 1787068309.738133000 -1.000000   2.22045e-16 0.0299999 2.57732e-17   5.12991e-10 9.48721e-19 0.0001   7.1e-05
HR_6 1787068309.748133000 0.814695   -0.722919 0.24927 0.0106762   -0.0813538 1.65397 0.0001   6.9e-05
QR_4 1787068309.748133000 -1.000000   2.22045e-16 0.0299999 2.57732e-17   5.12991e-10 9.48721e-19 0.0001   6.9e-05
HR_6 1787068309.758133000 0.814675   -0.723258 0.249336 0.0104518   -0.0818999 1.65432 0.0001   3.4e-05
QR_4 1787068309.758133000 -1.000000   2.22045e-16 0.0299999 2.57732e-17   5.12991e-10 9.48721e-19 0.0001   3.4e-05
HR_6 1787068309.768133000 0.814688   -0.723987 0.249373 0.0110567   -0.0820154 1.65396 0.0001   4.6e-05
QR_4 1787068309.768133000 -1.000000   2.22045e-16 0.0299999 2.57732e-17   5.12991e-10 9.48721e-19 0.0001   4.6e-05
HR_6 1787068309.778133000 0.814692   -0.724636 0.249329 0.0107981   -0.0814196 1.65404 0.0001   0.002221
QR_4 1787068309.778133000 -1.000000   2.22045e-16 0.0299999 2.57732e-17   5.12991e-10 9.48721e-19 0.0001   0.002221
HR_6 1787068309.788133000 0.814703   -0.725201 0.249197 0.0104967   -0.0806917 1.6541 0.0001   3.1e-05
QR_4 1787068309.788133000 -1.000000   2.22045e-16 0.0299999 2.57732e-17   5.12991e-10 9.48721e-19 0.0001   3.1e-05
HR_6 1787068309.798133000 0.814720   -0.725747 0.249083 0.0102525   -0.0801549 1.6533 0.0001   6.7e-05
QR_4 1787068309.798133000 -1.000000   2.22045e-16 0.0299999 2.57732e-17   5.12991e-10 9.48721e-19 0.0001   6.7e-05
HR_6 1787068309.808133000 0.814683   -0.726303 0.248991 0.0102489   -0.0789957 1.65373 0.0001   0.000188
QR_4 1787068309.808133000 -1.000000   2.22045e-16 0.0299999 2.57732e-17   5.12991e-10 9.48721e-19 0.0001   0.000188
HR_6 1787068309.818134000 0.814650   -0.72701 0.248886 0.0108019   -0.0768808 1.65529 0.0001   5.2e-05
QR_4 1787068309.818134000 -1.000000   2.22045e-16 0.0299999 2.57732e-17   5.12991e-10 9.48721e-19 0.0001   5.2e-05
HR_6 1787068309.828134000 0.814588   -0.727669 0.248832 0.0106989   -0.0758828 1.65651 0.0001   4.8e-05
QR_4 1787068309.828134000 -1.000000   2.22045e-16 0.0299999 2.57732e-17   5.12991e-10 9.48721e-19 0.0001   4.8e-05
HR_6 1787068309.838134000 0.814556   -0.728076 0.248762 0.0105698   -0.0753883 1.65696 0.0001   5.6e-05
QR_4 1787068309.838134000 -1.000000   2.22045e-16 0.0299999 2.57732e-17   5.12991e-10 9.48721e-19 0.0001   5.6e-05
HR_6 1787068309.848134000 0.814480   -0.728793 0.248679 0.0104467   -0.0749626 1.65836 0.0001   8.3e-05
QR_4 1787068309.848134000 -1.000000   2.22045e-16 0.0299999 2.57732e-17   5.12991e-10 9.48721e-19 0.0001   8.3e-05
HR_6 1787068309.858134000 0.814383   -0.729334 0.248684 0.0101585   -0.0756076 1.65905 0.0001   2.7e-05
QR_4 1787068309.858134000 -1.000000   2.22045e-16 0.0299999 2.57732e-17   5.12991e-10 9.48721e-19 0.0001   2.7e-05
HR_6 1787068309.868134000 0.814232   -0.730141 0.248707 0.00922847   -0.0774192 1.65983 0.0001   5.3e-05
QR_4 1787068309.868134000 -1.000000   2.22045e-16 0.0299999 2.57732e-17   5.12991e-10 9.48721e-19 0.0001   5.3e-05
HR_6 1787068309.878134000 0.814123   -0.730829 0.248734 0.00927592   -0.0786292 1.66036 0.0001   4.1e-05
QR_4 1787068309.878134000 -1.000000   2.22045e-16 0.0299999 2.57732e-17   5.12991e-10 9.48721e-19 0.0001   4.1e-05
HR_6 1787068309.888134000 0.814092   -0.73123 0.248822 0.00915324   -0.0799255 1.66081 0.0001   0.000498
QR_4 1787068309.888134000 -1.000000   2.22045e-16 0.0299999 2.57732e-17   5.12991e-10 9.48721e-19 0.0001   0.000498
HR_6 1787068309.898134000 0.814035   -0.731938 0.248921 0.00861366   -0.080965 1.66159 0.0001   4.7e-05
QR_4 1787068309.898134000 -1.000000   2.22045e-16 0.0299999 2.57732e-17   5.12991e-10 9.48721e-19 0.0001   4.7e-05
HR_6 1787068309.908134000 0.813966   -0.732808 0.248909 0.00719644   -0.0810691 1.66223 0.0001   0.001244
QR_4 1787068309.908134000 -1.000000   2.22045e-16 0.0299999 2.57732e-17   5.12991e-10 9.48721e-19 0.0001   0.001244
HR_6 1787068309.918135000 0.813922   -0.733447 0.248741 0.00476067   -0.0800751 1.6624 0.0001   3.2e-05
QR_4 1787068309.918135000 -1.000000   2.22045e-16 0.0299999 2.57732e-17   5.12991e-10 9.48721e-19 0.0001   3.2e-05
HR_6 1787068309.928135000 0.813843   -0.73432 0.248264 -0.00226902   -0.0776476 1.66193 0.0001   8e-05
QR_4 1787068309.928135000 -1.000000   2.22045e-16 0.0299999 2.57732e-17   5.12991e-10 9.48721e-19 0.0001   8e-05
HR_6 1787068309.938135000 0.813730   -0.73486 0.248083 -0.00725969   -0.0758179 1.65958 0.0001   7.3e-05
QR_4 1787068309.938135000 -1.000000   2.22045e-16 0.0299999 2.57732e-17   5.12991e-10 9.48721e-19 0.0001   7.3e-05
HR_6 1787068309.948135000 0.813641   -0.735247 0.248301 -0.00977748   -0.0732197 1.6538 0.0001   4.3e-05
QR_4 1787068309.948135000 -1.000000   2.22045e-16 0.0299999 2.57732e-17   5.12991e-10 9.48721e-19 0.0001   4.3e-05
HR_6 1787068309.958135000 0.813587   -0.735506 0.248444 -0.0120806   -0.0702114 1.6481 0.0001   2.3e-05
QR_4 1787068309.958135000 -1.000000   2.22045e-16 0.0299999 2.57732e-17   5.12991e-10 9.48721e-19 0.0001   2.3e-05
HR_6 1787068309.968135000 0.813588   -0.735737 0.24854 -0.0150228   -0.0654176 1.63994 0.0001   4.3e-05
QR_4 1787068309.968135000 -1.000000   2.22045e-16 0.0299999 2.57732e-17   5.12991e-10 9.48721e-19 0.0001   4.3e-05
HR_6 1787068309.978135000 0.813547   -0.735943 0.248654 -0.019518   -0.0578973 1.62798 0.0001   0.001213
QR_4 1787068309.978135000 -1.000000   2.22045e-16 0.0299999 2.57732e-17   5.12991e-10 9.48721e-19 0.0001   0.001213
HR_6 1787068309.988135000 0.813420   -0.736049 0.248785 -0.0239205   -0.0509257 1.61733 0.0001   2.7e-05
QR_4 1787068309.988135000 -1.000000   2.22045e-16 0.0299999 2.57732e-17   5.12991e-10 9.48721e-19 0.0001   2.7e-05
HR_6 1787068309.998135000 0.813275   -0.736187 0.248939 -0.0285674   -0.043931 1.60637 0.0001   0.000112
QR_4 1787068309.998135000 -1.000000   2.22045e-16 0.0299999 2.57732e-17   5.12991e-10 9.48721e-19 0.0001   0.000112
HR_6 1787068310.008135000 0.813154   -0.736281 0.249058 -0.0315126   -0.0398107 1.5998 0.0001   6.3e-05
QR_4 1787068310.008135000 -1.000000   2.22045e-16 0.0299999 2.57732e-17   5.12991e-10 9.48721e-19 0.0001   6.3e-05
HR_6 1787068310.018136000 0.812906   -0.736521 0.249315 -0.0365462   -0.0334964 1.58907 0.0001   4.4e-05
QR_4 1787068310.018136000 -1.000000   2.22045e-16 0.0299999 2.57732e-17   5.12991e-10 9.48721e-19 0.0001   4.4e-05
HR_6 1787068310.028136000 0.812592   -0.736875 0.249662 -0.0426928   -0.0263336 1.57627 0.0001   0.002405
QR_4 1787068310.028136000 -1.000000   2.22045e-16 0.0299999 2.57732e-17   5.12991e-10 9.48721e-19 0.0001   0.002405
HR_6 1787068310.038136000 0.812476   -0.737007 0.24979 -0.0447689   -0.0240797 1.57208 0.0001   4e-05
QR_4 1787068310.038136000 -1.000000   2.22045e-16 0.0299999 2.57732e-17   5.12991e-10 9.48721e-19 0.0001   4e-05
HR_6 1787068310.048136000 0.812145   -0.737361 0.250145 -0.0501041   -0.0186438 1.56167 0.0001   5.1e-05
QR_4 1787068310.048136000 -1.000000   2.22045e-16 0.0299999 2.57732e-17   5.12991e-10 9.48721e-19 0.0001   5.1e-05
HR_6 1787068310.058136000 0.811868   -0.737668 0.250444 -0.0544138   -0.0144841 1.55339 0.0001   6e-05
QR_4 1787068310.058136000 -1.000000   2.22045e-16 0.0299999 2.57732e-17   5.12991e-10 9.48721e-19 0.0001   6e-05
HR_6 1787068310.068136000 0.811510   -0.738072 0.250832 -0.059729   -0.0096553 1.54336 0.0001   2.9e-05
QR_4 1787068310.068136000 -1.000000   2.22045e-16 0.0299999 2.57732e-17   5.12991e-10 9.48721e-19 0.0001   2.9e-05
HR_6 1787068310.078136000 0.811161   -0.738491 0.25121 -0.065061   -0.00481817 1.53311 0.0001   3e-05
QR_4 1787068310.078136000 -1.000000   2.22045e-16 0.0299999 2.57732e-17   5.12991e-10 9.48721e-19 0.0001   3e-05
HR_6 1787068310.088136000 0.810806   -0.738934 0.251607 -0.0705191   -7.78706e-05 1.5227 0.0001   0.002137
QR_4 1787068310.088136000 -1.000000   2.22045e-16 0.0299999 2.57732e-17   5.12991e-10 9.48721e-19 0.0001   0.002137
HR_6 1787068310.098136000 0.810570   -0.73919 0.251855 -0.0738634   0.00271691 1.51653 0.0001   0.000199
QR_4 1787068310.098136000 -1.000000   2.22045e-16 0.0299999 2.57732e-17   5.12991e-10 9.48721e-19 0.0001   0.000199
HR_6 1787068310.108136000 0.810138   -0.739606 0.252267 -0.0794791   0.00735452 1.50623 0.0001   5.4e-05
QR_4 1787068310.108136000 -1.000000   2.22045e-16 0.0299999 2.57732e-17   5.12991e-10 9.48721e-19 0.0001   5.4e-05
HR_6 1787068310.118137000 0.809718   -0.739987 0.252677 -0.0852134   0.0120783 1.49585 0.0001   5.2e-05
QR_4 1787068310.118137000 -1.000000   2.22045e-16 0.0299999 2.57732e-17   5.12991e-10 9.48721e-19 0.0001   5.2e-05
HR_6 1787068310.128137000 0.809319   -0.740328 0.253057 -0.0906307   0.0164999 1.48609 0.0001   0.003488
QR_4 1787068310.128137000 -1.000000   2.22045e-16 0.0299999 2.57732e-17   5.12991e-10 9.48721e-19 0.0001   0.003488
HR_6 1787068310.138137000 0.809006   -0.740545 0.253337 -0.0950393   0.0203042 1.47811 0.0001   3.2e-05
QR_4 1787068310.138137000 -1.000000   2.22045e-16 0.0299999 2.57732e-17   5.12991e-10 9.48721e-19 0.0001   3.2e-05
HR_6 1787068310.148137000 0.808608   -0.740751 0.253666 -0.100204   0.0246554 1.46912 0.0001   4.8e-05
QR_4 1787068310.148137000 -1.000000   2.22045e-16 0.0299999 2.57732e-17   5.12991e-10 9.48721e-19 0.0001   4.8e-05
HR_6 1787068310.158137000 0.808305   -0.740926 0.253918 -0.104478   0.0283661 1.46139 0.0001   0.00417
QR_4 1787068310.158137000 -1.000000   2.22045e-16 0.0299999 2.57732e-17   5.12991e-10 9.48721e-19 0.0001   0.00417
HR_6 1787068310.168137000 0.807972   -0.741158 0.254208 -0.109393   0.0325526 1.45235 0.0001   3.4e-05
QR_4 1787068310.168137000 -1.000000   2.22045e-16 0.0299999 2.57732e-17   5.12991e-10 9.48721e-19 0.0001   3.4e-05
HR_6 1787068310.178137000 0.807666   -0.741349 0.25447 -0.114121   0.0366482 1.44364 0.0001   3.2e-05
QR_4 1787068310.178137000 -1.000000   2.22045e-16 0.0299999 2.57732e-17   5.12991e-10 9.48721e-19 0.0001   3.2e-05
HR_6 1787068310.188137000 0.807343   -0.741525 0.254737 -0.118828   0.0405918 1.43518 0.0001   0.003203
QR_4 1787068310.188137000 -1.000000   2.22045e-16 0.0299999 2.57732e-17   5.12991e-10 9.48721e-19 0.0001   0.003203
HR_6 1787068310.198137000 0.807141   -0.741606 0.254873 -0.12148   0.0429114 1.43033 0.0001   4.2e-05
QR_4 1787068310.198137000 -1.000000   2.22045e-16 0.0299999 2.57732e-17   5.12991e-10 9.48721e-19 0.0001   4.2e-05
HR_6 1787068310.208137000 0.806758   -0.741715 0.255149 -0.126887   0.0475676 1.42082 0.0001   0.002237
QR_4 1787068310.208137000 -1.000000   2.22045e-16 0.0299999 2.57732e-17   5.12991e-10 9.48721e-19 0.0001   0.002237
HR_6 1787068310.218138000 0.806579   -0.741765 0.255279 -0.129611   0.0499503 1.41596 0.0001   0.000268
QR_4 1787068310.218138000 -1.000000   2.22045e-16 0.0299999 2.57732e-17   5.12991e-10 9.48721e-19 0.0001   0.000268
HR_6 1787068310.228138000 0.806274   -0.741798 0.255477 -0.134229   0.0541276 1.40788 0.0001   0.00022
QR_4 1787068310.228138000 -1.000000   2.22045e-16 0.0299999 2.57732e-17   5.12991e-10 9.48721e-19 0.0001   0.00022
HR_6 1787068310.238138000 0.805965   -0.741798 0.255666 -0.138872   0.0583355 1.39974 0.0001   7.8e-05
QR_4 1787068310.238138000 -1.000000   2.22045e-16 0.0299999 2.57732e-17   5.12991e-10 9.48721e-19 0.0001   7.8e-05
HR_6 1787068310.248138000 0.805717   -0.741812 0.255827 -0.142774   0.0617904 1.39288 0.0001   4.5e-05
QR_4 1787068310.248138000 -1.000000   2.22045e-16 0.0299999 2.57732e-17   5.12991e-10 9.48721e-19 0.0001   4.5e-05
HR_6 1787068310.258138000 0.805312   -0.741798 0.256076 -0.148533   0.0666809 1.38319 0.0001   3.3e-05
QR_4 1787068310.258138000 -1.000000   2.22045e-16 0.0299999 2.57732e-17   5.12991e-10 9.48721e-19 0.0001   3.3e-05
HR_6 1787068310.268138000 0.805030   -0.741794 0.256233 -0.152369   0.0699526 1.37659 0.0001   5.7e-05
QR_4 1787068310.268138000 -1.000000   2.22045e-16 0.0299999 2.57732e-17   5.12991e-10 9.48721e-19 0.0001   5.7e-05
HR_6 1787068310.278138000 0.804745   -0.741778 0.256373 -0.155978   0.0730426 1.3704 0.0001   3.1e-05
QR_4 1787068310.278138000 -1.000000   2.22045e-16 0.0299999 2.57732e-17   5.12991e-10 9.48721e-19 0.0001   3.1e-05
HR_6 1787068310.288138000 0.804398   -0.741742 0.256574 -0.160691   0.0768673 1.36268 0.0001   7.7e-05
QR_4 1787068310.288138000 -1.000000   2.22045e-16 0.0299999 2.57732e-17   5.12991e-10 9.48721e-19 0.0001   7.7e-05
HR_6 1787068310.298138000 0.804125   -0.741714 0.256733 -0.164403   0.0798133 1.35667 0.0001   0.000598
QR_4 1787068310.298138000 -1.000000   2.22045e-16 0.0299999 2.57732e-17   5.12991e-10 9.48721e-19 0.0001   0.000598
HR_6 1787068310.308138000 0.803808   -0.741648 0.256903 -0.168889   0.0834958 1.34933 0.0001   0.002171
QR_4 1787068310.308138000 -1.000000   2.22045e-16 0.0299999 2.57732e-17   5.12991e-10 9.48721e-19 0.0001   0.002171
HR_6 1787068310.318139000 0.803624   -0.741609 0.257004 -0.17152   0.0856149 1.34505 0.0001   3.4e-05
QR_4 1787068310.318139000 -1.000000   2.22045e-16 0.0299999 2.57732e-17   5.12991e-10 9.48721e-19 0.0001   3.4e-05
HR_6 1787068310.328139000 0.803278   -0.741494 0.25717 -0.176482   0.0897583 1.33694 0.0001   5.2e-05
QR_4 1787068310.328139000 -1.000000   2.22045e-16 0.0299999 2.57732e-17   5.12991e-10 9.48721e-19 0.0001   5.2e-05
HR_6 1787068310.338139000 0.803071   -0.741422 0.257273 -0.179705   0.0924358 1.33163 0.0001   0.001937
QR_4 1787068310.338139000 -1.000000   2.22045e-16 0.0299999 2.57732e-17   5.12991e-10 9.48721e-19 0.0001   0.001937
HR_6 1787068310.348139000 0.802931   -0.741393 0.25735 -0.182013   0.0943105 1.32774 0.0001   8.3e-05
QR_4 1787068310.348139000 -1.000000   2.22045e-16 0.0299999 2.57732e-17   5.12991e-10 9.48721e-19 0.0001   8.3e-05
HR_6 1787068310.358139000 0.802646   -0.741296 0.257488 -0.18581   0.0972627 1.32181 0.0001   7.2e-05
QR_4 1787068310.358139000 -1.000000   2.22045e-16 0.0299999 2.57732e-17   5.12991e-10 9.48721e-19 0.0001   7.2e-05
HR_6 1787068310.368139000 0.802378   -0.741242 0.257621 -0.18956   0.100154 1.31567 0.0001   4.1e-05
QR_4 1787068310.368139000 -1.000000   2.22045e-16 0.0299999 2.57732e-17   5.12991e-10 9.48721e-19 0.0001   4.1e-05
HR_6 1787068310.378139000 0.802096   -0.741191 0.25774 -0.193428   0.103243 1.3092 0.0001   6e-05
QR_4 1787068310.378139000 -1.000000   2.22045e-16 0.0299999 2.57732e-17   5.12991e-10 9.48721e-19 0.0001   6e-05
HR_6 1787068310.388139000 0.801793   -0.741095 0.257875 -0.197462   0.106319 1.30279 0.0001   0.003124
QR_4 1787068310.388139000 -1.000000   2.22045e-16 0.0299999 2.57732e-17   5.12991e-10 9.48721e-19 0.0001   0.003124
HR_6 1787068310.398139000 0.801553   -0.740995 0.257988 -0.200804   0.10882 1.29764 0.0001   5.7e-05
QR_4 1787068310.398139000 -1.000000   2.22045e-16 0.0299999 2.57732e-17   5.12991e-10 9.48721e-19 0.0001   5.7e-05
HR_6 1787068310.408139000 0.801172   -0.740816 0.258136 -0.205681   0.11254 1.29017 0.0001   0.002248
QR_4 1787068310.408139000 -1.000000   2.22045e-16 0.0299999 2.57732e-17   5.12991e-10 9.48721e-19 0.0001   0.002248
HR_6 1787068310.418140000 0.800995   -0.740696 0.258199 -0.208126   0.114467 1.2865 0.0001   5.6e-05
QR_4 1787068310.418140000 -1.000000   2.22045e-16 0.0299999 2.57732e-17   5.12991e-10 9.48721e-19 0.0001   5.6e-05
HR_6 1787068310.428140000 0.800724   -0.740423 0.258269 -0.21233   0.118034 1.28015 0.0001   5.5e-05
QR_4 1787068310.428140000 -1.000000   2.22045e-16 0.0299999 2.57732e-17   5.12991e-10 9.48721e-19 0.0001   5.5e-05
HR_6 1787068310.438140000 0.800474   -0.740103 0.258312 -0.216349   0.121574 1.2742 0.0001   5.6e-05
QR_4 1787068310.438140000 -1.000000   2.22045e-16 0.0299999 2.57732e-17   5.12991e-10 9.48721e-19 0.0001   5.6e-05
HR_6 1787068310.448140000 0.800262   -0.739852 0.258357 -0.219619   0.124343 1.26945 0.0001   9.1e-05
QR_4 1787068310.448140000 -1.000000   2.22045e-16 0.0299999 2.57732e-17   5.12991e-10 9.48721e-19 0.0001   9.1e-05
HR_6 1787068310.458140000 0.800027   -0.739553 0.258415 -0.222504   0.126611 1.2656 0.0001   0.001399
QR_4 1787068310.458140000 -1.000000   2.22045e-16 0.0299999 2.57732e-17   5.12991e-10 9.48721e-19 0.0001   0.001399
HR_6 1787068310.468140000 0.799715   -0.739349 0.258548 -0.225174   0.128073 1.26265 0.0001   0.001403
QR_4 1787068310.468140000 -1.000000   2.22045e-16 0.0299999 2.57732e-17   5.12991e-10 9.48721e-19 0.0001   0.001403
HR_6 1787068310.478140000 0.799205   -0.739027 0.258729 -0.22867   0.129914 1.25946 0.0001   0.0003
QR_4 1787068310.478140000 -1.000000   2.22045e-16 0.0299999 2.57732e-17   5.12991e-10 9.48721e-19 0.0001   0.0003
HR_6 1787068310.488140000 0.798836   -0.73878 0.258844 -0.231135   0.131295 1.25728 0.0001   0.000127
QR_4 1787068310.488140000 -1.000000   2.22045e-16 0.0299999 2.57732e-17   5.12991e-10 9.48721e-19 0.0001   0.000127
HR_6 1787068310.498140000 0.798473   -0.738519 0.258973 -0.233836   0.132764 1.25489 0.0001   6.7e-05
QR_4 1787068310.498140000 -1.000000   2.22045e-16 0.0299999 2.57732e-17   5.12991e-10 9.48721e-19 0.0001   6.7e-05
HR_6 1787068310.508140000 0.797963   -0.738121 0.259107 -0.23691   0.134512 1.25206 0.0001   0.001998
QR_4 1787068310.508140000 -1.000000   2.22045e-16 0.0299999 2.57732e-17   5.12991e-10 9.48721e-19 0.0001   0.001998
HR_6 1787068310.518141000 0.797652   -0.737882 0.259205 -0.238806   0.135455 1.25086 0.0001   5.5e-05
QR_4 1787068310.518141000 -1.000000   2.22045e-16 0.0299999 2.57732e-17   5.12991e-10 9.48721e-19 0.0001   5.5e-05
HR_6 1787068310.528141000 0.797139   -0.737399 0.259324 -0.241749   0.137168 1.2493 0.0001   4.1e-05
QR_4 1787068310.528141000 -1.000000   2.22045e-16 0.0299999 2.57732e-17   5.12991e-10 9.48721e-19 0.0001   4.1e-05
HR_6 1787068310.538141000 0.796618   -0.736906 0.25946 -0.24497   0.138962 1.24747 0.0001   2.8e-05
QR_4 1787068310.538141000 -1.000000   2.22045e-16 0.0299999 2.57732e-17   5.12991e-10 9.48721e-19 0.0001   2.8e-05
HR_6 1787068310.548141000 0.796177   -0.73648 0.259564 -0.247333   0.140232 1.24662 0.0001   9.1e-05
QR_4 1787068310.548141000 -1.000000   2.22045e-16 0.0299999 2.57732e-17   5.12991e-10 9.48721e-19 0.0001   9.1e-05
HR_6 1787068310.558141000 0.795605   -0.735921 0.259688 -0.250399   0.141941 1.24549 0.0001   7.7e-05
QR_4 1787068310.558141000 -1.000000   2.22045e-16 0.0299999 2.57732e-17   5.12991e-10 9.48721e-19 0.0001   7.7e-05
HR_6 1787068310.568141000 0.795131   -0.735444 0.259794 -0.252971   0.143348 1.24448 0.0001   6.8e-05
QR_4 1787068310.568141000 -1.000000   2.22045e-16 0.0299999 2.57732e-17   5.12991e-10 9.48721e-19 0.0001   6.8e-05
HR_6 1787068310.578141000 0.794537   -0.734812 0.259916 -0.255988   0.144987 1.24392 0.0001   5.5e-05
QR_4 1787068310.578141000 -1.000000   2.22045e-16 0.0299999 2.57732e-17   5.12991e-10 9.48721e-19 0.0001   5.5e-05
HR_6 1787068310.588141000 0.794012   -0.734263 0.260019 -0.258533   0.146356 1.24351 0.0001   4.9e-05
QR_4 1787068310.588141000 -1.000000   2.22045e-16 0.0299999 2.57732e-17   5.12991e-10 9.48721e-19 0.0001   4.9e-05
HR_6 1787068310.598141000 0.793483   -0.73372 0.260114 -0.26131   0.147956 1.24257 0.0001   8.5e-05
QR_4 1787068310.598141000 -1.000000   2.22045e-16 0.0299999 2.57732e-17   5.12991e-10 9.48721e-19 0.0001   8.5e-05
HR_6 1787068310.608141000 0.792815   -0.733013 0.260247 -0.264685   0.149749 1.24189 0.0001   0.002269
QR_4 1787068310.608141000 -1.000000   2.22045e-16 0.0299999 2.57732e-17   5.12991e-10 9.48721e-19 0.0001   0.002269
HR_6 1787068310.618142000 0.792406   -0.732563 0.260322 -0.266741   0.150865 1.24161 0.0001   8.2e-05
QR_4 1787068310.618142000 -1.000000   2.22045e-16 0.0299999 2.57732e-17   5.12991e-10 9.48721e-19 0.0001   8.2e-05
HR_6 1787068310.628142000 0.791675   -0.731782 0.260446 -0.27019   0.152738 1.24112 0.0001   2e-05
QR_4 1787068310.628142000 -1.000000   2.22045e-16 0.0299999 2.57732e-17   5.12991e-10 9.48721e-19 0.0001   2e-05
HR_6 1787068310.638142000 0.790969   -0.731035 0.260577 -0.273954   0.154779 1.23996 0.0001   0.000428
QR_4 1787068310.638142000 -1.000000   2.22045e-16 0.0299999 2.57732e-17   5.12991e-10 9.48721e-19 0.0001   0.000428
HR_6 1787068310.648142000 0.790536   -0.730562 0.260652 -0.276167   0.155977 1.23955 0.0001   0.001613
QR_4 1787068310.648142000 -1.000000   2.22045e-16 0.0299999 2.57732e-17   5.12991e-10 9.48721e-19 0.0001   0.001613
HR_6 1787068310.658142000 0.789763   -0.729756 0.260771 -0.279773   0.15793 1.23895 0.0001   3.5e-05
QR_4 1787068310.658142000 -1.000000   2.22045e-16 0.0299999 2.57732e-17   5.12991e-10 9.48721e-19 0.0001   3.5e-05
HR_6 1787068310.668142000 0.789318   -0.729274 0.260839 -0.281902   0.15908 1.2385 0.0001   0.00033
QR_4 1787068310.668142000 -1.000000   2.22045e-16 0.0299999 2.57732e-17   5.12991e-10 9.48721e-19 0.0001   0.00033
HR_6 1787068310.678142000 0.788449   -0.728356 0.260969 -0.286039   0.16131 1.23687 0.0001   3.3e-05
QR_4 1787068310.678142000 -1.000000   2.22045e-16 0.0299999 2.57732e-17   5.12991e-10 9.48721e-19 0.0001   3.3e-05
HR_6 1787068310.688142000 0.787856   -0.727725 0.261057 -0.289006   0.162913 1.23616 0.0001   0.000172
QR_4 1787068310.688142000 -1.000000   2.22045e-16 0.0299999 2.57732e-17   5.12991e-10 9.48721e-19 0.0001   0.000172
HR_6 1787068310.698142000 0.787133   -0.72693 0.261167 -0.292766   0.164932 1.23536 0.0001   0.000193
QR_4 1787068310.698142000 -1.000000   2.22045e-16 0.0299999 2.57732e-17   5.12991e-10 9.48721e-19 0.0001   0.000193
HR_6 1787068310.708142000 0.786397   -0.726122 0.261266 -0.296206   0.166767 1.23469 0.0001   4.9e-05
QR_4 1787068310.708142000 -1.000000   2.22045e-16 0.0299999 2.57732e-17   5.12991e-10 9.48721e-19 0.0001   4.9e-05
HR_6 1787068310.718143000 0.785830   -0.725498 0.26133 -0.299248   0.168354 1.23359 0.0001   3e-05
QR_4 1787068310.718143000 -1.000000   2.22045e-16 0.0299999 2.57732e-17   5.12991e-10 9.48721e-19 0.0001   3e-05
HR_6 1787068310.728143000 0.785244   -0.724843 0.26141 -0.302274   0.169975 1.23298 0.0001   2.8e-05
QR_4 1787068310.728143000 -1.000000   2.22045e-16 0.0299999 2.57732e-17   5.12991e-10 9.48721e-19 0.0001   2.8e-05
HR_6 1787068310.738143000 0.784490   -0.724035 0.261508 -0.305979   0.171927 1.2321 0.0001   0.001438
QR_4 1787068310.738143000 -1.000000   2.22045e-16 0.0299999 2.57732e-17   5.12991e-10 9.48721e-19 0.0001   0.001438
HR_6 1787068310.748143000 0.784027   -0.723534 0.261563 -0.308227   0.173129 1.23156 0.0001   0.000691
QR_4 1787068310.748143000 -1.000000   2.22045e-16 0.0299999 2.57732e-17   5.12991e-10 9.48721e-19 0.0001   0.000691
HR_6 1787068310.758143000 0.783279   -0.72273 0.261653 -0.311932   0.175091 1.23083 0.0001   1.3e-05
QR_4 1787068310.758143000 -1.000000   2.22045e-16 0.0299999 2.57732e-17   5.12991e-10 9.48721e-19 0.0001   1.3e-05
HR_6 1787068310.768143000 0.782532   -0.72193 0.261725 -0.315357   0.176954 1.23007 0.0001   0.000101
QR_4 1787068310.768143000 -1.000000   2.22045e-16 0.0299999 2.57732e-17   5.12991e-10 9.48721e-19 0.0001   0.000101
HR_6 1787068310.778143000 0.781788   -0.721133 0.261803 -0.318982   0.178875 1.22936 0.0001   2.1e-05
QR_4 1787068310.778143000 -1.000000   2.22045e-16 0.0299999 2.57732e-17   5.12991e-10 9.48721e-19 0.0001   2.1e-05
HR_6 1787068310.788143000 0.781230   -0.72053 0.261855 -0.32182   0.180452 1.22821 0.0001   8.8e-05
QR_4 1787068310.788143000 -1.000000   2.22045e-16 0.0299999 2.57732e-17   5.12991e-10 9.48721e-19 0.0001   8.8e-05
HR_6 1787068310.798143000 0.780525   -0.719775 0.261925 -0.325206   0.182221 1.22676 0.0001   0.000518
QR_4 1787068310.798143000 -1.000000   2.22045e-16 0.0299999 2.57732e-17   5.12991e-10 9.48721e-19 0.0001   0.000518
HR_6 1787068310.808143000 0.779857   -0.71904 0.261985 -0.328379   0.183888 1.22599 0.0001   8.8e-05
QR_4 1787068310.808143000 -1.000000   2.22045e-16 0.0299999 2.57732e-17   5.12991e-10 9.48721e-19 0.0001   8.8e-05
HR_6 1787068310.818144000 0.779194   -0.71831 0.262046 -0.331779   0.185674 1.22525 0.0001   5.4e-05
QR_4 1787068310.818144000 -1.000000   2.22045e-16 0.0299999 2.57732e-17   5.12991e-10 9.48721e-19 0.0001   5.4e-05
HR_6 1787068310.828144000 0.778535   -0.717589 0.262105 -0.335123   0.187413 1.22455 0.0001   0.000558
QR_4 1787068310.828144000 -1.000000   2.22045e-16 0.0299999 2.57732e-17   5.12991e-10 9.48721e-19 0.0001   0.000558
HR_6 1787068310.838144000 0.778144   -0.717155 0.262137 -0.337122   0.188464 1.22417 0.0001   7e-05
QR_4 1787068310.838144000 -1.000000   2.22045e-16 0.0299999 2.57732e-17   5.12991e-10 9.48721e-19 0.0001   7e-05
HR_6 1787068310.848144000 0.777489   -0.716438 0.262187 -0.340348   0.190151 1.22342 0.0001   5.9e-05
QR_4 1787068310.848144000 -1.000000   2.22045e-16 0.0299999 2.57732e-17   5.12991e-10 9.48721e-19 0.0001   5.9e-05
HR_6 1787068310.858144000 0.776800   -0.715677 0.262238 -0.343945   0.192035 1.22257 0.0001   0.001239
QR_4 1787068310.858144000 -1.000000   2.22045e-16 0.0299999 2.57732e-17   5.12991e-10 9.48721e-19 0.0001   0.001239
HR_6 1787068310.868144000 0.776217   -0.715038 0.262265 -0.346594   0.193497 1.22182 0.0001   7.1e-05
QR_4 1787068310.868144000 -1.000000   2.22045e-16 0.0299999 2.57732e-17   5.12991e-10 9.48721e-19 0.0001   7.1e-05
HR_6 1787068310.878144000 0.775652   -0.714415 0.262303 -0.34956   0.19504 1.22106 0.0001   5.2e-05
QR_4 1787068310.878144000 -1.000000   2.22045e-16 0.0299999 2.57732e-17   5.12991e-10 9.48721e-19 0.0001   5.2e-05
HR_6 1787068310.888144000 0.774920   -0.713604 0.262347 -0.353304   0.196981 1.22028 0.0001   2.7e-05
QR_4 1787068310.888144000 -1.000000   2.22045e-16 0.0299999 2.57732e-17   5.12991e-10 9.48721e-19 0.0001   2.7e-05
HR_6 1787068310.898144000 0.774310   -0.712926 0.262379 -0.356397   0.198587 1.21962 0.0001   0.001637
QR_4 1787068310.898144000 -1.000000   2.22045e-16 0.0299999 2.57732e-17   5.12991e-10 9.48721e-19 0.0001   0.001637
HR_6 1787068310.908144000 0.773858   -0.712424 0.262383 -0.358506   0.199488 1.21858 0.0001   5.9e-05
QR_4 1787068310.908144000 -1.000000   2.22045e-16 0.0299999 2.57732e-17   5.12991e-10 9.48721e-19 0.0001   5.9e-05
HR_6 1787068310.918145000 0.773126   -0.71161 0.262407 -0.362235   0.201491 1.2176 0.0001   8.8e-05
QR_4 1787068310.918145000 -1.000000   2.22045e-16 0.0299999 2.57732e-17   5.12991e-10 9.48721e-19 0.0001   8.8e-05
HR_6 1787068310.928145000 0.772276   -0.710664 0.262444 -0.366712   0.203805 1.21652 0.0001   0.000535
QR_4 1787068310.928145000 -1.000000   2.22045e-16 0.0299999 2.57732e-17   5.12991e-10 9.48721e-19 0.0001   0.000535
HR_6 1787068310.938145000 0.771707   -0.710022 0.262465 -0.369526   0.205262 1.21569 0.0001   5.8e-05
QR_4 1787068310.938145000 -1.000000   2.22045e-16 0.0299999 2.57732e-17   5.12991e-10 9.48721e-19 0.0001   5.8e-05
HR_6 1787068310.948145000 0.770983   -0.709219 0.262489 -0.373206   0.207142 1.21497 0.0001   3.7e-05
QR_4 1787068310.948145000 -1.000000   2.22045e-16 0.0299999 2.57732e-17   5.12991e-10 9.48721e-19 0.0001   3.7e-05
HR_6 1787068310.958145000 0.770276   -0.708422 0.262508 -0.376893   0.209041 1.21415 0.0001   4.1e-05
QR_4 1787068310.958145000 -1.000000   2.22045e-16 0.0299999 2.57732e-17   5.12991e-10 9.48721e-19 0.0001   4.1e-05
HR_6 1787068310.968145000 0.769590   -0.707636 0.262523 -0.38056   0.210933 1.2129 0.0001   0.000329
QR_4 1787068310.968145000 -1.000000   2.22045e-16 0.0299999 2.57732e-17   5.12991e-10 9.48721e-19 0.0001   0.000329
HR_6 1787068310.978145000 0.768857   -0.706818 0.262534 -0.384185   0.212786 1.21185 0.0001   4.9e-05
QR_4 1787068310.978145000 -1.000000   2.22045e-16 0.0299999 2.57732e-17   5.12991e-10 9.48721e-19 0.0001   4.9e-05
HR_6 1787068310.988145000 0.768144   -0.706015 0.262537 -0.387872   0.214691 1.21108 0.0001   4.1e-05
QR_4 1787068310.988145000 -1.000000   2.22045e-16 0.0299999 2.57732e-17   5.12991e-10 9.48721e-19 0.0001   4.1e-05
HR_6 1787068310.998145000 0.767710   -0.705527 0.262539 -0.389986   0.215769 1.21037 0.0001   8.5e-05
QR_4 1787068310.998145000 -1.000000   2.22045e-16 0.0299999 2.57732e-17   5.12991e-10 9.48721e-19 0.0001   8.5e-05
HR_6 1787068311.008145000 0.767013   -0.704734 0.262539 -0.393634   0.217626 1.20947 0.0001   3.5e-05
QR_4 1787068311.008145000 -1.000000   2.22045e-16 0.0299999 2.57732e-17   5.12991e-10 9.48721e-19 0.0001   3.5e-05
HR_6 1787068311.018146000 0.766451   -0.704107 0.262537 -0.396536   0.219099 1.20881 0.0001   3.7e-05
QR_4 1787068311.018146000 -1.000000   2.22045e-16 0.0299999 2.57732e-17   5.12991e-10 9.48721e-19 0.0001   3.7e-05
HR_6 1787068311.028146000 0.765759   -0.703329 0.262531 -0.400081   0.220892 1.20791 0.0001   2.5e-05
QR_4 1787068311.028146000 -1.000000   2.22045e-16 0.0299999 2.57732e-17   5.12991e-10 9.48721e-19 0.0001   2.5e-05
HR_6 1787068311.038146000 0.765066   -0.702541 0.262521 -0.403559   0.222651 1.20664 0.0001   2.5e-05
QR_4 1787068311.038146000 -1.000000   2.22045e-16 0.0299999 2.57732e-17   5.12991e-10 9.48721e-19 0.0001   2.5e-05
HR_6 1787068311.048146000 0.764490   -0.70189 0.262516 -0.406463   0.224082 1.20588 0.0001   0.003234
QR_4 1787068311.048146000 -1.000000   2.22045e-16 0.0299999 2.57732e-17   5.12991e-10 9.48721e-19 0.0001   0.003234
HR_6 1787068311.058146000 0.763918   -0.701255 0.2625 -0.409292   0.22553 1.20522 0.0001   1.6e-05
QR_4 1787068311.058146000 -1.000000   2.22045e-16 0.0299999 2.57732e-17   5.12991e-10 9.48721e-19 0.0001   1.6e-05
HR_6 1787068311.068146000 0.763222   -0.700466 0.26248 -0.41299   0.227389 1.20418 0.0001   5.3e-05
QR_4 1787068311.068146000 -1.000000   2.22045e-16 0.0299999 2.57732e-17   5.12991e-10 9.48721e-19 0.0001   5.3e-05
HR_6 1787068311.078146000 0.762490   -0.699633 0.262445 -0.416665   0.229301 1.20314 0.0001   3.2e-05
QR_4 1787068311.078146000 -1.000000   2.22045e-16 0.0299999 2.57732e-17   5.12991e-10 9.48721e-19 0.0001   3.2e-05
HR_6 1787068311.088146000 0.761902   -0.698974 0.262423 -0.419711   0.230822 1.2024 0.0001   4.5e-05
QR_4 1787068311.088146000 -1.000000   2.22045e-16 0.0299999 2.57732e-17   5.12991e-10 9.48721e-19 0.0001   4.5e-05
HR_6 1787068311.098146000 0.761547   -0.698609 0.262778 -0.420196   0.229199 1.20276 0.0001   4.4e-05
QR_4 1787068311.098146000 -1.000000   2.22045e-16 0.0299999 2.57732e-17   5.12991e-10 9.48721e-19 0.0001   4.4e-05
HR_6 1787068311.108146000 0.761425   -0.698487 0.263185 -0.418777   0.225579 1.20325 0.0001   3.8e-05
QR_4 1787068311.108146000 -1.000000   2.22045e-16 0.0299999 2.57732e-17   5.12991e-10 9.48721e-19 0.0001   3.8e-05
HR_6 1787068311.118147000 0.761377   -0.698453 0.263339 -0.418534   0.22448 1.20322 0.0001   4.4e-05
QR_4 1787068311.118147000 -1.000000   2.22045e-16 0.0299999 2.57732e-17   5.12991e-10 9.48721e-19 0.0001   4.4e-05
HR_6 1787068311.128147000 0.761200   -0.698307 0.263322 -0.418401   0.224531 1.20115 0.0001   1.1e-05
QR_4 1787068311.128147000 -1.000000   2.22045e-16 0.0299999 2.57732e-17   5.12991e-10 9.48721e-19 0.0001   1.1e-05
HR_6 1787068311.138147000 0.761139   -0.698124 0.263155 -0.419453   0.226079 1.19855 0.0001   0.001078
QR_4 1787068311.138147000 -1.000000   2.22045e-16 0.0299999 2.57732e-17   5.12991e-10 9.48721e-19 0.0001   0.001078
HR_6 1787068311.148147000 0.761139   -0.697905 0.262969 -0.420301   0.227657 1.19638 0.0001   3.3e-05
QR_4 1787068311.148147000 -1.000000   2.22045e-16 0.0299999 2.57732e-17   5.12991e-10 9.48721e-19 0.0001   3.3e-05
HR_6 1787068311.158147000 0.761170   -0.697544 0.26271 -0.421029   0.229776 1.19405 0.0001   4.6e-05
QR_4 1787068311.158147000 -1.000000   2.22045e-16 0.0299999 2.57732e-17   5.12991e-10 9.48721e-19 0.0001   4.6e-05
HR_6 1787068311.168147000 0.761381   -0.697629 0.262545 -0.419906   0.229982 1.19408 0.0001   6e-05
QR_4 1787068311.168147000 -1.000000   2.22045e-16 0.0299999 2.57732e-17   5.12991e-10 9.48721e-19 0.0001   6e-05
HR_6 1787068311.178147000 0.761654   -0.697806 0.262433 -0.419037   0.23031 1.19399 0.0001   4.2e-05
QR_4 1787068311.178147000 -1.000000   2.22045e-16 0.0299999 2.57732e-17   5.12991e-10 9.48721e-19 0.0001   4.2e-05
HR_6 1787068311.188147000 0.761822   -0.697964 0.262407 -0.41812   0.230074 1.194 0.0001   4.5e-05
QR_4 1787068311.188147000 -1.000000   2.22045e-16 0.0299999 2.57732e-17   5.12991e-10 9.48721e-19 0.0001   4.5e-05
HR_6 1787068311.198147000 0.761906   -0.698059 0.262411 -0.417756   0.229889 1.19396 0.0001   0.000634
QR_4 1787068311.198147000 -1.000000   2.22045e-16 0.0299999 2.57732e-17   5.12991e-10 9.48721e-19 0.0001   0.000634
HR_6 1787068311.208147000 0.761935   -0.698079 0.262414 -0.417741   0.229879 1.1936 0.0001   7e-05
QR_4 1787068311.208147000 -1.000000   2.22045e-16 0.0299999 2.57732e-17   5.12991e-10 9.48721e-19 0.0001   7e-05
HR_6 1787068311.218148000 0.761820   -0.69795 0.262413 -0.418293   0.230145 1.19339 0.0001   0.002195
QR_4 1787068311.218148000 -1.000000   2.22045e-16 0.0299999 2.57732e-17   5.12991e-10 9.48721e-19 0.0001   0.002195
HR_6 1787068311.228148000 0.761673   -0.697787 0.26241 -0.419087   0.230528 1.19317 0.0001   5.2e-05
QR_4 1787068311.228148000 -1.000000   2.22045e-16 0.0299999 2.57732e-17   5.12991e-10 9.48721e-19 0.0001   5.2e-05
HR_6 1787068311.238148000 0.761640   -0.697828 0.262451 -0.419215   0.230438 1.19309 0.0001   4.1e-05
QR_4 1787068311.238148000 -1.000000   2.22045e-16 0.0299999 2.57732e-17   5.12991e-10 9.48721e-19 0.0001   4.1e-05
HR_6 1787068311.248148000 0.761724   -0.698045 0.262437 -0.419039   0.230455 1.19279 0.0001   0.003518
QR_4 1787068311.248148000 -1.000000   2.22045e-16 0.0299999 2.57732e-17   5.12991e-10 9.48721e-19 0.0001   0.003518
HR_6 1787068311.258148000 0.761792   -0.69833 0.262445 -0.418652   0.230273 1.19225 0.0001   3.3e-05
QR_4 1787068311.258148000 -1.000000   2.22045e-16 0.0299999 2.57732e-17   5.12991e-10 9.48721e-19 0.0001   3.3e-05
HR_6 1787068311.268148000 0.761862   -0.698489 0.262448 -0.418047   0.229984 1.19207 0.0001   5.2e-05
QR_4 1787068311.268148000 -1.000000   2.22045e-16 0.0299999 2.57732e-17   5.12991e-10 9.48721e-19 0.0001   5.2e-05
HR_6 1787068311.278148000 0.761848   -0.698471 0.262449 -0.418137   0.230022 1.19154 0.0001   5.3e-05
QR_4 1787068311.278148000 -1.000000   2.22045e-16 0.0299999 2.57732e-17   5.12991e-10 9.48721e-19 0.0001   5.3e-05
HR_6 1787068311.288148000 0.761780   -0.698393 0.262446 -0.418516   0.230211 1.19142 0.0001   1.3e-05
QR_4 1787068311.288148000 -1.000000   2.22045e-16 0.0299999 2.57732e-17   5.12991e-10 9.48721e-19 0.0001   1.3e-05
HR_6 1787068311.298148000 0.761633   -0.698229 0.262449 -0.419248   0.230519 1.19121 0.0001   4.1e-05
QR_4 1787068311.298148000 -1.000000   2.22045e-16 0.0299999 2.57732e-17   5.12991e-10 9.48721e-19 0.0001   4.1e-05
HR_6 1787068311.308148000 0.761624   -0.698435 0.262495 -0.419451   0.230281 1.19071 0.0001   0.002318
QR_4 1787068311.308148000 -1.000000   2.22045e-16 0.0299999 2.57732e-17   5.12991e-10 9.48721e-19 0.0001   0.002318
HR_6 1787068311.318149000 0.761709   -0.698716 0.262489 -0.419376   0.230284 1.19018 0.0001   5.8e-05
QR_4 1787068311.318149000 -1.000000   2.22045e-16 0.0299999 2.57732e-17   5.12991e-10 9.48721e-19 0.0001   5.8e-05
HR_6 1787068311.328149000 0.762011   -0.699509 0.262492 -0.418977   0.230107 1.18861 0.0001   5.2e-05
QR_4 1787068311.328149000 -1.000000   2.22045e-16 0.0299999 2.57732e-17   5.12991e-10 9.48721e-19 0.0001   5.2e-05
HR_6 1787068311.338149000 0.762283   -0.69995 0.262534 -0.418668   0.229699 1.18618 0.0001   3.3e-05
QR_4 1787068311.338149000 -1.000000   2.22045e-16 0.0299999 2.57732e-17   5.12991e-10 9.48721e-19 0.0001   3.3e-05
HR_6 1787068311.348149000 0.762541   -0.70017 0.262495 -0.419043   0.230121 1.18311 0.0001   7.1e-05
QR_4 1787068311.348149000 -1.000000   2.22045e-16 0.0299999 2.57732e-17   5.12991e-10 9.48721e-19 0.0001   7.1e-05
HR_6 1787068311.358140000 0.762618   -0.700335 0.262424 -0.418994   0.230554 1.18148 0.0001   2e-06
QR_4 1787068311.358140000 -1.000000   2.22045e-16 0.0299999 2.57732e-17   5.12991e-10 9.48721e-19 0.0001   2e-06
HR_6 1787068311.368141000 0.762681   -0.700608 0.262426 -0.418909   0.2305 1.1811 0.0001   4.7e-05
QR_4 1787068311.368141000 -1.000000   2.22045e-16 0.0299999 2.57732e-17   5.12991e-10 9.48721e-19 0.0001   4.7e-05
HR_6 1787068311.378141000 0.762760   -0.700805 0.262437 -0.418432   0.230217 1.18099 0.0001   3.7e-05
QR_4 1787068311.378141000 -1.000000   2.22045e-16 0.0299999 2.57732e-17   5.12991e-10 9.48721e-19 0.0001   3.7e-05
HR_6 1787068311.388141000 0.762741   -0.700782 0.262437 -0.41866   0.230323 1.18074 0.0001   9e-06
QR_4 1787068311.388141000 -1.000000   2.22045e-16 0.0299999 2.57732e-17   5.12991e-10 9.48721e-19 0.0001   9e-06
HR_6 1787068311.398141000 0.762652   -0.700702 0.262446 -0.419097   0.230474 1.18064 0.0001   4.6e-05
QR_4 1787068311.398141000 -1.000000   2.22045e-16 0.0299999 2.57732e-17   5.12991e-10 9.48721e-19 0.0001   4.6e-05
HR_6 1787068311.408141000 0.762623   -0.700833 0.262477 -0.419272   0.230359 1.18039 0.0001   4.6e-05
QR_4 1787068311.408141000 -1.000000   2.22045e-16 0.0299999 2.57732e-17   5.12991e-10 9.48721e-19 0.0001   4.6e-05
HR_6 1787068311.418141000 0.762696   -0.701111 0.262474 -0.419181   0.230338 1.17996 0.0001   0.002199
QR_4 1787068311.418141000 -1.000000   2.22045e-16 0.0299999 2.57732e-17   5.12991e-10 9.48721e-19 0.0001   0.002199
HR_6 1787068311.428141000 0.762811   -0.701322 0.262447 -0.418606   0.230251 1.17909 0.0001   2.2e-05
QR_4 1787068311.428141000 -1.000000   2.22045e-16 0.0299999 2.57732e-17   5.12991e-10 9.48721e-19 0.0001   2.2e-05
HR_6 1787068311.438141000 0.762876   -0.701394 0.26245 -0.418284   0.23009 1.17885 0.0001   4.9e-05
QR_4 1787068311.438141000 -1.000000   2.22045e-16 0.0299999 2.57732e-17   5.12991e-10 9.48721e-19 0.0001   4.9e-05
HR_6 1787068311.448141000 0.762844   -0.701351 0.262447 -0.418641   0.230269 1.17827 0.0001   0.001993
QR_4 1787068311.448141000 -1.000000   2.22045e-16 0.0299999 2.57732e-17   5.12991e-10 9.48721e-19 0.0001   0.001993
HR_6 1787068311.458141000 0.762743   -0.701256 0.262459 -0.419185   0.230473 1.17809 0.0001   0.00015
QR_4 1787068311.458141000 -1.000000   2.22045e-16 0.0299999 2.57732e-17   5.12991e-10 9.48721e-19 0.0001   0.00015
HR_6 1787068311.468142000 0.762741   -0.701454 0.262505 -0.419501   0.230252 1.17782 0.0001   0.00018
QR_4 1787068311.468142000 -1.000000   2.22045e-16 0.0299999 2.57732e-17   5.12991e-10 9.48721e-19 0.0001   0.00018
HR_6 1787068311.478142000 0.762838   -0.701805 0.2625 -0.419385   0.230232 1.17726 0.0001   0.000233
QR_4 1787068311.478142000 -1.000000   2.22045e-16 0.0299999 2.57732e-17   5.12991e-10 9.48721e-19 0.0001   0.000233
HR_6 1787068311.488142000 0.762965   -0.702076 0.262525 -0.419258   0.230032 1.17629 0.0001   0.000232
QR_4 1787068311.488142000 -1.000000   2.22045e-16 0.0299999 2.57732e-17   5.12991e-10 9.48721e-19 0.0001   0.000232
HR_6 1787068311.498142000 0.763099   -0.702415 0.262508 -0.419442   0.230223 1.17377 0.0001   0.000443
QR_4 1787068311.498142000 -1.000000   2.22045e-16 0.0299999 2.57732e-17   5.12991e-10 9.48721e-19 0.0001   0.000443
HR_6 1787068311.508142000 0.763249   -0.702816 0.26252 -0.418829   0.229875 1.17305 0.0001   0.003276
QR_4 1787068311.508142000 -1.000000   2.22045e-16 0.0299999 2.57732e-17   5.12991e-10 9.48721e-19 0.0001   0.003276
HR_6 1787068311.518142000 0.763300   -0.702892 0.262519 -0.418857   0.22989 1.17229 0.0001   5.2e-05
QR_4 1787068311.518142000 -1.000000   2.22045e-16 0.0299999 2.57732e-17   5.12991e-10 9.48721e-19 0.0001   5.2e-05
HR_6 1787068311.528142000 0.763334   -0.702872 0.262466 -0.419456   0.230501 1.17073 0.0001   6e-05
QR_4 1787068311.528142000 -1.000000   2.22045e-16 0.0299999 2.57732e-17   5.12991e-10 9.48721e-19 0.0001   6e-05
HR_6 1787068311.538142000 0.763376   -0.702941 0.262454 -0.419358   0.230533 1.17062 0.0001   6.8e-05
QR_4 1787068311.538142000 -1.000000   2.22045e-16 0.0299999 2.57732e-17   5.12991e-10 9.48721e-19 0.0001   6.8e-05
HR_6 1787068311.548142000 0.763501   -0.703238 0.262444 -0.419309   0.230489 1.17015 0.0001   5.6e-05
QR_4 1787068311.548142000 -1.000000   2.22045e-16 0.0299999 2.57732e-17   5.12991e-10 9.48721e-19 0.0001   5.6e-05
HR_6 1787068311.558142000 0.763726   -0.703911 0.262438 -0.419165   0.230518 1.16887 0.0001   5.4e-05
QR_4 1787068311.558142000 -1.000000   2.22045e-16 0.0299999 2.57732e-17   5.12991e-10 9.48721e-19 0.0001   5.4e-05
HR_6 1787068311.568143000 0.763904   -0.704672 0.262447 -0.41914   0.230455 1.16735 0.0001   0.001593
QR_4 1787068311.568143000 -1.000000   2.22045e-16 0.0299999 2.57732e-17   5.12991e-10 9.48721e-19 0.0001   0.001593
HR_6 1787068311.578143000 0.764152   -0.705648 0.262444 -0.419059   0.230435 1.16537 0.0001   3.1e-05
QR_4 1787068311.578143000 -1.000000   2.22045e-16 0.0299999 2.57732e-17   5.12991e-10 9.48721e-19 0.0001   3.1e-05
HR_6 1787068311.588143000 0.764509   -0.706947 0.262456 -0.4185   0.230112 1.16231 0.0001   3.8e-05
QR_4 1787068311.588143000 -1.000000   2.22045e-16 0.0299999 2.57732e-17   5.12991e-10 9.48721e-19 0.0001   3.8e-05
HR_6 1787068311.598143000 0.764801   -0.707717 0.262627 -0.417644   0.228638 1.16003 0.0001   3.6e-05
QR_4 1787068311.598143000 -1.000000   2.22045e-16 0.0299999 2.57732e-17   5.12991e-10 9.48721e-19 0.0001   3.6e-05
HR_6 1787068311.608143000 0.765208   -0.708601 0.262811 -0.417405   0.227357 1.15583 0.0001   2.3e-05
QR_4 1787068311.608143000 -1.000000   2.22045e-16 0.0299999 2.57732e-17   5.12991e-10 9.48721e-19 0.0001   2.3e-05
HR_6 1787068311.618143000 0.765405   -0.709013 0.262885 -0.418134   0.227218 1.15218 0.0001   5.6e-05
QR_4 1787068311.618143000 -1.000000   2.22045e-16 0.0299999 2.57732e-17   5.12991e-10 9.48721e-19 0.0001   5.6e-05
HR_6 1787068311.628143000 0.765599   -0.709322 0.262923 -0.419753   0.227711 1.14723 0.0001   3.3e-05
QR_4 1787068311.628143000 -1.000000   2.22045e-16 0.0299999 2.57732e-17   5.12991e-10 9.48721e-19 0.0001   3.3e-05
HR_6 1787068311.638143000 0.765715   -0.709462 0.262905 -0.421718   0.228705 1.14224 0.0001   9e-05
QR_4 1787068311.638143000 -1.000000   2.22045e-16 0.0299999 2.57732e-17   5.12991e-10 9.48721e-19 0.0001   9e-05
HR_6 1787068311.648143000 0.765736   -0.709603 0.262907 -0.422157   0.228994 1.14093 0.0001   7.9e-05
QR_4 1787068311.648143000 -1.000000   2.22045e-16 0.0299999 2.57732e-17   5.12991e-10 9.48721e-19 0.0001   7.9e-05
HR_6 1787068311.658143000 0.765887   -0.710052 0.262882 -0.421916   0.228907 1.14042 0.0001   4.8e-05
QR_4 1787068311.658143000 -1.000000   2.22045e-16 0.0299999 2.57732e-17   5.12991e-10 9.48721e-19 0.0001   4.8e-05
HR_6 1787068311.668144000 0.766101   -0.710307 0.262869 -0.421499   0.228808 1.13932 0.0001   0.003267
QR_4 1787068311.668144000 -1.000000   2.22045e-16 0.0299999 2.57732e-17   5.12991e-10 9.48721e-19 0.0001   0.003267
HR_6 1787068311.678144000 0.766324   -0.710383 0.262783 -0.421369   0.229302 1.13803 0.0001   2.4e-05
QR_4 1787068311.678144000 -1.000000   2.22045e-16 0.0299999 2.57732e-17   5.12991e-10 9.48721e-19 0.0001   2.4e-05
HR_6 1787068311.688144000 0.766542   -0.710635 0.262719 -0.42091   0.229475 1.13775 0.0001   5.7e-05
QR_4 1787068311.688144000 -1.000000   2.22045e-16 0.0299999 2.57732e-17   5.12991e-10 9.48721e-19 0.0001   5.7e-05
HR_6 1787068311.698144000 0.766781   -0.711024 0.262652 -0.420334   0.229645 1.13711 0.0001   4.3e-05
QR_4 1787068311.698144000 -1.000000   2.22045e-16 0.0299999 2.57732e-17   5.12991e-10 9.48721e-19 0.0001   4.3e-05
HR_6 1787068311.708144000 0.767097   -0.711334 0.262573 -0.419642   0.229846 1.13513 0.0001   3.9e-05
QR_4 1787068311.708144000 -1.000000   2.22045e-16 0.0299999 2.57732e-17   5.12991e-10 9.48721e-19 0.0001   3.9e-05
HR_6 1787068311.718144000 0.767319   -0.711505 0.262478 -0.419306   0.230306 1.13383 0.0001   4.3e-05
QR_4 1787068311.718144000 -1.000000   2.22045e-16 0.0299999 2.57732e-17   5.12991e-10 9.48721e-19 0.0001   4.3e-05
HR_6 1787068311.728144000 0.767465   -0.711676 0.262439 -0.41898   0.230423 1.13368 0.0001   0.000932
QR_4 1787068311.728144000 -1.000000   2.22045e-16 0.0299999 2.57732e-17   5.12991e-10 9.48721e-19 0.0001   0.000932
HR_6 1787068311.738144000 0.767509   -0.711773 0.262446 -0.418613   0.230211 1.13371 0.0001   0.000828
QR_4 1787068311.738144000 -1.000000   2.22045e-16 0.0299999 2.57732e-17   5.12991e-10 9.48721e-19 0.0001   0.000828
HR_6 1787068311.748144000 0.767502   -0.711749 0.26244 -0.419068   0.230458 1.13297 0.0001   0.001545
QR_4 1787068311.748144000 -1.000000   2.22045e-16 0.0299999 2.57732e-17   5.12991e-10 9.48721e-19 0.0001   0.001545
HR_6 1787068311.758144000 0.767581   -0.711914 0.262464 -0.419263   0.230313 1.13267 0.0001   5e-05
QR_4 1787068311.758144000 -1.000000   2.22045e-16 0.0299999 2.57732e-17   5.12991e-10 9.48721e-19 0.0001   5e-05
HR_6 1787068311.768145000 0.767676   -0.712195 0.262458 -0.419173   0.23036 1.13212 0.0001   2.9e-05
QR_4 1787068311.768145000 -1.000000   2.22045e-16 0.0299999 2.57732e-17   5.12991e-10 9.48721e-19 0.0001   2.9e-05
HR_6 1787068311.778145000 0.767965   -0.712806 0.262464 -0.418991   0.230244 1.12964 0.0001   1.9e-05
QR_4 1787068311.778145000 -1.000000   2.22045e-16 0.0299999 2.57732e-17   5.12991e-10 9.48721e-19 0.0001   1.9e-05
HR_6 1787068311.788145000 0.768229   -0.713206 0.262477 -0.418721   0.230041 1.12732 0.0001   0.002245
QR_4 1787068311.788145000 -1.000000   2.22045e-16 0.0299999 2.57732e-17   5.12991e-10 9.48721e-19 0.0001   0.002245
HR_6 1787068311.798145000 0.768391   -0.713408 0.262475 -0.419252   0.230296 1.12488 0.0001   3e-05
QR_4 1787068311.798145000 -1.000000   2.22045e-16 0.0299999 2.57732e-17   5.12991e-10 9.48721e-19 0.0001   3e-05
HR_6 1787068311.808145000 0.768582   -0.713714 0.262459 -0.418906   0.230214 1.12375 0.0001   3.9e-05
QR_4 1787068311.808145000 -1.000000   2.22045e-16 0.0299999 2.57732e-17   5.12991e-10 9.48721e-19 0.0001   3.9e-05
HR_6 1787068311.818145000 0.768697   -0.71389 0.262425 -0.418966   0.230462 1.12275 0.0001   1.6e-05
QR_4 1787068311.818145000 -1.000000   2.22045e-16 0.0299999 2.57732e-17   5.12991e-10 9.48721e-19 0.0001   1.6e-05
HR_6 1787068311.828145000 0.768792   -0.714271 0.262441 -0.418811   0.230292 1.1221 0.0001   0.000387
QR_4 1787068311.828145000 -1.000000   2.22045e-16 0.0299999 2.57732e-17   5.12991e-10 9.48721e-19 0.0001   0.000387
HR_6 1787068311.838145000 0.768942   -0.714493 0.262446 -0.418588   0.230167 1.12083 0.0001   0.002443
QR_4 1787068311.838145000 -1.000000   2.22045e-16 0.0299999 2.57732e-17   5.12991e-10 9.48721e-19 0.0001   0.002443
HR_6 1787068311.848145000 0.769005   -0.714539 0.262439 -0.418805   0.230314 1.11985 0.0001   5.7e-05
QR_4 1787068311.848145000 -1.000000   2.22045e-16 0.0299999 2.57732e-17   5.12991e-10 9.48721e-19 0.0001   5.7e-05
HR_6 1787068311.858145000 0.769035   -0.714634 0.262438 -0.419003   0.230411 1.11921 0.0001   1.3e-05
QR_4 1787068311.858145000 -1.000000   2.22045e-16 0.0299999 2.57732e-17   5.12991e-10 9.48721e-19 0.0001   1.3e-05
HR_6 1787068311.868146000 0.769087   -0.714773 0.262451 -0.418767   0.230225 1.119 0.0001   6.2e-05
QR_4 1787068311.868146000 -1.000000   2.22045e-16 0.0299999 2.57732e-17   5.12991e-10 9.48721e-19 0.0001   6.2e-05
HR_6 1787068311.878146000 0.769101   -0.714782 0.262448 -0.418986   0.230345 1.11849 0.0001   0.000213
QR_4 1787068311.878146000 -1.000000   2.22045e-16 0.0299999 2.57732e-17   5.12991e-10 9.48721e-19 0.0001   0.000213
HR_6 1787068311.888146000 0.769144   -0.714879 0.262438 -0.419068   0.230452 1.11785 0.0001   2.4e-05
QR_4 1787068311.888146000 -1.000000   2.22045e-16 0.0299999 2.57732e-17   5.12991e-10 9.48721e-19 0.0001   2.4e-05
HR_6 1787068311.898146000 0.769323   -0.715196 0.262441 -0.419018   0.230454 1.11629 0.0001   0.00012
QR_4 1787068311.898146000 -1.000000   2.22045e-16 0.0299999 2.57732e-17   5.12991e-10 9.48721e-19 0.0001   0.00012
HR_6 1787068311.908146000 0.769556   -0.715538 0.262457 -0.418991   0.230342 1.1141 0.0001   1.6e-05
QR_4 1787068311.908146000 -1.000000   2.22045e-16 0.0299999 2.57732e-17   5.12991e-10 9.48721e-19 0.0001   1.6e-05
HR_6 1787068311.918146000 0.770000   -0.716129 0.262444 -0.418852   0.230677 1.1101 0.0001   3.3e-05
QR_4 1787068311.918146000 -1.000000   2.22045e-16 0.0299999 2.57732e-17   5.12991e-10 9.48721e-19 0.0001   3.3e-05
HR_6 1787068311.928146000 0.770323   -0.71689 0.262471 -0.419059   0.230425 1.10897 0.0001   4.9e-05
QR_4 1787068311.928146000 -1.000000   2.22045e-16 0.0299999 2.57732e-17   5.12991e-10 9.48721e-19 0.0001   4.9e-05
HR_6 1787068311.938146000 0.770745   -0.717638 0.2625 -0.418173   0.229306 1.10701 0.0001   0.0005
QR_4 1787068311.938146000 -1.000000   2.22045e-16 0.0299999 2.57732e-17   5.12991e-10 9.48721e-19 0.0001   0.0005
HR_6 1787068311.948146000 0.771083   -0.718105 0.262504 -0.417421   0.22896 1.10496 0.0001   3.6e-05
QR_4 1787068311.948146000 -1.000000   2.22045e-16 0.0299999 2.57732e-17   5.12991e-10 9.48721e-19 0.0001   3.6e-05
HR_6 1787068311.958146000 0.771367   -0.718472 0.26249 -0.417225   0.228979 1.10244 0.0001   1.3e-05
QR_4 1787068311.958146000 -1.000000   2.22045e-16 0.0299999 2.57732e-17   5.12991e-10 9.48721e-19 0.0001   1.3e-05
HR_6 1787068311.968147000 0.771685   -0.718776 0.262449 -0.417493   0.229379 1.09923 0.0001   5.5e-05
QR_4 1787068311.968147000 -1.000000   2.22045e-16 0.0299999 2.57732e-17   5.12991e-10 9.48721e-19 0.0001   5.5e-05
HR_6 1787068311.978147000 0.771918   -0.718946 0.262419 -0.417773   0.229716 1.09643 0.0001   5.1e-05
QR_4 1787068311.978147000 -1.000000   2.22045e-16 0.0299999 2.57732e-17   5.12991e-10 9.48721e-19 0.0001   5.1e-05
HR_6 1787068311.988147000 0.771983   -0.71903 0.262423 -0.417913   0.229768 1.09555 0.0001   4.5e-05
QR_4 1787068311.988147000 -1.000000   2.22045e-16 0.0299999 2.57732e-17   5.12991e-10 9.48721e-19 0.0001   4.5e-05
HR_6 1787068311.998147000 0.771960   -0.718995 0.262423 -0.418094   0.229862 1.09544 0.0001   4.9e-05
QR_4 1787068311.998147000 -1.000000   2.22045e-16 0.0299999 2.57732e-17   5.12991e-10 9.48721e-19 0.0001   4.9e-05
HR_6 1787068312.008147000 0.771928   -0.718949 0.262423 -0.418602   0.230102 1.09481 0.0001   5e-05
QR_4 1787068312.008147000 -1.000000   2.22045e-16 0.0299999 2.57732e-17   5.12991e-10 9.48721e-19 0.0001   5e-05
HR_6 1787068312.018147000 0.771856   -0.718843 0.26242 -0.419139   0.230376 1.09453 0.0001   5.1e-05
QR_4 1787068312.018147000 -1.000000   2.22045e-16 0.0299999 2.57732e-17   5.12991e-10 9.48721e-19 0.0001   5.1e-05
HR_6 1787068312.028147000 0.771910   -0.71894 0.26278 -0.416851   0.227274 1.09509 0.0001   0.002238
QR_4 1787068312.028147000 -1.000000   2.22045e-16 0.0299999 2.57732e-17   5.12991e-10 9.48721e-19 0.0001   0.002238
HR_6 1787068312.038147000 0.772038   -0.719026 0.263093 -0.413947   0.223939 1.09525 0.0001   4.9e-05
QR_4 1787068312.038147000 -1.000000   2.22045e-16 0.0299999 2.57732e-17   5.12991e-10 9.48721e-19 0.0001   4.9e-05
HR_6 1787068312.048147000 0.772148   -0.719222 0.263292 -0.412737   0.222102 1.09468 0.0001   6.8e-05
QR_4 1787068312.048147000 -1.000000   2.22045e-16 0.0299999 2.57732e-17   5.12991e-10 9.48721e-19 0.0001   6.8e-05
HR_6 1787068312.058147000 0.772168   -0.71926 0.263273 -0.412984   0.222345 1.09358 0.0001   3.8e-05
QR_4 1787068312.058147000 -1.000000   2.22045e-16 0.0299999 2.57732e-17   5.12991e-10 9.48721e-19 0.0001   3.8e-05
HR_6 1787068312.068148000 0.772157   -0.719123 0.263221 -0.414186   0.223238 1.09177 0.0001   5.5e-05
QR_4 1787068312.068148000 -1.000000   2.22045e-16 0.0299999 2.57732e-17   5.12991e-10 9.48721e-19 0.0001   5.5e-05
HR_6 1787068312.078148000 0.772135   -0.718899 0.263139 -0.415765   0.224494 1.08955 0.0001   0.000171
QR_4 1787068312.078148000 -1.000000   2.22045e-16 0.0299999 2.57732e-17   5.12991e-10 9.48721e-19 0.0001   0.000171
HR_6 1787068312.088148000 0.772094   -0.718489 0.262998 -0.418342   0.226576 1.08618 0.0001   5.1e-05
QR_4 1787068312.088148000 -1.000000   2.22045e-16 0.0299999 2.57732e-17   5.12991e-10 9.48721e-19 0.0001   5.1e-05
HR_6 1787068312.098148000 0.772053   -0.718081 0.262858 -0.42023   0.228329 1.08411 0.0001   0.002477
QR_4 1787068312.098148000 -1.000000   2.22045e-16 0.0299999 2.57732e-17   5.12991e-10 9.48721e-19 0.0001   0.002477
HR_6 1787068312.108148000 0.772039   -0.717724 0.262753 -0.421396   0.229645 1.08289 0.0001   4.8e-05
QR_4 1787068312.108148000 -1.000000   2.22045e-16 0.0299999 2.57732e-17   5.12991e-10 9.48721e-19 0.0001   4.8e-05
HR_6 1787068312.118148000 0.772203   -0.717707 0.26272 -0.421341   0.229434 1.08343 0.0001   0.000642
QR_4 1787068312.118148000 -1.000000   2.22045e-16 0.0299999 2.57732e-17   5.12991e-10 9.48721e-19 0.0001   0.000642
HR_6 1787068312.128148000 0.772466   -0.718004 0.26262 -0.420566   0.229743 1.08313 0.0001   0.000583
QR_4 1787068312.128148000 -1.000000   2.22045e-16 0.0299999 2.57732e-17   5.12991e-10 9.48721e-19 0.0001   0.000583
HR_6 1787068312.138148000 0.772737   -0.718491 0.262534 -0.419871   0.229991 1.08249 0.0001   4.2e-05
QR_4 1787068312.138148000 -1.000000   2.22045e-16 0.0299999 2.57732e-17   5.12991e-10 9.48721e-19 0.0001   4.2e-05
HR_6 1787068312.148148000 0.773065   -0.719147 0.262436 -0.419074   0.230269 1.08159 0.0001   5e-05
QR_4 1787068312.148148000 -1.000000   2.22045e-16 0.0299999 2.57732e-17   5.12991e-10 9.48721e-19 0.0001   5e-05
HR_6 1787068312.158148000 0.773477   -0.719797 0.262444 -0.417375   0.229466 1.08055 0.0001   5.8e-05
QR_4 1787068312.158148000 -1.000000   2.22045e-16 0.0299999 2.57732e-17   5.12991e-10 9.48721e-19 0.0001   5.8e-05
HR_6 1787068312.168149000 0.773772   -0.720189 0.262445 -0.416121   0.228902 1.08004 0.0001   4.1e-05
QR_4 1787068312.168149000 -1.000000   2.22045e-16 0.0299999 2.57732e-17   5.12991e-10 9.48721e-19 0.0001   4.1e-05
HR_6 1787068312.178149000 0.773996   -0.72051 0.262458 -0.41478   0.228215 1.08028 0.0001   0.001677
QR_4 1787068312.178149000 -1.000000   2.22045e-16 0.0299999 2.57732e-17   5.12991e-10 9.48721e-19 0.0001   0.001677
HR_6 1787068312.188149000 0.774087   -0.720642 0.262463 -0.414211   0.227933 1.08043 0.0001   7.7e-05
QR_4 1787068312.188149000 -1.000000   2.22045e-16 0.0299999 2.57732e-17   5.12991e-10 9.48721e-19 0.0001   7.7e-05
HR_6 1787068312.198149000 0.774118   -0.720693 0.262462 -0.41414   0.227914 1.08018 0.0001   4.9e-05
QR_4 1787068312.198149000 -1.000000   2.22045e-16 0.0299999 2.57732e-17   5.12991e-10 9.48721e-19 0.0001   4.9e-05
HR_6 1787068312.208149000 0.774075   -0.72063 0.262462 -0.414455   0.228072 1.08003 0.0001   2.5e-05
QR_4 1787068312.208149000 -1.000000   2.22045e-16 0.0299999 2.57732e-17   5.12991e-10 9.48721e-19 0.0001   2.5e-05
HR_6 1787068312.218149000 0.773940   -0.720444 0.262461 -0.415295   0.228469 1.07978 0.0001   6.5e-05
QR_4 1787068312.218149000 -1.000000   2.22045e-16 0.0299999 2.57732e-17   5.12991e-10 9.48721e-19 0.0001   6.5e-05
HR_6 1787068312.228149000 0.773843   -0.720283 0.262451 -0.416107   0.228911 1.07929 0.0001   7.8e-05
QR_4 1787068312.228149000 -1.000000   2.22045e-16 0.0299999 2.57732e-17   5.12991e-10 9.48721e-19 0.0001   7.8e-05
HR_6 1787068312.238149000 0.773567   -0.719896 0.262434 -0.417887   0.229841 1.07857 0.0001   4.7e-05
QR_4 1787068312.238149000 -1.000000   2.22045e-16 0.0299999 2.57732e-17   5.12991e-10 9.48721e-19 0.0001   4.7e-05
HR_6 1787068312.248149000 0.773327   -0.719563 0.262453 -0.419203   0.230328 1.07827 0.0001   6.4e-05
QR_4 1787068312.248149000 -1.000000   2.22045e-16 0.0299999 2.57732e-17   5.12991e-10 9.48721e-19 0.0001   6.4e-05
HR_6 1787068312.258149000 0.773167   -0.719398 0.262619 -0.419497   0.229332 1.07791 0.0001   4e-05
QR_4 1787068312.258149000 -1.000000   2.22045e-16 0.0299999 2.57732e-17   5.12991e-10 9.48721e-19 0.0001   4e-05
HR_6 1787068312.268150000 0.772957   -0.719267 0.262637 -0.420481   0.229665 1.07722 0.0001   5.3e-05
QR_4 1787068312.268150000 -1.000000   2.22045e-16 0.0299999 2.57732e-17   5.12991e-10 9.48721e-19 0.0001   5.3e-05
HR_6 1787068312.278150000 0.772838   -0.719361 0.262746 -0.421097   0.229229 1.07649 0.0001   0.002168
QR_4 1787068312.278150000 -1.000000   2.22045e-16 0.0299999 2.57732e-17   5.12991e-10 9.48721e-19 0.0001   0.002168
HR_6 1787068312.288150000 0.772798   -0.719466 0.26282 -0.421617   0.229001 1.07552 0.0001   4.8e-05
QR_4 1787068312.288150000 -1.000000   2.22045e-16 0.0299999 2.57732e-17   5.12991e-10 9.48721e-19 0.0001   4.8e-05
HR_6 1787068312.298150000 0.772813   -0.719721 0.262847 -0.421781   0.228911 1.07488 0.0001   0.000294
QR_4 1787068312.298150000 -1.000000   2.22045e-16 0.0299999 2.57732e-17   5.12991e-10 9.48721e-19 0.0001   0.000294
HR_6 1787068312.308150000 0.772854   -0.719875 0.262883 -0.421501   0.22857 1.07459 0.0001   0.000221
QR_4 1787068312.308150000 -1.000000   2.22045e-16 0.0299999 2.57732e-17   5.12991e-10 9.48721e-19 0.0001   0.000221
HR_6 1787068312.318150000 0.772910   -0.719961 0.262878 -0.421442   0.228584 1.074 0.0001   5.1e-05
QR_4 1787068312.318150000 -1.000000   2.22045e-16 0.0299999 2.57732e-17   5.12991e-10 9.48721e-19 0.0001   5.1e-05
HR_6 1787068312.328150000 0.772958   -0.719929 0.262818 -0.421546   0.229017 1.07335 0.0001   0.000705
QR_4 1787068312.328150000 -1.000000   2.22045e-16 0.0299999 2.57732e-17   5.12991e-10 9.48721e-19 0.0001   0.000705
HR_6 1787068312.338150000 0.773027   -0.719915 0.262775 -0.421472   0.229266 1.07316 0.0001   4.5e-05
QR_4 1787068312.338150000 -1.000000   2.22045e-16 0.0299999 2.57732e-17   5.12991e-10 9.48721e-19 0.0001   4.5e-05
HR_6 1787068312.348150000 0.773242   -0.720108 0.262686 -0.4208   0.229539 1.07303 0.0001   5.1e-05
QR_4 1787068312.348150000 -1.000000   2.22045e-16 0.0299999 2.57732e-17   5.12991e-10 9.48721e-19 0.0001   5.1e-05
HR_6 1787068312.358150000 0.773558   -0.720517 0.262593 -0.419836   0.229709 1.0725 0.0001   0.000135
QR_4 1787068312.358150000 -1.000000   2.22045e-16 0.0299999 2.57732e-17   5.12991e-10 9.48721e-19 0.0001   0.000135
HR_6 1787068312.368151000 0.773839   -0.720761 0.262526 -0.419065   0.2298 1.07144 0.0001   0.000207
QR_4 1787068312.368151000 -1.000000   2.22045e-16 0.0299999 2.57732e-17   5.12991e-10 9.48721e-19 0.0001   0.000207
HR_6 1787068312.378151000 0.774167   -0.720939 0.262422 -0.418562   0.230242 1.06964 0.0001   2e-05
QR_4 1787068312.378151000 -1.000000   2.22045e-16 0.0299999 2.57732e-17   5.12991e-10 9.48721e-19 0.0001   2e-05
HR_6 1787068312.388151000 0.774216   -0.721013 0.262426 -0.41827   0.230091 1.06968 0.0001   0.00236
QR_4 1787068312.388151000 -1.000000   2.22045e-16 0.0299999 2.57732e-17   5.12991e-10 9.48721e-19 0.0001   0.00236
HR_6 1787068312.398151000 0.774172   -0.721002 0.262441 -0.418556   0.230131 1.06938 0.0001   6.9e-05
QR_4 1787068312.398151000 -1.000000   2.22045e-16 0.0299999 2.57732e-17   5.12991e-10 9.48721e-19 0.0001   6.9e-05
HR_6 1787068312.408151000 0.774142   -0.720933 0.262428 -0.419051   0.230444 1.06881 0.0001   5.2e-05
QR_4 1787068312.408151000 -1.000000   2.22045e-16 0.0299999 2.57732e-17   5.12991e-10 9.48721e-19 0.0001   5.2e-05
HR_6 1787068312.418151000 0.774177   -0.721132 0.262501 -0.419315   0.230106 1.06742 0.0001   3.9e-05
QR_4 1787068312.418151000 -1.000000   2.22045e-16 0.0299999 2.57732e-17   5.12991e-10 9.48721e-19 0.0001   3.9e-05
HR_6 1787068312.428151000 0.774239   -0.721328 0.262533 -0.418956   0.229746 1.06599 0.0001   4.9e-05
QR_4 1787068312.428151000 -1.000000   2.22045e-16 0.0299999 2.57732e-17   5.12991e-10 9.48721e-19 0.0001   4.9e-05
HR_6 1787068312.438151000 0.774316   -0.721462 0.262545 -0.419397   0.229871 1.06433 0.0001   3.2e-05
QR_4 1787068312.438151000 -1.000000   2.22045e-16 0.0299999 2.57732e-17   5.12991e-10 9.48721e-19 0.0001   3.2e-05
HR_6 1787068312.448151000 0.774431   -0.72173 0.262523 -0.419571   0.230099 1.06306 0.0001   4.3e-05
QR_4 1787068312.448151000 -1.000000   2.22045e-16 0.0299999 2.57732e-17   5.12991e-10 9.48721e-19 0.0001   4.3e-05
HR_6 1787068312.458151000 0.774519   -0.72191 0.26253 -0.419371   0.229966 1.06252 0.0001   4.2e-05
QR_4 1787068312.458151000 -1.000000   2.22045e-16 0.0299999 2.57732e-17   5.12991e-10 9.48721e-19 0.0001   4.2e-05
HR_6 1787068312.468152000 0.774680   -0.722061 0.262493 -0.419216   0.230138 1.0613 0.0001   6.3e-05
QR_4 1787068312.468152000 -1.000000   2.22045e-16 0.0299999 2.57732e-17   5.12991e-10 9.48721e-19 0.0001   6.3e-05
HR_6 1787068312.478152000 0.774822   -0.722187 0.262433 -0.419151   0.230496 1.06036 0.0001   0.000116
QR_4 1787068312.478152000 -1.000000   2.22045e-16 0.0299999 2.57732e-17   5.12991e-10 9.48721e-19 0.0001   0.000116
HR_6 1787068312.488152000 0.774886   -0.722526 0.262435 -0.419098   0.230464 1.05982 0.0001   0.002912
QR_4 1787068312.488152000 -1.000000   2.22045e-16 0.0299999 2.57732e-17   5.12991e-10 9.48721e-19 0.0001   0.002912
HR_6 1787068312.498152000 0.775003   -0.723146 0.262438 -0.418998   0.230404 1.05883 0.0001   3.8e-05
QR_4 1787068312.498152000 -1.000000   2.22045e-16 0.0299999 2.57732e-17   5.12991e-10 9.48721e-19 0.0001   3.8e-05
HR_6 1787068312.508152000 0.775152   -0.723658 0.262515 -0.418306   0.229607 1.05795 0.0001   1.3e-05
QR_4 1787068312.508152000 -1.000000   2.22045e-16 0.0299999 2.57732e-17   5.12991e-10 9.48721e-19 0.0001   1.3e-05
HR_6 1787068312.518152000 0.775270   -0.723962 0.262569 -0.418338   0.229278 1.05628 0.0001   9.8e-05
QR_4 1787068312.518152000 -1.000000   2.22045e-16 0.0299999 2.57732e-17   5.12991e-10 9.48721e-19 0.0001   9.8e-05
HR_6 1787068312.528147000 0.775378   -0.724129 0.262566 -0.418586   0.229415 1.0546 0.0001   3e-06
QR_4 1787068312.528147000 -1.000000   2.22045e-16 0.0299999 2.57732e-17   5.12991e-10 9.48721e-19 0.0001   3e-06
HR_6 1787068312.538148000 0.775481   -0.724219 0.262537 -0.419691   0.230097 1.05168 0.0001   2.6e-05
QR_4 1787068312.538148000 -1.000000   2.22045e-16 0.0299999 2.57732e-17   5.12991e-10 9.48721e-19 0.0001   2.6e-05
HR_6 1787068312.548148000 0.775532   -0.72442 0.262537 -0.419665   0.230092 1.05122 0.0001   3.2e-05
QR_4 1787068312.548148000 -1.000000   2.22045e-16 0.0299999 2.57732e-17   5.12991e-10 9.48721e-19 0.0001   3.2e-05
HR_6 1787068312.558148000 0.775654   -0.724797 0.262536 -0.4194   0.229982 1.05051 0.0001   3.8e-05
QR_4 1787068312.558148000 -1.000000   2.22045e-16 0.0299999 2.57732e-17   5.12991e-10 9.48721e-19 0.0001   3.8e-05
HR_6 1787068312.568148000 0.775802   -0.725163 0.262597 -0.419191   0.229505 1.04893 0.0001   2.2e-05
QR_4 1787068312.568148000 -1.000000   2.22045e-16 0.0299999 2.57732e-17   5.12991e-10 9.48721e-19 0.0001   2.2e-05
HR_6 1787068312.578148000 0.775932   -0.72534 0.262582 -0.419423   0.229706 1.04708 0.0001   6e-05
QR_4 1787068312.578148000 -1.000000   2.22045e-16 0.0299999 2.57732e-17   5.12991e-10 9.48721e-19 0.0001   6e-05
HR_6 1787068312.588148000 0.776007   -0.725368 0.262548 -0.41986   0.230122 1.04581 0.0001   2.8e-05
QR_4 1787068312.588148000 -1.000000   2.22045e-16 0.0299999 2.57732e-17   5.12991e-10 9.48721e-19 0.0001   2.8e-05
HR_6 1787068312.598148000 0.776070   -0.725463 0.262525 -0.419664   0.230183 1.04574 0.0001   5.4e-05
QR_4 1787068312.598148000 -1.000000   2.22045e-16 0.0299999 2.57732e-17   5.12991e-10 9.48721e-19 0.0001   5.4e-05
HR_6 1787068312.608148000 0.776212   -0.725771 0.262481 -0.419268   0.230285 1.04542 0.0001   1.4e-05
QR_4 1787068312.608148000 -1.000000   2.22045e-16 0.0299999 2.57732e-17   5.12991e-10 9.48721e-19 0.0001   1.4e-05
HR_6 1787068312.618148000 0.776391   -0.726011 0.262451 -0.41911   0.230411 1.04411 0.0001   0.000252
QR_4 1787068312.618148000 -1.000000   2.22045e-16 0.0299999 2.57732e-17   5.12991e-10 9.48721e-19 0.0001   0.000252
HR_6 1787068312.628148000 0.776533   -0.726225 0.262453 -0.419084   0.230386 1.04272 0.0001   3.5e-05
QR_4 1787068312.628148000 -1.000000   2.22045e-16 0.0299999 2.57732e-17   5.12991e-10 9.48721e-19 0.0001   3.5e-05
HR_6 1787068312.638149000 0.776824   -0.726641 0.262453 -0.419155   0.230421 1.03965 0.0001   3.7e-05
QR_4 1787068312.638149000 -1.000000   2.22045e-16 0.0299999 2.57732e-17   5.12991e-10 9.48721e-19 0.0001   3.7e-05
HR_6 1787068312.648149000 0.776987   -0.727228 0.26245 -0.419089   0.230333 1.03888 0.0001   0.002535
QR_4 1787068312.648149000 -1.000000   2.22045e-16 0.0299999 2.57732e-17   5.12991e-10 9.48721e-19 0.0001   0.002535
HR_6 1787068312.658149000 0.777121   -0.727613 0.262506 -0.418725   0.229816 1.03772 0.0001   3.9e-05
QR_4 1787068312.658149000 -1.000000   2.22045e-16 0.0299999 2.57732e-17   5.12991e-10 9.48721e-19 0.0001   3.9e-05
HR_6 1787068312.668149000 0.777229   -0.727886 0.262551 -0.418893   0.229615 1.03593 0.0001   6e-05
QR_4 1787068312.668149000 -1.000000   2.22045e-16 0.0299999 2.57732e-17   5.12991e-10 9.48721e-19 0.0001   6e-05
HR_6 1787068312.678149000 0.777352   -0.728028 0.262534 -0.419491   0.229998 1.03364 0.0001   3.8e-05
QR_4 1787068312.678149000 -1.000000   2.22045e-16 0.0299999 2.57732e-17   5.12991e-10 9.48721e-19 0.0001   3.8e-05
HR_6 1787068312.688149000 0.777411   -0.728119 0.262514 -0.419548   0.230155 1.03311 0.0001   2.8e-05
QR_4 1787068312.688149000 -1.000000   2.22045e-16 0.0299999 2.57732e-17   5.12991e-10 9.48721e-19 0.0001   2.8e-05
HR_6 1787068312.698149000 0.777470   -0.728167 0.262484 -0.419412   0.230289 1.03272 0.0001   5.8e-05
QR_4 1787068312.698149000 -1.000000   2.22045e-16 0.0299999 2.57732e-17   5.12991e-10 9.48721e-19 0.0001   5.8e-05
HR_6 1787068312.708149000 0.777535   -0.728299 0.262463 -0.419253   0.230352 1.03253 0.0001   3e-05
QR_4 1787068312.708149000 -1.000000   2.22045e-16 0.0299999 2.57732e-17   5.12991e-10 9.48721e-19 0.0001   3e-05
HR_6 1787068312.718149000 0.777646   -0.728597 0.262435 -0.41903   0.230433 1.03207 0.0001   1.3e-05
QR_4 1787068312.718149000 -1.000000   2.22045e-16 0.0299999 2.57732e-17   5.12991e-10 9.48721e-19 0.0001   1.3e-05
HR_6 1787068312.728149000 0.777841   -0.729329 0.262464 -0.418746   0.230148 1.03055 0.0001   2.5e-05
QR_4 1787068312.728149000 -1.000000   2.22045e-16 0.0299999 2.57732e-17   5.12991e-10 9.48721e-19 0.0001   2.5e-05
HR_6 1787068312.738150000 0.777943   -0.729578 0.262487 -0.418585   0.229936 1.02938 0.0001   0.001198
QR_4 1787068312.738150000 -1.000000   2.22045e-16 0.0299999 2.57732e-17   5.12991e-10 9.48721e-19 0.0001   0.001198
HR_6 1787068312.748150000 0.778076   -0.729854 0.262512 -0.419338   0.230113 1.02631 0.0001   0.002427
QR_4 1787068312.748150000 -1.000000   2.22045e-16 0.0299999 2.57732e-17   5.12991e-10 9.48721e-19 0.0001   0.002427
HR_6 1787068312.758150000 0.778106   -0.730096 0.262532 -0.419589   0.230137 1.0254 0.0001   0.001
QR_4 1787068312.758150000 -1.000000   2.22045e-16 0.0299999 2.57732e-17   5.12991e-10 9.48721e-19 0.0001   0.001
HR_6 1787068312.768150000 0.778122   -0.730405 0.262613 -0.419475   0.229575 1.02473 0.0001   2.1e-05
QR_4 1787068312.768150000 -1.000000   2.22045e-16 0.0299999 2.57732e-17   5.12991e-10 9.48721e-19 0.0001   2.1e-05
HR_6 1787068312.778150000 0.778124   -0.730506 0.262649 -0.419829   0.229506 1.02373 0.0001   0.001962
QR_4 1787068312.778150000 -1.000000   2.22045e-16 0.0299999 2.57732e-17   5.12991e-10 9.48721e-19 0.0001   0.001962
HR_6 1787068312.788150000 0.778092   -0.730497 0.262663 -0.420397   0.22967 1.02288 0.0001   2.5e-05
QR_4 1787068312.788150000 -1.000000   2.22045e-16 0.0299999 2.57732e-17   5.12991e-10 9.48721e-19 0.0001   2.5e-05
HR_6 1787068312.798150000 0.777997   -0.73058 0.262719 -0.420942   0.229564 1.02236 0.0001   3e-05
QR_4 1787068312.798150000 -1.000000   2.22045e-16 0.0299999 2.57732e-17   5.12991e-10 9.48721e-19 0.0001   3e-05
HR_6 1787068312.808150000 0.777963   -0.730672 0.262763 -0.420949   0.229286 1.0223 0.0001   0.002571
QR_4 1787068312.808150000 -1.000000   2.22045e-16 0.0299999 2.57732e-17   5.12991e-10 9.48721e-19 0.0001   0.002571
HR_6 1787068312.818150000 0.777919   -0.730687 0.262789 -0.421174   0.229223 1.02174 0.0001   3.5e-05
QR_4 1787068312.818150000 -1.000000   2.22045e-16 0.0299999 2.57732e-17   5.12991e-10 9.48721e-19 0.0001   3.5e-05
HR_6 1787068312.828150000 0.777871   -0.73073 0.262823 -0.421519   0.229156 1.02129 0.0001   3.6e-05
QR_4 1787068312.828150000 -1.000000   2.22045e-16 0.0299999 2.57732e-17   5.12991e-10 9.48721e-19 0.0001   3.6e-05
HR_6 1787068312.838151000 0.777899   -0.730842 0.26283 -0.421429   0.229074 1.02111 0.0001   0.000305
QR_4 1787068312.838151000 -1.000000   2.22045e-16 0.0299999 2.57732e-17   5.12991e-10 9.48721e-19 0.0001   0.000305
HR_6 1787068312.848151000 0.777920   -0.730989 0.26282 -0.421547   0.229189 1.02048 0.0001   6.3e-05
QR_4 1787068312.848151000 -1.000000   2.22045e-16 0.0299999 2.57732e-17   5.12991e-10 9.48721e-19 0.0001   6.3e-05
HR_6 1787068312.858151000 0.778044   -0.731499 0.262809 -0.421433   0.229209 1.0196 0.0001   1.1e-05
QR_4 1787068312.858151000 -1.000000   2.22045e-16 0.0299999 2.57732e-17   5.12991e-10 9.48721e-19 0.0001   1.1e-05
HR_6 1787068312.868151000 0.778223   -0.732111 0.26277 -0.421149   0.229304 1.01845 0.0001   2.4e-05
QR_4 1787068312.868151000 -1.000000   2.22045e-16 0.0299999 2.57732e-17   5.12991e-10 9.48721e-19 0.0001   2.4e-05
HR_6 1787068312.878151000 0.778498   -0.732686 0.262818 -0.42058   0.228744 1.01614 0.0001   0.001744
QR_4 1787068312.878151000 -1.000000   2.22045e-16 0.0299999 2.57732e-17   5.12991e-10 9.48721e-19 0.0001   0.001744
HR_6 1787068312.888151000 0.778696   -0.733002 0.262824 -0.420443   0.228646 1.01426 0.0001   2.1e-05
QR_4 1787068312.888151000 -1.000000   2.22045e-16 0.0299999 2.57732e-17   5.12991e-10 9.48721e-19 0.0001   2.1e-05
HR_6 1787068312.898151000 0.778854   -0.733202 0.26281 -0.421186   0.229067 1.01135 0.0001   4.4e-05
QR_4 1787068312.898151000 -1.000000   2.22045e-16 0.0299999 2.57732e-17   5.12991e-10 9.48721e-19 0.0001   4.4e-05
HR_6 1787068312.908151000 0.778922   -0.733505 0.262824 -0.421615   0.229029 1.01042 0.0001   0.0032
QR_4 1787068312.908151000 -1.000000   2.22045e-16 0.0299999 2.57732e-17   5.12991e-10 9.48721e-19 0.0001   0.0032
HR_6 1787068312.918151000 0.778936   -0.733753 0.262832 -0.421137   0.228777 1.00998 0.0001   5e-05
QR_4 1787068312.918151000 -1.000000   2.22045e-16 0.0299999 2.57732e-17   5.12991e-10 9.48721e-19 0.0001   5e-05
HR_6 1787068312.928151000 0.778954   -0.734071 0.262874 -0.420595   0.228274 1.00907 0.0001   5e-05
QR_4 1787068312.928151000 -1.000000   2.22045e-16 0.0299999 2.57732e-17   5.12991e-10 9.48721e-19 0.0001   5e-05
HR_6 1787068312.938152000 0.778907   -0.734146 0.262928 -0.421031   0.228133 1.00825 0.0001   3.4e-05
QR_4 1787068312.938152000 -1.000000   2.22045e-16 0.0299999 2.57732e-17   5.12991e-10 9.48721e-19 0.0001   3.4e-05
HR_6 1787068312.948152000 0.778819   -0.734083 0.262952 -0.422041   0.228438 1.00703 0.0001   3.7e-05
QR_4 1787068312.948152000 -1.000000   2.22045e-16 0.0299999 2.57732e-17   5.12991e-10 9.48721e-19 0.0001   3.7e-05
HR_6 1787068312.958152000 0.778744   -0.734032 0.262976 -0.4227   0.228587 1.00639 0.0001   0.000141
QR_4 1787068312.958152000 -1.000000   2.22045e-16 0.0299999 2.57732e-17   5.12991e-10 9.48721e-19 0.0001   0.000141
HR_6 1787068312.968152000 0.778725   -0.734132 0.262999 -0.422759   0.228467 1.00627 0.0001   7.2e-05
QR_4 1787068312.968152000 -1.000000   2.22045e-16 0.0299999 2.57732e-17   5.12991e-10 9.48721e-19 0.0001   7.2e-05
HR_6 1787068312.978152000 0.778778   -0.73424 0.262993 -0.422243   0.228287 1.00658 0.0001   2.8e-05
QR_4 1787068312.978152000 -1.000000   2.22045e-16 0.0299999 2.57732e-17   5.12991e-10 9.48721e-19 0.0001   2.8e-05
HR_6 1787068312.988151000 0.778822   -0.734257 0.262971 -0.422467   0.228529 1.00583 0.0001   1e-06
QR_4 1787068312.988151000 -1.000000   2.22045e-16 0.0299999 2.57732e-17   5.12991e-10 9.48721e-19 0.0001   1e-06
HR_6 1787068312.998151000 0.778868   -0.734317 0.262951 -0.422456   0.228661 1.00557 0.0001   3.6e-05
QR_4 1787068312.998151000 -1.000000   2.22045e-16 0.0299999 2.57732e-17   5.12991e-10 9.48721e-19 0.0001   3.6e-05
HR_6 1787068313.008151000 0.779026   -0.734818 0.262916 -0.422171   0.228765 1.00476 0.0001   0.003069
QR_4 1787068313.008151000 -1.000000   2.22045e-16 0.0299999 2.57732e-17   5.12991e-10 9.48721e-19 0.0001   0.003069
HR_6 1787068313.018151000 0.779110   -0.73523 0.262877 -0.421213   0.228587 1.00407 0.0001   0.000173
QR_4 1787068313.018151000 -1.000000   2.22045e-16 0.0299999 2.57732e-17   5.12991e-10 9.48721e-19 0.0001   0.000173
HR_6 1787068313.028151000 0.779286   -0.735633 0.262883 -0.420398   0.228193 1.00283 0.0001   0.000156
QR_4 1787068313.028151000 -1.000000   2.22045e-16 0.0299999 2.57732e-17   5.12991e-10 9.48721e-19 0.0001   0.000156
HR_6 1787068313.038151000 0.779411   -0.73581 0.262871 -0.420254   0.228206 1.00176 0.0001   0.000995
QR_4 1787068313.038151000 -1.000000   2.22045e-16 0.0299999 2.57732e-17   5.12991e-10 9.48721e-19 0.0001   0.000995
HR_6 1787068313.048151000 0.779502   -0.73587 0.262843 -0.420484   0.228493 1.00064 0.0001   2.6e-05
QR_4 1787068313.048151000 -1.000000   2.22045e-16 0.0299999 2.57732e-17   5.12991e-10 9.48721e-19 0.0001   2.6e-05
HR_6 1787068313.058151000 0.779569   -0.735843 0.262796 -0.420893   0.228976 0.999471 0.0001   0.000187
QR_4 1787068313.058151000 -1.000000   2.22045e-16 0.0299999 2.57732e-17   5.12991e-10 9.48721e-19 0.0001   0.000187
HR_6 1787068313.068151000 0.779659   -0.735806 0.262723 -0.420992   0.229494 0.998844 0.0001   0.000632
QR_4 1787068313.068151000 -1.000000   2.22045e-16 0.0299999 2.57732e-17   5.12991e-10 9.48721e-19 0.0001   0.000632
HR_6 1787068313.078151000 0.779764   -0.735936 0.262692 -0.420535   0.229487 0.998862 0.0001   5.3e-05
QR_4 1787068313.078151000 -1.000000   2.22045e-16 0.0299999 2.57732e-17   5.12991e-10 9.48721e-19 0.0001   5.3e-05
HR_6 1787068313.088151000 0.779855   -0.736037 0.262678 -0.420113   0.229389 0.998813 0.0001   4.6e-05
QR_4 1787068313.088151000 -1.000000   2.22045e-16 0.0299999 2.57732e-17   5.12991e-10 9.48721e-19 0.0001   4.6e-05
HR_6 1787068313.098152000 0.780028   -0.736139 0.262618 -0.419765   0.229619 0.998178 0.0001   1.6e-05
QR_4 1787068313.098152000 -1.000000   2.22045e-16 0.0299999 2.57732e-17   5.12991e-10 9.48721e-19 0.0001   1.6e-05
HR_6 1787068313.108152000 0.780122   -0.736106 0.262542 -0.41958   0.230027 0.998005 0.0001   0.000328
QR_4 1787068313.108152000 -1.000000   2.22045e-16 0.0299999 2.57732e-17   5.12991e-10 9.48721e-19 0.0001   0.000328
HR_6 1787068313.118152000 0.780206   -0.736134 0.262495 -0.419397   0.230245 0.997898 0.0001   2.7e-05
QR_4 1787068313.118152000 -1.000000   2.22045e-16 0.0299999 2.57732e-17   5.12991e-10 9.48721e-19 0.0001   2.7e-05
HR_6 1787068313.128152000 0.780340   -0.736404 0.262449 -0.419071   0.230392 0.997506 0.0001   0.000109
QR_4 1787068313.128152000 -1.000000   2.22045e-16 0.0299999 2.57732e-17   5.12991e-10 9.48721e-19 0.0001   0.000109
HR_6 1787068313.138152000 0.780547   -0.736774 0.262438 -0.418153   0.230053 0.996549 0.0001   0.000734
QR_4 1787068313.138152000 -1.000000   2.22045e-16 0.0299999 2.57732e-17   5.12991e-10 9.48721e-19 0.0001   0.000734
HR_6 1787068313.148152000 0.780765   -0.737205 0.262465 -0.416601   0.22918 0.996749 0.0001   3.7e-05
QR_4 1787068313.148152000 -1.000000   2.22045e-16 0.0299999 2.57732e-17   5.12991e-10 9.48721e-19 0.0001   3.7e-05
HR_6 1787068313.158152000 0.780866   -0.737427 0.262482 -0.415829   0.228723 0.996691 0.0001   5e-06
QR_4 1787068313.158152000 -1.000000   2.22045e-16 0.0299999 2.57732e-17   5.12991e-10 9.48721e-19 0.0001   5e-06
HR_6 1787068313.168152000 0.780945   -0.737521 0.262472 -0.415406   0.228601 0.9967 0.0001   5.9e-05
QR_4 1787068313.168152000 -1.000000   2.22045e-16 0.0299999 2.57732e-17   5.12991e-10 9.48721e-19 0.0001   5.9e-05
HR_6 1787068313.178152000 0.780924   -0.737468 0.262465 -0.41571   0.228784 0.99643 0.0001   6.3e-05
QR_4 1787068313.178152000 -1.000000   2.22045e-16 0.0299999 2.57732e-17   5.12991e-10 9.48721e-19 0.0001   6.3e-05
HR_6 1787068313.188152000 0.780856   -0.737348 0.262462 -0.416241   0.229051 0.996227 0.0001   5.7e-05
QR_4 1787068313.188152000 -1.000000   2.22045e-16 0.0299999 2.57732e-17   5.12991e-10 9.48721e-19 0.0001   5.7e-05
HR_6 1787068313.198153000 0.780758   -0.737185 0.262461 -0.41684   0.229331 0.996014 0.0001   3.2e-05
QR_4 1787068313.198153000 -1.000000   2.22045e-16 0.0299999 2.57732e-17   5.12991e-10 9.48721e-19 0.0001   3.2e-05
HR_6 1787068313.208153000 0.780572   -0.736867 0.262453 -0.418269   0.230029 0.99546 0.0001   0.003673
QR_4 1787068313.208153000 -1.000000   2.22045e-16 0.0299999 2.57732e-17   5.12991e-10 9.48721e-19 0.0001   0.003673
HR_6 1787068313.218153000 0.780495   -0.736732 0.262449 -0.418781   0.230288 0.995385 0.0001   5e-05
QR_4 1787068313.218153000 -1.000000   2.22045e-16 0.0299999 2.57732e-17   5.12991e-10 9.48721e-19 0.0001   5e-05
HR_6 1787068313.228153000 0.780315   -0.736582 0.262489 -0.419533   0.230384 0.995232 0.0001   4.5e-05
QR_4 1787068313.228153000 -1.000000   2.22045e-16 0.0299999 2.57732e-17   5.12991e-10 9.48721e-19 0.0001   4.5e-05
HR_6 1787068313.238153000 0.780315   -0.736603 0.262492 -0.419523   0.230359 0.995215 0.0001   3.8e-05
QR_4 1787068313.238153000 -1.000000   2.22045e-16 0.0299999 2.57732e-17   5.12991e-10 9.48721e-19 0.0001   3.8e-05
HR_6 1787068313.248153000 0.780429   -0.73691 0.262459 -0.419196   0.230424 0.994912 0.0001   4e-05
QR_4 1787068313.248153000 -1.000000   2.22045e-16 0.0299999 2.57732e-17   5.12991e-10 9.48721e-19 0.0001   4e-05
HR_6 1787068313.258153000 0.780555   -0.73735 0.262449 -0.418817   0.230321 0.994354 0.0001   0.002212
QR_4 1787068313.258153000 -1.000000   2.22045e-16 0.0299999 2.57732e-17   5.12991e-10 9.48721e-19 0.0001   0.002212
HR_6 1787068313.268153000 0.780644   -0.737645 0.262499 -0.418336   0.229785 0.993711 0.0001   4.3e-05
QR_4 1787068313.268153000 -1.000000   2.22045e-16 0.0299999 2.57732e-17   5.12991e-10 9.48721e-19 0.0001   4.3e-05
HR_6 1787068313.278153000 0.780728   -0.737911 0.262526 -0.418026   0.229473 0.992997 0.0001   0.000727
QR_4 1787068313.278153000 -1.000000   2.22045e-16 0.0299999 2.57732e-17   5.12991e-10 9.48721e-19 0.0001   0.000727
HR_6 1787068313.288153000 0.780812   -0.738001 0.262511 -0.418206   0.229653 0.991905 0.0001   3.3e-05
QR_4 1787068313.288153000 -1.000000   2.22045e-16 0.0299999 2.57732e-17   5.12991e-10 9.48721e-19 0.0001   3.3e-05
HR_6 1787068313.298154000 0.780907   -0.737947 0.262438 -0.418659   0.230323 0.990734 0.0001   6.1e-05
QR_4 1787068313.298154000 -1.000000   2.22045e-16 0.0299999 2.57732e-17   5.12991e-10 9.48721e-19 0.0001   6.1e-05
HR_6 1787068313.308154000 0.780854   -0.737847 0.262455 -0.418972   0.230286 0.990437 0.0001   3.5e-05
QR_4 1787068313.308154000 -1.000000   2.22045e-16 0.0299999 2.57732e-17   5.12991e-10 9.48721e-19 0.0001   3.5e-05
HR_6 1787068313.318154000 0.780776   -0.737832 0.262601 -0.418543   0.229074 0.99045 0.0001   0.000627
QR_4 1787068313.318154000 -1.000000   2.22045e-16 0.0299999 2.57732e-17   5.12991e-10 9.48721e-19 0.0001   0.000627
HR_6 1787068313.328154000 0.780742   -0.738043 0.263025 -0.41571   0.225088 0.991492 0.0001   4e-05
QR_4 1787068313.328154000 -1.000000   2.22045e-16 0.0299999 2.57732e-17   5.12991e-10 9.48721e-19 0.0001   4e-05
HR_6 1787068313.338154000 0.780607   -0.738322 0.263266 -0.414428   0.222961 0.992736 0.0001   0.002257
QR_4 1787068313.338154000 -1.000000   2.22045e-16 0.0299999 2.57732e-17   5.12991e-10 9.48721e-19 0.0001   0.002257
HR_6 1787068313.348154000 0.780468   -0.738374 0.263349 -0.414632   0.222529 0.992745 0.0001   0.00155
QR_4 1787068313.348154000 -1.000000   2.22045e-16 0.0299999 2.57732e-17   5.12991e-10 9.48721e-19 0.0001   0.00155
HR_6 1787068313.358154000 0.780307   -0.738254 0.263377 -0.415792   0.222891 0.991648 0.0001   2e-05
QR_4 1787068313.358154000 -1.000000   2.22045e-16 0.0299999 2.57732e-17   5.12991e-10 9.48721e-19 0.0001   2e-05
HR_6 1787068313.368154000 0.780171   -0.737971 0.263351 -0.417462   0.223833 0.990193 0.0001   0.00028
QR_4 1787068313.368154000 -1.000000   2.22045e-16 0.0299999 2.57732e-17   5.12991e-10 9.48721e-19 0.0001   0.00028
HR_6 1787068313.378154000 0.780036   -0.737675 0.263301 -0.419061   0.224883 0.988736 0.0001   3e-05
QR_4 1787068313.378154000 -1.000000   2.22045e-16 0.0299999 2.57732e-17   5.12991e-10 9.48721e-19 0.0001   3e-05
HR_6 1787068313.388154000 0.779835   -0.737207 0.263239 -0.421265   0.226281 0.987062 0.0001   3e-06
QR_4 1787068313.388154000 -1.000000   2.22045e-16 0.0299999 2.57732e-17   5.12991e-10 9.48721e-19 0.0001   3e-06
HR_6 1787068313.398155000 0.779704   -0.736785 0.263165 -0.422981   0.227528 0.986034 0.0001   7e-05
QR_4 1787068313.398155000 -1.000000   2.22045e-16 0.0299999 2.57732e-17   5.12991e-10 9.48721e-19 0.0001   7e-05
HR_6 1787068313.408139000 0.779611   -0.736445 0.263189 -0.423718   0.227867 0.985551 0.0001   2e-06
QR_4 1787068313.408139000 -1.000000   2.22045e-16 0.0299999 2.57732e-17   5.12991e-10 9.48721e-19 0.0001   2e-06
HR_6 1787068313.418140000 0.779526   -0.736233 0.263366 -0.422584   0.226131 0.985447 0.0001   0.000119
QR_4 1787068313.418140000 -1.000000   2.22045e-16 0.0299999 2.57732e-17   5.12991e-10 9.48721e-19 0.0001   0.000119
HR_6 1787068313.428140000 0.779373   -0.736095 0.263398 -0.422847   0.226046 0.985927 0.0001   5.9e-05
QR_4 1787068313.428140000 -1.000000   2.22045e-16 0.0299999 2.57732e-17   5.12991e-10 9.48721e-19 0.0001   5.9e-05
HR_6 1787068313.438140000 0.779198   -0.735867 0.263391 -0.423246   0.226275 0.98657 0.0001   2.9e-05
QR_4 1787068313.438140000 -1.000000   2.22045e-16 0.0299999 2.57732e-17   5.12991e-10 9.48721e-19 0.0001   2.9e-05
HR_6 1787068313.448140000 0.779035   -0.735602 0.263367 -0.42384   0.226692 0.987045 0.0001   8.6e-05
QR_4 1787068313.448140000 -1.000000   2.22045e-16 0.0299999 2.57732e-17   5.12991e-10 9.48721e-19 0.0001   8.6e-05
HR_6 1787068313.458140000 0.778881   -0.735135 0.263318 -0.424947   0.22749 0.987145 0.0001   0.002492
QR_4 1787068313.458140000 -1.000000   2.22045e-16 0.0299999 2.57732e-17   5.12991e-10 9.48721e-19 0.0001   0.002492
HR_6 1787068313.468140000 0.778875   -0.735125 0.263392 -0.425292   0.227382 0.987264 0.0001   0.001201
QR_4 1787068313.468140000 -1.000000   2.22045e-16 0.0299999 2.57732e-17   5.12991e-10 9.48721e-19 0.0001   0.001201
HR_6 1787068313.478140000 0.778910   -0.735424 0.263443 -0.425676   0.226985 0.987246 0.0001   2.5e-05
QR_4 1787068313.478140000 -1.000000   2.22045e-16 0.0299999 2.57732e-17   5.12991e-10 9.48721e-19 0.0001   2.5e-05
HR_6 1787068313.488140000 0.779031   -0.735719 0.263443 -0.42533   0.226836 0.986544 0.0001   7e-05
QR_4 1787068313.488140000 -1.000000   2.22045e-16 0.0299999 2.57732e-17   5.12991e-10 9.48721e-19 0.0001   7e-05
HR_6 1787068313.498140000 0.779176   -0.73592 0.263431 -0.425325   0.226912 0.985054 0.0001   0.001199
QR_4 1787068313.498140000 -1.000000   2.22045e-16 0.0299999 2.57732e-17   5.12991e-10 9.48721e-19 0.0001   0.001199
HR_6 1787068313.508140000 0.779330   -0.736049 0.263416 -0.42534   0.227018 0.983503 0.0001   5.2e-05
QR_4 1787068313.508140000 -1.000000   2.22045e-16 0.0299999 2.57732e-17   5.12991e-10 9.48721e-19 0.0001   5.2e-05
HR_6 1787068313.518141000 0.779504   -0.736334 0.263403 -0.425406   0.227136 0.981603 0.0001   6.5e-05
QR_4 1787068313.518141000 -1.000000   2.22045e-16 0.0299999 2.57732e-17   5.12991e-10 9.48721e-19 0.0001   6.5e-05
HR_6 1787068313.528141000 0.779571   -0.736622 0.263393 -0.425302   0.227154 0.98116 0.0001   2.3e-05
QR_4 1787068313.528141000 -1.000000   2.22045e-16 0.0299999 2.57732e-17   5.12991e-10 9.48721e-19 0.0001   2.3e-05
HR_6 1787068313.538141000 0.779708   -0.736952 0.263402 -0.424384   0.226692 0.980343 0.0001   2.7e-05
QR_4 1787068313.538141000 -1.000000   2.22045e-16 0.0299999 2.57732e-17   5.12991e-10 9.48721e-19 0.0001   2.7e-05
HR_6 1787068313.548141000 0.779822   -0.73715 0.2634 -0.424117   0.226595 0.979294 0.0001   5.1e-05
QR_4 1787068313.548141000 -1.000000   2.22045e-16 0.0299999 2.57732e-17   5.12991e-10 9.48721e-19 0.0001   5.1e-05
HR_6 1787068313.558141000 0.779902   -0.737192 0.263367 -0.424369   0.226918 0.978221 0.0001   0.000495
QR_4 1787068313.558141000 -1.000000   2.22045e-16 0.0299999 2.57732e-17   5.12991e-10 9.48721e-19 0.0001   0.000495
HR_6 1787068313.568141000 0.779942   -0.737131 0.263324 -0.424845   0.227404 0.977337 0.0001   3.5e-05
QR_4 1787068313.568141000 -1.000000   2.22045e-16 0.0299999 2.57732e-17   5.12991e-10 9.48721e-19 0.0001   3.5e-05
HR_6 1787068313.578141000 0.779998   -0.737162 0.263307 -0.424707   0.227453 0.977162 0.0001   6.1e-05
QR_4 1787068313.578141000 -1.000000   2.22045e-16 0.0299999 2.57732e-17   5.12991e-10 9.48721e-19 0.0001   6.1e-05
HR_6 1787068313.588141000 0.780014   -0.73722 0.263308 -0.424729   0.227459 0.976905 0.0001   0.001508
QR_4 1787068313.588141000 -1.000000   2.22045e-16 0.0299999 2.57732e-17   5.12991e-10 9.48721e-19 0.0001   0.001508
HR_6 1787068313.598141000 0.780075   -0.737357 0.263311 -0.424716   0.227438 0.976227 0.0001   4.4e-05
QR_4 1787068313.598141000 -1.000000   2.22045e-16 0.0299999 2.57732e-17   5.12991e-10 9.48721e-19 0.0001   4.4e-05
HR_6 1787068313.608141000 0.780159   -0.737463 0.263285 -0.424607   0.227557 0.975708 0.0001   6.4e-05
QR_4 1787068313.608141000 -1.000000   2.22045e-16 0.0299999 2.57732e-17   5.12991e-10 9.48721e-19 0.0001   6.4e-05
HR_6 1787068313.618142000 0.780278   -0.73785 0.26329 -0.424449   0.227455 0.974581 0.0001   0.000676
QR_4 1787068313.618142000 -1.000000   2.22045e-16 0.0299999 2.57732e-17   5.12991e-10 9.48721e-19 0.0001   0.000676
HR_6 1787068313.628142000 0.780468   -0.738168 0.263283 -0.424174   0.227379 0.972859 0.0001   4e-05
QR_4 1787068313.628142000 -1.000000   2.22045e-16 0.0299999 2.57732e-17   5.12991e-10 9.48721e-19 0.0001   4e-05
HR_6 1787068313.638142000 0.780579   -0.738345 0.263267 -0.42414   0.22747 0.971562 0.0001   6e-05
QR_4 1787068313.638142000 -1.000000   2.22045e-16 0.0299999 2.57732e-17   5.12991e-10 9.48721e-19 0.0001   6e-05
HR_6 1787068313.648142000 0.780666   -0.73849 0.263244 -0.424294   0.227683 0.970534 0.0001   0.001598
QR_4 1787068313.648142000 -1.000000   2.22045e-16 0.0299999 2.57732e-17   5.12991e-10 9.48721e-19 0.0001   0.001598
HR_6 1787068313.658142000 0.780715   -0.738622 0.263255 -0.423873   0.227432 0.970389 0.0001   5.5e-05
QR_4 1787068313.658142000 -1.000000   2.22045e-16 0.0299999 2.57732e-17   5.12991e-10 9.48721e-19 0.0001   5.5e-05
HR_6 1787068313.668142000 0.780727   -0.738633 0.263249 -0.423595   0.227349 0.970772 0.0001   5.3e-05
QR_4 1787068313.668142000 -1.000000   2.22045e-16 0.0299999 2.57732e-17   5.12991e-10 9.48721e-19 0.0001   5.3e-05
HR_6 1787068313.678142000 0.780742   -0.738533 0.26321 -0.423324   0.22748 0.971513 0.0001   3.8e-05
QR_4 1787068313.678142000 -1.000000   2.22045e-16 0.0299999 2.57732e-17   5.12991e-10 9.48721e-19 0.0001   3.8e-05
HR_6 1787068313.688142000 0.780744   -0.738308 0.263114 -0.423594   0.228212 0.97159 0.0001   3.7e-05
QR_4 1787068313.688142000 -1.000000   2.22045e-16 0.0299999 2.57732e-17   5.12991e-10 9.48721e-19 0.0001   3.7e-05
HR_6 1787068313.698142000 0.780840   -0.738174 0.263142 -0.423092   0.227596 0.971004 0.0001   0.00018
QR_4 1787068313.698142000 -1.000000   2.22045e-16 0.0299999 2.57732e-17   5.12991e-10 9.48721e-19 0.0001   0.00018
HR_6 1787068313.708142000 0.780906   -0.73806 0.263071 -0.423252   0.228128 0.970729 0.0001   3e-05
QR_4 1787068313.708142000 -1.000000   2.22045e-16 0.0299999 2.57732e-17   5.12991e-10 9.48721e-19 0.0001   3e-05
HR_6 1787068313.718143000 0.781012   -0.738094 0.263013 -0.422999   0.228402 0.970652 0.0001   6.4e-05
QR_4 1787068313.718143000 -1.000000   2.22045e-16 0.0299999 2.57732e-17   5.12991e-10 9.48721e-19 0.0001   6.4e-05
HR_6 1787068313.728143000 0.781175   -0.738348 0.262954 -0.422441   0.228538 0.970496 0.0001   6.6e-05
QR_4 1787068313.728143000 -1.000000   2.22045e-16 0.0299999 2.57732e-17   5.12991e-10 9.48721e-19 0.0001   6.6e-05
HR_6 1787068313.738143000 0.781382   -0.738541 0.26289 -0.421473   0.22852 0.970365 0.0001   0.000921
QR_4 1787068313.738143000 -1.000000   2.22045e-16 0.0299999 2.57732e-17   5.12991e-10 9.48721e-19 0.0001   0.000921
HR_6 1787068313.748143000 0.781585   -0.738646 0.262813 -0.420707   0.22868 0.970342 0.0001   6.6e-05
QR_4 1787068313.748143000 -1.000000   2.22045e-16 0.0299999 2.57732e-17   5.12991e-10 9.48721e-19 0.0001   6.6e-05
HR_6 1787068313.758143000 0.781749   -0.738676 0.26273 -0.420328   0.229046 0.970063 0.0001   3.2e-05
QR_4 1787068313.758143000 -1.000000   2.22045e-16 0.0299999 2.57732e-17   5.12991e-10 9.48721e-19 0.0001   3.2e-05
HR_6 1787068313.768143000 0.781953   -0.738626 0.262599 -0.420052   0.229766 0.969634 0.0001   6.9e-05
QR_4 1787068313.768143000 -1.000000   2.22045e-16 0.0299999 2.57732e-17   5.12991e-10 9.48721e-19 0.0001   6.9e-05
HR_6 1787068313.778143000 0.782063   -0.738612 0.26254 -0.419776   0.230072 0.969635 0.0001   3.4e-05
QR_4 1787068313.778143000 -1.000000   2.22045e-16 0.0299999 2.57732e-17   5.12991e-10 9.48721e-19 0.0001   3.4e-05
HR_6 1787068313.788143000 0.782265   -0.738835 0.262452 -0.419149   0.230354 0.969457 0.0001   5.9e-05
QR_4 1787068313.788143000 -1.000000   2.22045e-16 0.0299999 2.57732e-17   5.12991e-10 9.48721e-19 0.0001   5.9e-05
HR_6 1787068313.798143000 0.782475   -0.739268 0.262448 -0.418673   0.230175 0.968751 0.0001   2.9e-05
QR_4 1787068313.798143000 -1.000000   2.22045e-16 0.0299999 2.57732e-17   5.12991e-10 9.48721e-19 0.0001   2.9e-05
HR_6 1787068313.808144000 0.782575   -0.739499 0.262458 -0.418259   0.229925 0.967845 0.0001   0.000387
QR_4 1787068313.808144000 -1.000000   2.22045e-16 0.0299999 2.57732e-17   5.12991e-10 9.48721e-19 0.0001   0.000387
HR_6 1787068313.818144000 0.782747   -0.739797 0.262462 -0.418067   0.229822 0.966222 0.0001   5.4e-05
QR_4 1787068313.818144000 -1.000000   2.22045e-16 0.0299999 2.57732e-17   5.12991e-10 9.48721e-19 0.0001   5.4e-05
HR_6 1787068313.828144000 0.782847   -0.739925 0.262444 -0.417985   0.229898 0.965352 0.0001   0.000394
QR_4 1787068313.828144000 -1.000000   2.22045e-16 0.0299999 2.57732e-17   5.12991e-10 9.48721e-19 0.0001   0.000394
HR_6 1787068313.838144000 0.782888   -0.740049 0.262461 -0.417618   0.229629 0.96532 0.0001   3.9e-05
QR_4 1787068313.838144000 -1.000000   2.22045e-16 0.0299999 2.57732e-17   5.12991e-10 9.48721e-19 0.0001   3.9e-05
HR_6 1787068313.848144000 0.782893   -0.740046 0.262458 -0.417481   0.229592 0.96556 0.0001   5.4e-05
QR_4 1787068313.848144000 -1.000000   2.22045e-16 0.0299999 2.57732e-17   5.12991e-10 9.48721e-19 0.0001   5.4e-05
HR_6 1787068313.858144000 0.782873   -0.740005 0.262447 -0.417438   0.229649 0.965803 0.0001   2.6e-05
QR_4 1787068313.858144000 -1.000000   2.22045e-16 0.0299999 2.57732e-17   5.12991e-10 9.48721e-19 0.0001   2.6e-05
HR_6 1787068313.868144000 0.782779   -0.739834 0.262443 -0.418199   0.230018 0.965503 0.0001   5e-05
QR_4 1787068313.868144000 -1.000000   2.22045e-16 0.0299999 2.57732e-17   5.12991e-10 9.48721e-19 0.0001   5e-05
HR_6 1787068313.878144000 0.782706   -0.739705 0.262443 -0.418983   0.230375 0.964883 0.0001   0.000343
QR_4 1787068313.878144000 -1.000000   2.22045e-16 0.0299999 2.57732e-17   5.12991e-10 9.48721e-19 0.0001   0.000343
HR_6 1787068313.888144000 0.782729   -0.739724 0.262807 -0.416446   0.226844 0.964976 0.0001   2.1e-05
QR_4 1787068313.888144000 -1.000000   2.22045e-16 0.0299999 2.57732e-17   5.12991e-10 9.48721e-19 0.0001   2.1e-05
HR_6 1787068313.898144000 0.782776   -0.739882 0.263224 -0.413123   0.222646 0.965875 0.0001   0.000173
QR_4 1787068313.898144000 -1.000000   2.22045e-16 0.0299999 2.57732e-17   5.12991e-10 9.48721e-19 0.0001   0.000173
HR_6 1787068313.908145000 0.782753   -0.740077 0.26354 -0.410406   0.21934 0.966723 0.0001   4.2e-05
QR_4 1787068313.908145000 -1.000000   2.22045e-16 0.0299999 2.57732e-17   5.12991e-10 9.48721e-19 0.0001   4.2e-05
HR_6 1787068313.918145000 0.782709   -0.740242 0.263661 -0.409868   0.218312 0.966409 0.0001   6.2e-05
QR_4 1787068313.918145000 -1.000000   2.22045e-16 0.0299999 2.57732e-17   5.12991e-10 9.48721e-19 0.0001   6.2e-05
HR_6 1787068313.928145000 0.782668   -0.740208 0.263654 -0.410208   0.21852 0.96593 0.0001   6e-05
QR_4 1787068313.928145000 -1.000000   2.22045e-16 0.0299999 2.57732e-17   5.12991e-10 9.48721e-19 0.0001   6e-05
HR_6 1787068313.938145000 0.782603   -0.740003 0.263623 -0.411445   0.219312 0.964669 0.0001   4.7e-05
QR_4 1787068313.938145000 -1.000000   2.22045e-16 0.0299999 2.57732e-17   5.12991e-10 9.48721e-19 0.0001   4.7e-05
HR_6 1787068313.948145000 0.782526   -0.73966 0.263557 -0.412969   0.220459 0.963476 0.0001   0.000283
QR_4 1787068313.948145000 -1.000000   2.22045e-16 0.0299999 2.57732e-17   5.12991e-10 9.48721e-19 0.0001   0.000283
HR_6 1787068313.958145000 0.782438   -0.739319 0.263498 -0.414296   0.221465 0.962707 0.0001   0.001848
QR_4 1787068313.958145000 -1.000000   2.22045e-16 0.0299999 2.57732e-17   5.12991e-10 9.48721e-19 0.0001   0.001848
HR_6 1787068313.968145000 0.782308   -0.738892 0.263423 -0.415437   0.222481 0.962645 0.0001   5.5e-05
QR_4 1787068313.968145000 -1.000000   2.22045e-16 0.0299999 2.57732e-17   5.12991e-10 9.48721e-19 0.0001   5.5e-05
HR_6 1787068313.978145000 0.782129   -0.738341 0.263342 -0.417145   0.22379 0.962318 0.0001   6.8e-05
QR_4 1787068313.978145000 -1.000000   2.22045e-16 0.0299999 2.57732e-17   5.12991e-10 9.48721e-19 0.0001   6.8e-05
HR_6 1787068313.988145000 0.781953   -0.7377 0.263232 -0.418926   0.225312 0.962267 0.0001   5e-05
QR_4 1787068313.988145000 -1.000000   2.22045e-16 0.0299999 2.57732e-17   5.12991e-10 9.48721e-19 0.0001   5e-05
HR_6 1787068313.998145000 0.781769   -0.737015 0.263112 -0.420612   0.226848 0.962458 0.0001   0.000283
QR_4 1787068313.998145000 -1.000000   2.22045e-16 0.0299999 2.57732e-17   5.12991e-10 9.48721e-19 0.0001   0.000283
HR_6 1787068314.008146000 0.781623   -0.736453 0.263009 -0.421959   0.228113 0.962767 0.0001   1.7e-05
QR_4 1787068314.008146000 -1.000000   2.22045e-16 0.0299999 2.57732e-17   5.12991e-10 9.48721e-19 0.0001   1.7e-05
HR_6 1787068314.018146000 0.781536   -0.735901 0.263082 -0.422055   0.227756 0.962688 0.0001   3.6e-05
QR_4 1787068314.018146000 -1.000000   2.22045e-16 0.0299999 2.57732e-17   5.12991e-10 9.48721e-19 0.0001   3.6e-05
HR_6 1787068314.028146000 0.781500   -0.735681 0.263192 -0.42158   0.226838 0.962768 0.0001   0.000209
QR_4 1787068314.028146000 -1.000000   2.22045e-16 0.0299999 2.57732e-17   5.12991e-10 9.48721e-19 0.0001   0.000209
HR_6 1787068314.038146000 0.781390   -0.735462 0.263193 -0.422148   0.227087 0.96296 0.0001   2.3e-05
QR_4 1787068314.038146000 -1.000000   2.22045e-16 0.0299999 2.57732e-17   5.12991e-10 9.48721e-19 0.0001   2.3e-05
HR_6 1787068314.048146000 0.781273   -0.735219 0.263146 -0.422555   0.227573 0.962766 0.0001   0.000227
QR_4 1787068314.048146000 -1.000000   2.22045e-16 0.0299999 2.57732e-17   5.12991e-10 9.48721e-19 0.0001   0.000227
HR_6 1787068314.058146000 0.781214   -0.734955 0.263091 -0.423206   0.228212 0.962825 0.0001   2.7e-05
QR_4 1787068314.058146000 -1.000000   2.22045e-16 0.0299999 2.57732e-17   5.12991e-10 9.48721e-19 0.0001   2.7e-05
HR_6 1787068314.068146000 0.781163   -0.734867 0.263109 -0.423673   0.228274 0.962738 0.0001   3.9e-05
QR_4 1787068314.068146000 -1.000000   2.22045e-16 0.0299999 2.57732e-17   5.12991e-10 9.48721e-19 0.0001   3.9e-05
HR_6 1787068314.078146000 0.781195   -0.73516 0.263117 -0.423691   0.228228 0.962241 0.0001   6.8e-05
QR_4 1787068314.078146000 -1.000000   2.22045e-16 0.0299999 2.57732e-17   5.12991e-10 9.48721e-19 0.0001   6.8e-05
HR_6 1787068314.088146000 0.781300   -0.735658 0.263105 -0.423556   0.228247 0.961437 0.0001   4.7e-05
QR_4 1787068314.088146000 -1.000000   2.22045e-16 0.0299999 2.57732e-17   5.12991e-10 9.48721e-19 0.0001   4.7e-05
HR_6 1787068314.098146000 0.781494   -0.736551 0.263079 -0.4233   0.228301 0.959984 0.0001   5.2e-05
QR_4 1787068314.098146000 -1.000000   2.22045e-16 0.0299999 2.57732e-17   5.12991e-10 9.48721e-19 0.0001   5.2e-05
HR_6 1787068314.108147000 0.781679   -0.737525 0.263065 -0.423131   0.228318 0.958345 0.0001   2e-05
QR_4 1787068314.108147000 -1.000000   2.22045e-16 0.0299999 2.57732e-17   5.12991e-10 9.48721e-19 0.0001   2e-05
HR_6 1787068314.118147000 0.781970   -0.738775 0.263103 -0.422395   0.227751 0.955661 0.0001   4.2e-05
QR_4 1787068314.118147000 -1.000000   2.22045e-16 0.0299999 2.57732e-17   5.12991e-10 9.48721e-19 0.0001   4.2e-05
HR_6 1787068314.128147000 0.782239   -0.739546 0.263204 -0.421097   0.226528 0.953836 0.0001   2.7e-05
QR_4 1787068314.128147000 -1.000000   2.22045e-16 0.0299999 2.57732e-17   5.12991e-10 9.48721e-19 0.0001   2.7e-05
HR_6 1787068314.138147000 0.782573   -0.740411 0.263277 -0.420319   0.225709 0.95011 0.0001   0.001269
QR_4 1787068314.138147000 -1.000000   2.22045e-16 0.0299999 2.57732e-17   5.12991e-10 9.48721e-19 0.0001   0.001269
HR_6 1787068314.148147000 0.782885   -0.741089 0.263318 -0.420137   0.225367 0.946295 0.0001   0.000914
QR_4 1787068314.148147000 -1.000000   2.22045e-16 0.0299999 2.57732e-17   5.12991e-10 9.48721e-19 0.0001   0.000914
HR_6 1787068314.158147000 0.783011   -0.74142 0.263353 -0.420261   0.225201 0.944168 0.0001   2e-06
QR_4 1787068314.158147000 -1.000000   2.22045e-16 0.0299999 2.57732e-17   5.12991e-10 9.48721e-19 0.0001   2e-06
HR_6 1787068314.168147000 0.783119   -0.741864 0.263432 -0.420603   0.224846 0.941299 0.0001   2.1e-05
QR_4 1787068314.168147000 -1.000000   2.22045e-16 0.0299999 2.57732e-17   5.12991e-10 9.48721e-19 0.0001   2.1e-05
HR_6 1787068314.178147000 0.783160   -0.742167 0.263505 -0.421301   0.224696 0.938631 0.0001   0.000209
QR_4 1787068314.178147000 -1.000000   2.22045e-16 0.0299999 2.57732e-17   5.12991e-10 9.48721e-19 0.0001   0.000209
HR_6 1787068314.188147000 0.783165   -0.742288 0.263541 -0.422027   0.224795 0.936793 0.0001   3.5e-05
QR_4 1787068314.188147000 -1.000000   2.22045e-16 0.0299999 2.57732e-17   5.12991e-10 9.48721e-19 0.0001   3.5e-05
HR_6 1787068314.198147000 0.783129   -0.742301 0.263562 -0.423092   0.225132 0.934908 0.0001   8.3e-05
QR_4 1787068314.198147000 -1.000000   2.22045e-16 0.0299999 2.57732e-17   5.12991e-10 9.48721e-19 0.0001   8.3e-05
HR_6 1787068314.208148000 0.783063   -0.742232 0.263579 -0.424108   0.225482 0.933615 0.0001   0.001202
QR_4 1787068314.208148000 -1.000000   2.22045e-16 0.0299999 2.57732e-17   5.12991e-10 9.48721e-19 0.0001   0.001202
HR_6 1787068314.218148000 0.782940   -0.742029 0.263551 -0.425324   0.226199 0.932444 0.0001   0.000149
QR_4 1787068314.218148000 -1.000000   2.22045e-16 0.0299999 2.57732e-17   5.12991e-10 9.48721e-19 0.0001   0.000149
HR_6 1787068314.228148000 0.782815   -0.741818 0.263545 -0.426367   0.226665 0.931672 0.0001   2.1e-05
QR_4 1787068314.228148000 -1.000000   2.22045e-16 0.0299999 2.57732e-17   5.12991e-10 9.48721e-19 0.0001   2.1e-05
HR_6 1787068314.238148000 0.782734   -0.7418 0.26366 -0.426992   0.226203 0.930145 0.0001   0.000382
QR_4 1787068314.238148000 -1.000000   2.22045e-16 0.0299999 2.57732e-17   5.12991e-10 9.48721e-19 0.0001   0.000382
HR_6 1787068314.248148000 0.782632   -0.742004 0.263724 -0.427518   0.226025 0.929466 0.0001   3.7e-05
QR_4 1787068314.248148000 -1.000000   2.22045e-16 0.0299999 2.57732e-17   5.12991e-10 9.48721e-19 0.0001   3.7e-05
HR_6 1787068314.258148000 0.782622   -0.74247 0.263855 -0.427114   0.225015 0.928756 0.0001   0.002016
QR_4 1787068314.258148000 -1.000000   2.22045e-16 0.0299999 2.57732e-17   5.12991e-10 9.48721e-19 0.0001   0.002016
HR_6 1787068314.268148000 0.782599   -0.742827 0.263973 -0.426977   0.224196 0.927566 0.0001   4.8e-05
QR_4 1787068314.268148000 -1.000000   2.22045e-16 0.0299999 2.57732e-17   5.12991e-10 9.48721e-19 0.0001   4.8e-05
HR_6 1787068314.278148000 0.782579   -0.743026 0.264044 -0.427017   0.223766 0.926796 0.0001   2.2e-05
QR_4 1787068314.278148000 -1.000000   2.22045e-16 0.0299999 2.57732e-17   5.12991e-10 9.48721e-19 0.0001   2.2e-05
HR_6 1787068314.288148000 0.782555   -0.74312 0.264067 -0.427242   0.223719 0.925951 0.0001   0.000292
QR_4 1787068314.288148000 -1.000000   2.22045e-16 0.0299999 2.57732e-17   5.12991e-10 9.48721e-19 0.0001   0.000292
HR_6 1787068314.298148000 0.782522   -0.743118 0.264085 -0.427938   0.22391 0.924827 0.0001   4.1e-05
QR_4 1787068314.298148000 -1.000000   2.22045e-16 0.0299999 2.57732e-17   5.12991e-10 9.48721e-19 0.0001   4.1e-05
HR_6 1787068314.308149000 0.782497   -0.742994 0.264061 -0.428649   0.224377 0.924099 0.0001   0.002998
QR_4 1787068314.308149000 -1.000000   2.22045e-16 0.0299999 2.57732e-17   5.12991e-10 9.48721e-19 0.0001   0.002998
HR_6 1787068314.318149000 0.782446   -0.742847 0.26403 -0.429044   0.224751 0.923924 0.0001   0.001232
QR_4 1787068314.318149000 -1.000000   2.22045e-16 0.0299999 2.57732e-17   5.12991e-10 9.48721e-19 0.0001   0.001232
HR_6 1787068314.328149000 0.782402   -0.742659 0.264012 -0.429427   0.225036 0.923458 0.0001   3.5e-05
QR_4 1787068314.328149000 -1.000000   2.22045e-16 0.0299999 2.57732e-17   5.12991e-10 9.48721e-19 0.0001   3.5e-05
HR_6 1787068314.338149000 0.782367   -0.742749 0.264088 -0.429122   0.224189 0.923486 0.0001   2.4e-05
QR_4 1787068314.338149000 -1.000000   2.22045e-16 0.0299999 2.57732e-17   5.12991e-10 9.48721e-19 0.0001   2.4e-05
HR_6 1787068314.348149000 0.782324   -0.742807 0.264122 -0.428897   0.223886 0.923594 0.0001   0.000766
QR_4 1787068314.348149000 -1.000000   2.22045e-16 0.0299999 2.57732e-17   5.12991e-10 9.48721e-19 0.0001   0.000766
HR_6 1787068314.358149000 0.782281   -0.742742 0.264114 -0.429116   0.224044 0.923529 0.0001   1.8e-05
QR_4 1787068314.358149000 -1.000000   2.22045e-16 0.0299999 2.57732e-17   5.12991e-10 9.48721e-19 0.0001   1.8e-05
HR_6 1787068314.368149000 0.782224   -0.742569 0.264094 -0.429761   0.224467 0.923277 0.0001   4.6e-05
QR_4 1787068314.368149000 -1.000000   2.22045e-16 0.0299999 2.57732e-17   5.12991e-10 9.48721e-19 0.0001   4.6e-05
HR_6 1787068314.378149000 0.782187   -0.742467 0.264094 -0.430139   0.224642 0.923043 0.0001   0.001571
QR_4 1787068314.378149000 -1.000000   2.22045e-16 0.0299999 2.57732e-17   5.12991e-10 9.48721e-19 0.0001   0.001571
HR_6 1787068314.388144000 0.782168   -0.742526 0.264109 -0.430219   0.224589 0.922955 0.0001   1e-06
QR_4 1787068314.388144000 -1.000000   2.22045e-16 0.0299999 2.57732e-17   5.12991e-10 9.48721e-19 0.0001   1e-06
HR_6 1787068314.398144000 0.782213   -0.742699 0.264099 -0.430081   0.224602 0.922809 0.0001   4.9e-05
QR_4 1787068314.398144000 -1.000000   2.22045e-16 0.0299999 2.57732e-17   5.12991e-10 9.48721e-19 0.0001   4.9e-05
HR_6 1787068314.408144000 0.782255   -0.742752 0.264074 -0.429631   0.224578 0.923056 0.0001   2e-05
QR_4 1787068314.408144000 -1.000000   2.22045e-16 0.0299999 2.57732e-17   5.12991e-10 9.48721e-19 0.0001   2e-05
HR_6 1787068314.418144000 0.782306   -0.742681 0.264024 -0.429445   0.224825 0.923416 0.0001   1.9e-05
QR_4 1787068314.418144000 -1.000000   2.22045e-16 0.0299999 2.57732e-17   5.12991e-10 9.48721e-19 0.0001   1.9e-05
HR_6 1787068314.428144000 0.782342   -0.74263 0.264107 -0.42862   0.223923 0.923445 0.0001   2.9e-05
QR_4 1787068314.428144000 -1.000000   2.22045e-16 0.0299999 2.57732e-17   5.12991e-10 9.48721e-19 0.0001   2.9e-05
HR_6 1787068314.438144000 0.782361   -0.742701 0.264247 -0.42717   0.222395 0.923789 0.0001   4.5e-05
QR_4 1787068314.438144000 -1.000000   2.22045e-16 0.0299999 2.57732e-17   5.12991e-10 9.48721e-19 0.0001   4.5e-05
HR_6 1787068314.448144000 0.782349   -0.74274 0.264267 -0.426631   0.222035 0.924714 0.0001   2.3e-05
QR_4 1787068314.448144000 -1.000000   2.22045e-16 0.0299999 2.57732e-17   5.12991e-10 9.48721e-19 0.0001   2.3e-05
HR_6 1787068314.458144000 0.782347   -0.742698 0.264257 -0.427007   0.222275 0.924004 0.0001   3.4e-05
QR_4 1787068314.458144000 -1.000000   2.22045e-16 0.0299999 2.57732e-17   5.12991e-10 9.48721e-19 0.0001   3.4e-05
HR_6 1787068314.468144000 0.782342   -0.742509 0.264195 -0.427674   0.222975 0.923441 0.0001   3.1e-05
QR_4 1787068314.468144000 -1.000000   2.22045e-16 0.0299999 2.57732e-17   5.12991e-10 9.48721e-19 0.0001   3.1e-05
HR_6 1787068314.478144000 0.782343   -0.74222 0.264106 -0.428631   0.223975 0.922764 0.0001   2.5e-05
QR_4 1787068314.478144000 -1.000000   2.22045e-16 0.0299999 2.57732e-17   5.12991e-10 9.48721e-19 0.0001   2.5e-05
HR_6 1787068314.488145000 0.782356   -0.741905 0.264012 -0.429543   0.225015 0.922143 0.0001   2.5e-05
QR_4 1787068314.488145000 -1.000000   2.22045e-16 0.0299999 2.57732e-17   5.12991e-10 9.48721e-19 0.0001   2.5e-05
HR_6 1787068314.498145000 0.782445   -0.742068 0.264059 -0.429437   0.224671 0.921298 0.0001   0.001119
QR_4 1787068314.498145000 -1.000000   2.22045e-16 0.0299999 2.57732e-17   5.12991e-10 9.48721e-19 0.0001   0.001119
HR_6 1787068314.508145000 0.782496   -0.742399 0.264134 -0.429084   0.224045 0.920418 0.0001   1.8e-05
QR_4 1787068314.508145000 -1.000000   2.22045e-16 0.0299999 2.57732e-17   5.12991e-10 9.48721e-19 0.0001   1.8e-05
HR_6 1787068314.518145000 0.782550   -0.742639 0.264179 -0.428585   0.223541 0.920112 0.0001   7e-05
QR_4 1787068314.518145000 -1.000000   2.22045e-16 0.0299999 2.57732e-17   5.12991e-10 9.48721e-19 0.0001   7e-05
HR_6 1787068314.528145000 0.782557   -0.742722 0.264203 -0.428949   0.223549 0.919046 0.0001   3.9e-05
QR_4 1787068314.528145000 -1.000000   2.22045e-16 0.0299999 2.57732e-17   5.12991e-10 9.48721e-19 0.0001   3.9e-05
HR_6 1787068314.538145000 0.782535   -0.742653 0.264186 -0.429521   0.223917 0.918156 0.0001   3.9e-05
QR_4 1787068314.538145000 -1.000000   2.22045e-16 0.0299999 2.57732e-17   5.12991e-10 9.48721e-19 0.0001   3.9e-05
HR_6 1787068314.548145000 0.782503   -0.742565 0.264165 -0.430083   0.224298 0.917503 0.0001   8e-05
QR_4 1787068314.548145000 -1.000000   2.22045e-16 0.0299999 2.57732e-17   5.12991e-10 9.48721e-19 0.0001   8e-05
HR_6 1787068314.558145000 0.782451   -0.742445 0.26416 -0.430507   0.224517 0.916779 0.0001   4.6e-05
QR_4 1787068314.558145000 -1.000000   2.22045e-16 0.0299999 2.57732e-17   5.12991e-10 9.48721e-19 0.0001   4.6e-05
HR_6 1787068314.568145000 0.782411   -0.742513 0.264216 -0.430481   0.223845 0.916886 0.0001   5.7e-05
QR_4 1787068314.568145000 -1.000000   2.22045e-16 0.0299999 2.57732e-17   5.12991e-10 9.48721e-19 0.0001   5.7e-05
HR_6 1787068314.578145000 0.782363   -0.742536 0.264254 -0.430522   0.223634 0.91695 0.0001   5.4e-05
QR_4 1787068314.578145000 -1.000000   2.22045e-16 0.0299999 2.57732e-17   5.12991e-10 9.48721e-19 0.0001   5.4e-05
HR_6 1787068314.588146000 0.782297   -0.742514 0.264288 -0.430656   0.223484 0.917066 0.0001   6.7e-05
QR_4 1787068314.588146000 -1.000000   2.22045e-16 0.0299999 2.57732e-17   5.12991e-10 9.48721e-19 0.0001   6.7e-05
HR_6 1787068314.598146000 0.782145   -0.742371 0.264317 -0.43121   0.223556 0.917217 0.0001   7.7e-05
QR_4 1787068314.598146000 -1.000000   2.22045e-16 0.0299999 2.57732e-17   5.12991e-10 9.48721e-19 0.0001   7.7e-05
HR_6 1787068314.608146000 0.782022   -0.742165 0.264317 -0.431771   0.223814 0.917501 0.0001   3.8e-05
QR_4 1787068314.608146000 -1.000000   2.22045e-16 0.0299999 2.57732e-17   5.12991e-10 9.48721e-19 0.0001   3.8e-05
HR_6 1787068314.618146000 0.781996   -0.742174 0.264337 -0.431865   0.223762 0.917454 0.0001   6.6e-05
QR_4 1787068314.618146000 -1.000000   2.22045e-16 0.0299999 2.57732e-17   5.12991e-10 9.48721e-19 0.0001   6.6e-05
HR_6 1787068314.628146000 0.782001   -0.742301 0.264346 -0.431907   0.223731 0.917221 0.0001   6.6e-05
QR_4 1787068314.628146000 -1.000000   2.22045e-16 0.0299999 2.57732e-17   5.12991e-10 9.48721e-19 0.0001   6.6e-05
HR_6 1787068314.638146000 0.782021   -0.7427 0.264369 -0.432024   0.223645 0.91649 0.0001   0.000524
QR_4 1787068314.638146000 -1.000000   2.22045e-16 0.0299999 2.57732e-17   5.12991e-10 9.48721e-19 0.0001   0.000524
HR_6 1787068314.648146000 0.782175   -0.743435 0.264427 -0.43211   0.223327 0.913732 0.0001   6.6e-05
QR_4 1787068314.648146000 -1.000000   2.22045e-16 0.0299999 2.57732e-17   5.12991e-10 9.48721e-19 0.0001   6.6e-05
HR_6 1787068314.658146000 0.782340   -0.744018 0.264512 -0.432015   0.222748 0.910772 0.0001   2.5e-05
QR_4 1787068314.658146000 -1.000000   2.22045e-16 0.0299999 2.57732e-17   5.12991e-10 9.48721e-19 0.0001   2.5e-05
HR_6 1787068314.668146000 0.782487   -0.744631 0.264616 -0.432208   0.222174 0.90724 0.0001   6.9e-05
QR_4 1787068314.668146000 -1.000000   2.22045e-16 0.0299999 2.57732e-17   5.12991e-10 9.48721e-19 0.0001   6.9e-05
HR_6 1787068314.678146000 0.782612   -0.745103 0.264689 -0.432691   0.221923 0.903828 0.0001   0.000289
QR_4 1787068314.678146000 -1.000000   2.22045e-16 0.0299999 2.57732e-17   5.12991e-10 9.48721e-19 0.0001   0.000289
HR_6 1787068314.688147000 0.782676   -0.745312 0.264717 -0.433079   0.221922 0.901941 0.0001   6.4e-05
QR_4 1787068314.688147000 -1.000000   2.22045e-16 0.0299999 2.57732e-17   5.12991e-10 9.48721e-19 0.0001   6.4e-05
HR_6 1787068314.698147000 0.782742   -0.745504 0.264738 -0.433637   0.222038 0.899794 0.0001   0.00191
QR_4 1787068314.698147000 -1.000000   2.22045e-16 0.0299999 2.57732e-17   5.12991e-10 9.48721e-19 0.0001   0.00191
HR_6 1787068314.708147000 0.782725   -0.745581 0.264772 -0.434164   0.222052 0.898578 0.0001   1e-06
QR_4 1787068314.708147000 -1.000000   2.22045e-16 0.0299999 2.57732e-17   5.12991e-10 9.48721e-19 0.0001   1e-06
HR_6 1787068314.718147000 0.782674   -0.745582 0.264797 -0.4347   0.222127 0.897781 0.0001   3.3e-05
QR_4 1787068314.718147000 -1.000000   2.22045e-16 0.0299999 2.57732e-17   5.12991e-10 9.48721e-19 0.0001   3.3e-05
HR_6 1787068314.728147000 0.782541   -0.745545 0.264873 -0.43513   0.221834 0.897651 0.0001   7.8e-05
QR_4 1787068314.728147000 -1.000000   2.22045e-16 0.0299999 2.57732e-17   5.12991e-10 9.48721e-19 0.0001   7.8e-05
HR_6 1787068314.738147000 0.782481   -0.745524 0.264901 -0.435392   0.221769 0.897546 0.0001   5.5e-05
QR_4 1787068314.738147000 -1.000000   2.22045e-16 0.0299999 2.57732e-17   5.12991e-10 9.48721e-19 0.0001   5.5e-05
HR_6 1787068314.748147000 0.782273   -0.745494 0.265005 -0.436062   0.221403 0.896995 0.0001   0.002644
QR_4 1787068314.748147000 -1.000000   2.22045e-16 0.0299999 2.57732e-17   5.12991e-10 9.48721e-19 0.0001   0.002644
HR_6 1787068314.758147000 0.782155   -0.745485 0.265083 -0.436144   0.220902 0.896728 0.0001   2.5e-05
QR_4 1787068314.758147000 -1.000000   2.22045e-16 0.0299999 2.57732e-17   5.12991e-10 9.48721e-19 0.0001   2.5e-05
HR_6 1787068314.768147000 0.782055   -0.745467 0.265118 -0.436494   0.220838 0.896475 0.0001   6.6e-05
QR_4 1787068314.768147000 -1.000000   2.22045e-16 0.0299999 2.57732e-17   5.12991e-10 9.48721e-19 0.0001   6.6e-05
HR_6 1787068314.778147000 0.781899   -0.745368 0.26517 -0.437303   0.220854 0.89606 0.0001   5.6e-05
QR_4 1787068314.778147000 -1.000000   2.22045e-16 0.0299999 2.57732e-17   5.12991e-10 9.48721e-19 0.0001   5.6e-05
HR_6 1787068314.788147000 0.781822   -0.745366 0.265211 -0.437568   0.220707 0.895989 0.0001   0.00074
QR_4 1787068314.788147000 -1.000000   2.22045e-16 0.0299999 2.57732e-17   5.12991e-10 9.48721e-19 0.0001   0.00074
HR_6 1787068314.798147000 0.781739   -0.745582 0.265271 -0.437879   0.220462 0.895656 0.0001   4.9e-05
QR_4 1787068314.798147000 -1.000000   2.22045e-16 0.0299999 2.57732e-17   5.12991e-10 9.48721e-19 0.0001   4.9e-05
HR_6 1787068314.808148000 0.781740   -0.745671 0.265295 -0.437713   0.220241 0.895583 0.0001   0.001269
QR_4 1787068314.808148000 -1.000000   2.22045e-16 0.0299999 2.57732e-17   5.12991e-10 9.48721e-19 0.0001   0.001269
HR_6 1787068314.818148000 0.781748   -0.745735 0.265313 -0.437597   0.220085 0.89539 0.0001   0.000469
QR_4 1787068314.818148000 -1.000000   2.22045e-16 0.0299999 2.57732e-17   5.12991e-10 9.48721e-19 0.0001   0.000469
HR_6 1787068314.828148000 0.781785   -0.745743 0.265296 -0.437655   0.220227 0.894918 0.0001   0.000384
QR_4 1787068314.828148000 -1.000000   2.22045e-16 0.0299999 2.57732e-17   5.12991e-10 9.48721e-19 0.0001   0.000384
HR_6 1787068314.838148000 0.781823   -0.745686 0.265258 -0.437817   0.220545 0.894652 0.0001   4.3e-05
QR_4 1787068314.838148000 -1.000000   2.22045e-16 0.0299999 2.57732e-17   5.12991e-10 9.48721e-19 0.0001   4.3e-05
HR_6 1787068314.848148000 0.781867   -0.74576 0.265249 -0.43768   0.220551 0.894481 0.0001   0.000124
QR_4 1787068314.848148000 -1.000000   2.22045e-16 0.0299999 2.57732e-17   5.12991e-10 9.48721e-19 0.0001   0.000124
HR_6 1787068314.858148000 0.781941   -0.745797 0.265218 -0.437543   0.220696 0.894239 0.0001   2.9e-05
QR_4 1787068314.858148000 -1.000000   2.22045e-16 0.0299999 2.57732e-17   5.12991e-10 9.48721e-19 0.0001   2.9e-05
HR_6 1787068314.868148000 0.782009   -0.74587 0.265196 -0.437166   0.220687 0.8944 0.0001   5.7e-05
QR_4 1787068314.868148000 -1.000000   2.22045e-16 0.0299999 2.57732e-17   5.12991e-10 9.48721e-19 0.0001   5.7e-05
HR_6 1787068314.878148000 0.782070   -0.745835 0.265146 -0.43672   0.220822 0.89503 0.0001   5e-05
QR_4 1787068314.878148000 -1.000000   2.22045e-16 0.0299999 2.57732e-17   5.12991e-10 9.48721e-19 0.0001   5e-05
HR_6 1787068314.888148000 0.782161   -0.745762 0.265072 -0.436456   0.22119 0.895252 0.0001   0.001999
QR_4 1787068314.888148000 -1.000000   2.22045e-16 0.0299999 2.57732e-17   5.12991e-10 9.48721e-19 0.0001   0.001999
HR_6 1787068314.898148000 0.782293   -0.745785 0.264997 -0.436085   0.221522 0.895308 0.0001   5.2e-05
QR_4 1787068314.898148000 -1.000000   2.22045e-16 0.0299999 2.57732e-17   5.12991e-10 9.48721e-19 0.0001   5.2e-05
HR_6 1787068314.908149000 0.782556   -0.74607 0.264881 -0.435239   0.221908 0.895133 0.0001   4.6e-05
QR_4 1787068314.908149000 -1.000000   2.22045e-16 0.0299999 2.57732e-17   5.12991e-10 9.48721e-19 0.0001   4.6e-05
