name ts   x y z   roll pitch yaw  err delay
HR_6 1787068343.618172000 0.837480   -0.868464 0.24 1.39514e-06   -6.5402e-07 0.944612 0.0001   0.000215
QR_4 1787068343.618172000 -1.000000   2.22045e-16 0.0299999 2.57732e-17   5.12991e-10 9.48721e-19 0.0001   0.000215
HR_6 1787068343.628172000 0.837480   -0.868464 0.24 1.39514e-06   -6.5402e-07 0.944612 0.0001   2.2e-05
QR_4 1787068343.628172000 -1.000000   2.22045e-16 0.0299999 2.57732e-17   5.12991e-10 9.48721e-19 0.0001   2.2e-05
HR_6 1787068343.638170000 0.837480   -0.868464 0.24 1.39514e-06   -6.5402e-07 0.944612 0.0001   1e-06
QR_4 1787068343.638170000 -1.000000   2.22045e-16 0.0299999 2.57732e-17   5.12991e-10 9.48721e-19 0.0001   1e-06
HR_6 1787068343.648170000 0.837480   -0.868464 0.24 1.39514e-06   -6.5402e-07 0.944612 0.0001   3.6e-05
QR_4 1787068343.648170000 -1.000000   2.22045e-16 0.0299999 2.57732e-17   5.12991e-10 9.48721e-19 0.0001   3.6e-05
HR_6 1787068343.658170000 0.837480   -0.868464 0.24 1.39514e-06   -6.5402e-07 0.944612 0.0001   5e-06
QR_4 1787068343.658170000 -1.000000   2.22045e-16 0.0299999 2.57732e-17   5.12991e-10 9.48721e-19 0.0001   5e-06
HR_6 1787068343.668170000 0.837480   -0.868464 0.24 1.39514e-06   -6.5402e-07 0.944612 0.0001   7.6e-05
QR_4 1787068343.668170000 -1.000000   2.22045e-16 0.0299999 2.57732e-17   5.12991e-10 9.48721e-19 0.0001   7.6e-05
HR_6 1787068343.678170000 0.837480   -0.868464 0.24 1.39514e-06   -6.5402e-07 0.944612 0.0001   3.8e-05
QR_4 1787068343.678170000 -1.000000   2.22045e-16 0.0299999 2.57732e-17   5.12991e-10 9.48721e-19 0.0001   3.8e-05
HR_6 1787068343.688170000 0.837480   -0.868464 0.24 1.39514e-06   -6.5402e-07 0.944612 0.0001   4e-05
QR_4 1787068343.688170000 -1.000000   2.22045e-16 0.0299999 2.57732e-17   5.12991e-10 9.48721e-19 0.0001   4e-05
HR_6 1787068343.698170000 0.837480   -0.868464 0.24 1.39514e-06   -6.5402e-07 0.944612 0.0001   0.001899
QR_4 1787068343.698170000 -1.000000   2.22045e-16 0.0299999 2.57732e-17   5.12991e-10 9.48721e-19 0.0001   0.001899
HR_6 1787068343.708170000 0.837480   -0.868464 0.24 1.39514e-06   -6.5402e-07 0.944612 0.0001   1.4e-05
QR_4 1787068343.708170000 -1.000000   2.22045e-16 0.0299999 2.57732e-17   5.12991e-10 9.48721e-19 0.0001   1.4e-05
HR_6 1787068343.718170000 0.837480   -0.868464 0.24 1.39514e-06   -6.5402e-07 0.944612 0.0001   6e-06
QR_4 1787068343.718170000 -1.000000   2.22045e-16 0.0299999 2.57732e-17   5.12991e-10 9.48721e-19 0.0001   6e-06
HR_6 1787068343.728170000 0.837480   -0.868464 0.24 1.39514e-06   -6.5402e-07 0.944612 0.0001   0.001221
QR_4 1787068343.728170000 -1.000000   2.22045e-16 0.0299999 2.57732e-17   5.12991e-10 9.48721e-19 0.0001   0.001221
HR_6 1787068343.738170000 0.837480   -0.868464 0.24 1.39514e-06   -6.5402e-07 0.944612 0.0001   3.4e-05
QR_4 1787068343.738170000 -1.000000   2.22045e-16 0.0299999 2.57732e-17   5.12991e-10 9.48721e-19 0.0001   3.4e-05
HR_6 1787068343.748171000 0.837480   -0.868464 0.24 1.39514e-06   -6.5402e-07 0.944612 0.0001   0.002568
QR_4 1787068343.748171000 -1.000000   2.22045e-16 0.0299999 2.57732e-17   5.12991e-10 9.48721e-19 0.0001   0.002568
HR_6 1787068343.758171000 0.837480   -0.868464 0.24 1.39514e-06   -6.5402e-07 0.944612 0.0001   2.1e-05
QR_4 1787068343.758171000 -1.000000   2.22045e-16 0.0299999 2.57732e-17   5.12991e-10 9.48721e-19 0.0001   2.1e-05
HR_6 1787068343.768171000 0.837480   -0.868464 0.24 1.39514e-06   -6.5402e-07 0.944612 0.0001   9e-06
QR_4 1787068343.768171000 -1.000000   2.22045e-16 0.0299999 2.57732e-17   5.12991e-10 9.48721e-19 0.0001   9e-06
HR_6 1787068343.778171000 0.837480   -0.868464 0.24 1.39514e-06   -6.5402e-07 0.944612 0.0001   0.002499
QR_4 1787068343.778171000 -1.000000   2.22045e-16 0.0299999 2.57732e-17   5.12991e-10 9.48721e-19 0.0001   0.002499
HR_6 1787068343.788171000 0.837480   -0.868464 0.24 1.39514e-06   -6.5402e-07 0.944612 0.0001   0.001112
QR_4 1787068343.788171000 -1.000000   2.22045e-16 0.0299999 2.57732e-17   5.12991e-10 9.48721e-19 0.0001   0.001112
HR_6 1787068343.798171000 0.837480   -0.868464 0.24 1.39514e-06   -6.5402e-07 0.944612 0.0001   7e-06
QR_4 1787068343.798171000 -1.000000   2.22045e-16 0.0299999 2.57732e-17   5.12991e-10 9.48721e-19 0.0001   7e-06
HR_6 1787068343.808171000 0.837480   -0.868464 0.24 1.39514e-06   -6.5402e-07 0.944612 0.0001   1e-05
QR_4 1787068343.808171000 -1.000000   2.22045e-16 0.0299999 2.57732e-17   5.12991e-10 9.48721e-19 0.0001   1e-05
HR_6 1787068343.818171000 0.837480   -0.868464 0.24 1.39514e-06   -6.5402e-07 0.944612 0.0001   1e-06
QR_4 1787068343.818171000 -1.000000   2.22045e-16 0.0299999 2.57732e-17   5.12991e-10 9.48721e-19 0.0001   1e-06
HR_6 1787068343.828171000 0.837480   -0.868464 0.24 1.39514e-06   -6.5402e-07 0.944612 0.0001   8.5e-05
QR_4 1787068343.828171000 -1.000000   2.22045e-16 0.0299999 2.57732e-17   5.12991e-10 9.48721e-19 0.0001   8.5e-05
HR_6 1787068343.838171000 0.837480   -0.868464 0.24 1.39514e-06   -6.5402e-07 0.944612 0.0001   5.7e-05
QR_4 1787068343.838171000 -1.000000   2.22045e-16 0.0299999 2.57732e-17   5.12991e-10 9.48721e-19 0.0001   5.7e-05
HR_6 1787068343.848164000 0.837480   -0.868464 0.24 1.39514e-06   -6.5402e-07 0.944612 0.0001   3e-06
QR_4 1787068343.848164000 -1.000000   2.22045e-16 0.0299999 2.57732e-17   5.12991e-10 9.48721e-19 0.0001   3e-06
HR_6 1787068343.858165000 0.837480   -0.868464 0.24 1.39514e-06   -6.5402e-07 0.944612 0.0001   4.6e-05
QR_4 1787068343.858165000 -1.000000   2.22045e-16 0.0299999 2.57732e-17   5.12991e-10 9.48721e-19 0.0001   4.6e-05
HR_6 1787068343.868165000 0.837480   -0.868464 0.24 1.39514e-06   -6.5402e-07 0.944612 0.0001   5e-06
QR_4 1787068343.868165000 -1.000000   2.22045e-16 0.0299999 2.57732e-17   5.12991e-10 9.48721e-19 0.0001   5e-06
HR_6 1787068343.878165000 0.837480   -0.868464 0.24 1.39514e-06   -6.5402e-07 0.944612 0.0001   4.9e-05
QR_4 1787068343.878165000 -1.000000   2.22045e-16 0.0299999 2.57732e-17   5.12991e-10 9.48721e-19 0.0001   4.9e-05
HR_6 1787068343.888165000 0.837480   -0.868464 0.24 1.39514e-06   -6.5402e-07 0.944612 0.0001   0.002093
QR_4 1787068343.888165000 -1.000000   2.22045e-16 0.0299999 2.57732e-17   5.12991e-10 9.48721e-19 0.0001   0.002093
HR_6 1787068343.898164000 0.837480   -0.868464 0.24 1.39514e-06   -6.5402e-07 0.944612 0.0001   3e-06
QR_4 1787068343.898164000 -1.000000   2.22045e-16 0.0299999 2.57732e-17   5.12991e-10 9.48721e-19 0.0001   3e-06
HR_6 1787068343.908165000 0.837480   -0.868464 0.24 1.39514e-06   -6.5402e-07 0.944612 0.0001   2e-05
QR_4 1787068343.908165000 -1.000000   2.22045e-16 0.0299999 2.57732e-17   5.12991e-10 9.48721e-19 0.0001   2e-05
HR_6 1787068343.918165000 0.837480   -0.868464 0.24 1.39514e-06   -6.5402e-07 0.944612 0.0001   0.001063
QR_4 1787068343.918165000 -1.000000   2.22045e-16 0.0299999 2.57732e-17   5.12991e-10 9.48721e-19 0.0001   0.001063
HR_6 1787068343.928165000 0.837480   -0.868464 0.24 1.39514e-06   -6.5402e-07 0.944612 0.0001   4.6e-05
QR_4 1787068343.928165000 -1.000000   2.22045e-16 0.0299999 2.57732e-17   5.12991e-10 9.48721e-19 0.0001   4.6e-05
HR_6 1787068343.938165000 0.837480   -0.868464 0.24 1.39514e-06   -6.5402e-07 0.944612 0.0001   5e-06
QR_4 1787068343.938165000 -1.000000   2.22045e-16 0.0299999 2.57732e-17   5.12991e-10 9.48721e-19 0.0001   5e-06
HR_6 1787068343.948165000 0.837480   -0.868464 0.24 1.39514e-06   -6.5402e-07 0.944612 0.0001   3.8e-05
QR_4 1787068343.948165000 -1.000000   2.22045e-16 0.0299999 2.57732e-17   5.12991e-10 9.48721e-19 0.0001   3.8e-05
HR_6 1787068343.958165000 0.837480   -0.868464 0.24 1.39514e-06   -6.5402e-07 0.944612 0.0001   0.000208
QR_4 1787068343.958165000 -1.000000   2.22045e-16 0.0299999 2.57732e-17   5.12991e-10 9.48721e-19 0.0001   0.000208
HR_6 1787068343.968163000 0.837480   -0.868464 0.24 1.39514e-06   -6.5402e-07 0.944612 0.0001   2e-06
QR_4 1787068343.968163000 -1.000000   2.22045e-16 0.0299999 2.57732e-17   5.12991e-10 9.48721e-19 0.0001   2e-06
HR_6 1787068343.978164000 0.837480   -0.868464 0.24 1.39514e-06   -6.5402e-07 0.944612 0.0001   1.1e-05
QR_4 1787068343.978164000 -1.000000   2.22045e-16 0.0299999 2.57732e-17   5.12991e-10 9.48721e-19 0.0001   1.1e-05
HR_6 1787068343.988164000 0.837480   -0.868464 0.24 1.39514e-06   -6.5402e-07 0.944612 0.0001   0.000189
QR_4 1787068343.988164000 -1.000000   2.22045e-16 0.0299999 2.57732e-17   5.12991e-10 9.48721e-19 0.0001   0.000189
HR_6 1787068343.998164000 0.837480   -0.868464 0.24 1.39514e-06   -6.5402e-07 0.944612 0.0001   0.000108
QR_4 1787068343.998164000 -1.000000   2.22045e-16 0.0299999 2.57732e-17   5.12991e-10 9.48721e-19 0.0001   0.000108
HR_6 1787068344.008164000 0.837480   -0.868464 0.24 1.39514e-06   -6.5402e-07 0.944612 0.0001   2.6e-05
QR_4 1787068344.008164000 -1.000000   2.22045e-16 0.0299999 2.57732e-17   5.12991e-10 9.48721e-19 0.0001   2.6e-05
HR_6 1787068344.018164000 0.837480   -0.868464 0.24 1.39514e-06   -6.5402e-07 0.944612 0.0001   0.0032
QR_4 1787068344.018164000 -1.000000   2.22045e-16 0.0299999 2.57732e-17   5.12991e-10 9.48721e-19 0.0001   0.0032
HR_6 1787068344.028164000 0.837480   -0.868464 0.24 1.39514e-06   -6.5402e-07 0.944612 0.0001   5.3e-05
QR_4 1787068344.028164000 -1.000000   2.22045e-16 0.0299999 2.57732e-17   5.12991e-10 9.48721e-19 0.0001   5.3e-05
HR_6 1787068344.038164000 0.837480   -0.868464 0.24 1.39514e-06   -6.5402e-07 0.944612 0.0001   3.3e-05
QR_4 1787068344.038164000 -1.000000   2.22045e-16 0.0299999 2.57732e-17   5.12991e-10 9.48721e-19 0.0001   3.3e-05
HR_6 1787068344.048164000 0.837480   -0.868464 0.24 1.39514e-06   -6.5402e-07 0.944612 0.0001   0.000484
QR_4 1787068344.048164000 -1.000000   2.22045e-16 0.0299999 2.57732e-17   5.12991e-10 9.48721e-19 0.0001   0.000484
HR_6 1787068344.058164000 0.837480   -0.868464 0.24 1.39514e-06   -6.5402e-07 0.944612 0.0001   3.1e-05
QR_4 1787068344.058164000 -1.000000   2.22045e-16 0.0299999 2.57732e-17   5.12991e-10 9.48721e-19 0.0001   3.1e-05
HR_6 1787068344.068164000 0.837480   -0.868464 0.24 1.39514e-06   -6.5402e-07 0.944612 0.0001   9e-06
QR_4 1787068344.068164000 -1.000000   2.22045e-16 0.0299999 2.57732e-17   5.12991e-10 9.48721e-19 0.0001   9e-06
HR_6 1787068344.078165000 0.837480   -0.868464 0.24 1.39514e-06   -6.5402e-07 0.944612 0.0001   1.3e-05
QR_4 1787068344.078165000 -1.000000   2.22045e-16 0.0299999 2.57732e-17   5.12991e-10 9.48721e-19 0.0001   1.3e-05
HR_6 1787068344.088165000 0.837480   -0.868464 0.24 1.39514e-06   -6.5402e-07 0.944612 0.0001   0.000246
QR_4 1787068344.088165000 -1.000000   2.22045e-16 0.0299999 2.57732e-17   5.12991e-10 9.48721e-19 0.0001   0.000246
HR_6 1787068344.098165000 0.837480   -0.868464 0.24 1.39514e-06   -6.5402e-07 0.944612 0.0001   1.1e-05
QR_4 1787068344.098165000 -1.000000   2.22045e-16 0.0299999 2.57732e-17   5.12991e-10 9.48721e-19 0.0001   1.1e-05
HR_6 1787068344.108165000 0.837480   -0.868464 0.24 1.39514e-06   -6.5402e-07 0.944612 0.0001   3.1e-05
QR_4 1787068344.108165000 -1.000000   2.22045e-16 0.0299999 2.57732e-17   5.12991e-10 9.48721e-19 0.0001   3.1e-05
HR_6 1787068344.118165000 0.837480   -0.868464 0.24 1.39514e-06   -6.5402e-07 0.944612 0.0001   4e-06
QR_4 1787068344.118165000 -1.000000   2.22045e-16 0.0299999 2.57732e-17   5.12991e-10 9.48721e-19 0.0001   4e-06
HR_6 1787068344.128165000 0.837480   -0.868464 0.24 1.39514e-06   -6.5402e-07 0.944612 0.0001   1.9e-05
QR_4 1787068344.128165000 -1.000000   2.22045e-16 0.0299999 2.57732e-17   5.12991e-10 9.48721e-19 0.0001   1.9e-05
HR_6 1787068344.138161000 0.837480   -0.868464 0.24 1.39514e-06   -6.5402e-07 0.944612 0.0001   2e-06
QR_4 1787068344.138161000 -1.000000   2.22045e-16 0.0299999 2.57732e-17   5.12991e-10 9.48721e-19 0.0001   2e-06
HR_6 1787068344.148162000 0.837480   -0.868464 0.24 1.39514e-06   -6.5402e-07 0.944612 0.0001   2.5e-05
QR_4 1787068344.148162000 -1.000000   2.22045e-16 0.0299999 2.57732e-17   5.12991e-10 9.48721e-19 0.0001   2.5e-05
HR_6 1787068344.158162000 0.837480   -0.868464 0.24 1.39514e-06   -6.5402e-07 0.944612 0.0001   1.8e-05
QR_4 1787068344.158162000 -1.000000   2.22045e-16 0.0299999 2.57732e-17   5.12991e-10 9.48721e-19 0.0001   1.8e-05
HR_6 1787068344.168162000 0.837480   -0.868464 0.24 1.39514e-06   -6.5402e-07 0.944612 0.0001   1.7e-05
QR_4 1787068344.168162000 -1.000000   2.22045e-16 0.0299999 2.57732e-17   5.12991e-10 9.48721e-19 0.0001   1.7e-05
HR_6 1787068344.178162000 0.837480   -0.868464 0.24 1.39514e-06   -6.5402e-07 0.944612 0.0001   9.5e-05
QR_4 1787068344.178162000 -1.000000   2.22045e-16 0.0299999 2.57732e-17   5.12991e-10 9.48721e-19 0.0001   9.5e-05
HR_6 1787068344.188162000 0.837480   -0.868464 0.24 1.39514e-06   -6.5402e-07 0.944612 0.0001   3.7e-05
QR_4 1787068344.188162000 -1.000000   2.22045e-16 0.0299999 2.57732e-17   5.12991e-10 9.48721e-19 0.0001   3.7e-05
HR_6 1787068344.198162000 0.837480   -0.868464 0.24 1.39514e-06   -6.5402e-07 0.944612 0.0001   1.8e-05
QR_4 1787068344.198162000 -1.000000   2.22045e-16 0.0299999 2.57732e-17   5.12991e-10 9.48721e-19 0.0001   1.8e-05
HR_6 1787068344.208162000 0.837480   -0.868464 0.24 1.39514e-06   -6.5402e-07 0.944612 0.0001   3.8e-05
QR_4 1787068344.208162000 -1.000000   2.22045e-16 0.0299999 2.57732e-17   5.12991e-10 9.48721e-19 0.0001   3.8e-05
HR_6 1787068344.218162000 0.837480   -0.868464 0.24 1.39514e-06   -6.5402e-07 0.944612 0.0001   2e-05
QR_4 1787068344.218162000 -1.000000   2.22045e-16 0.0299999 2.57732e-17   5.12991e-10 9.48721e-19 0.0001   2e-05
HR_6 1787068344.228162000 0.837480   -0.868464 0.24 1.39514e-06   -6.5402e-07 0.944612 0.0001   3.1e-05
QR_4 1787068344.228162000 -1.000000   2.22045e-16 0.0299999 2.57732e-17   5.12991e-10 9.48721e-19 0.0001   3.1e-05
HR_6 1787068344.238154000 0.837480   -0.868464 0.24 1.39514e-06   -6.5402e-07 0.944612 0.0001   2e-06
QR_4 1787068344.238154000 -1.000000   2.22045e-16 0.0299999 2.57732e-17   5.12991e-10 9.48721e-19 0.0001   2e-06
HR_6 1787068344.248148000 0.837480   -0.868464 0.24 1.39514e-06   -6.5402e-07 0.944612 0.0001   2e-06
QR_4 1787068344.248148000 -1.000000   2.22045e-16 0.0299999 2.57732e-17   5.12991e-10 9.48721e-19 0.0001   2e-06
HR_6 1787068344.258149000 0.837480   -0.868464 0.24 1.39514e-06   -6.5402e-07 0.944612 0.0001   4.5e-05
QR_4 1787068344.258149000 -1.000000   2.22045e-16 0.0299999 2.57732e-17   5.12991e-10 9.48721e-19 0.0001   4.5e-05
HR_6 1787068344.268149000 0.837480   -0.868464 0.24 1.39514e-06   -6.5402e-07 0.944612 0.0001   0.00126
QR_4 1787068344.268149000 -1.000000   2.22045e-16 0.0299999 2.57732e-17   5.12991e-10 9.48721e-19 0.0001   0.00126
HR_6 1787068344.278149000 0.837480   -0.868464 0.24 1.39514e-06   -6.5402e-07 0.944612 0.0001   5.5e-05
QR_4 1787068344.278149000 -1.000000   2.22045e-16 0.0299999 2.57732e-17   5.12991e-10 9.48721e-19 0.0001   5.5e-05
HR_6 1787068344.288149000 0.837480   -0.868464 0.24 1.39514e-06   -6.5402e-07 0.944612 0.0001   0.001823
QR_4 1787068344.288149000 -1.000000   2.22045e-16 0.0299999 2.57732e-17   5.12991e-10 9.48721e-19 0.0001   0.001823
HR_6 1787068344.298149000 0.837480   -0.868464 0.24 1.39514e-06   -6.5402e-07 0.944612 0.0001   0.000339
QR_4 1787068344.298149000 -1.000000   2.22045e-16 0.0299999 2.57732e-17   5.12991e-10 9.48721e-19 0.0001   0.000339
HR_6 1787068344.308149000 0.837480   -0.868464 0.24 1.39514e-06   -6.5402e-07 0.944612 0.0001   0.000137
QR_4 1787068344.308149000 -1.000000   2.22045e-16 0.0299999 2.57732e-17   5.12991e-10 9.48721e-19 0.0001   0.000137
HR_6 1787068344.318149000 0.837480   -0.868464 0.24 1.39514e-06   -6.5402e-07 0.944612 0.0001   3.7e-05
QR_4 1787068344.318149000 -1.000000   2.22045e-16 0.0299999 2.57732e-17   5.12991e-10 9.48721e-19 0.0001   3.7e-05
HR_6 1787068344.328149000 0.837480   -0.868464 0.24 1.39514e-06   -6.5402e-07 0.944612 0.0001   7.1e-05
QR_4 1787068344.328149000 -1.000000   2.22045e-16 0.0299999 2.57732e-17   5.12991e-10 9.48721e-19 0.0001   7.1e-05
HR_6 1787068344.338149000 0.837480   -0.868464 0.24 1.39514e-06   -6.5402e-07 0.944612 0.0001   3.3e-05
QR_4 1787068344.338149000 -1.000000   2.22045e-16 0.0299999 2.57732e-17   5.12991e-10 9.48721e-19 0.0001   3.3e-05
HR_6 1787068344.348149000 0.837480   -0.868464 0.24 1.39514e-06   -6.5402e-07 0.944612 0.0001   0.000617
QR_4 1787068344.348149000 -1.000000   2.22045e-16 0.0299999 2.57732e-17   5.12991e-10 9.48721e-19 0.0001   0.000617
HR_6 1787068344.358150000 0.837480   -0.868464 0.24 1.39514e-06   -6.5402e-07 0.944612 0.0001   3.8e-05
QR_4 1787068344.358150000 -1.000000   2.22045e-16 0.0299999 2.57732e-17   5.12991e-10 9.48721e-19 0.0001   3.8e-05
HR_6 1787068344.368150000 0.837480   -0.868464 0.24 1.39514e-06   -6.5402e-07 0.944612 0.0001   1.5e-05
QR_4 1787068344.368150000 -1.000000   2.22045e-16 0.0299999 2.57732e-17   5.12991e-10 9.48721e-19 0.0001   1.5e-05
HR_6 1787068344.378150000 0.837480   -0.868464 0.24 1.39514e-06   -6.5402e-07 0.944612 0.0001   0.000124
QR_4 1787068344.378150000 -1.000000   2.22045e-16 0.0299999 2.57732e-17   5.12991e-10 9.48721e-19 0.0001   0.000124
HR_6 1787068344.388150000 0.837480   -0.868464 0.24 1.39514e-06   -6.5402e-07 0.944612 0.0001   6e-06
QR_4 1787068344.388150000 -1.000000   2.22045e-16 0.0299999 2.57732e-17   5.12991e-10 9.48721e-19 0.0001   6e-06
HR_6 1787068344.398150000 0.837480   -0.868464 0.24 1.39514e-06   -6.5402e-07 0.944612 0.0001   5.3e-05
QR_4 1787068344.398150000 -1.000000   2.22045e-16 0.0299999 2.57732e-17   5.12991e-10 9.48721e-19 0.0001   5.3e-05
HR_6 1787068344.408150000 0.837480   -0.868464 0.24 1.39514e-06   -6.5402e-07 0.944612 0.0001   8.3e-05
QR_4 1787068344.408150000 -1.000000   2.22045e-16 0.0299999 2.57732e-17   5.12991e-10 9.48721e-19 0.0001   8.3e-05
HR_6 1787068344.418150000 0.837480   -0.868464 0.24 1.39514e-06   -6.5402e-07 0.944612 0.0001   7.7e-05
QR_4 1787068344.418150000 -1.000000   2.22045e-16 0.0299999 2.57732e-17   5.12991e-10 9.48721e-19 0.0001   7.7e-05
HR_6 1787068344.428150000 0.837480   -0.868464 0.24 1.39514e-06   -6.5402e-07 0.944612 0.0001   4.5e-05
QR_4 1787068344.428150000 -1.000000   2.22045e-16 0.0299999 2.57732e-17   5.12991e-10 9.48721e-19 0.0001   4.5e-05
HR_6 1787068344.438150000 0.837480   -0.868464 0.24 1.39514e-06   -6.5402e-07 0.944612 0.0001   0.000298
QR_4 1787068344.438150000 -1.000000   2.22045e-16 0.0299999 2.57732e-17   5.12991e-10 9.48721e-19 0.0001   0.000298
HR_6 1787068344.448150000 0.837480   -0.868464 0.24 1.39514e-06   -6.5402e-07 0.944612 0.0001   2.3e-05
QR_4 1787068344.448150000 -1.000000   2.22045e-16 0.0299999 2.57732e-17   5.12991e-10 9.48721e-19 0.0001   2.3e-05
HR_6 1787068344.458151000 0.837480   -0.868464 0.24 1.39514e-06   -6.5402e-07 0.944612 0.0001   3.6e-05
QR_4 1787068344.458151000 -1.000000   2.22045e-16 0.0299999 2.57732e-17   5.12991e-10 9.48721e-19 0.0001   3.6e-05
HR_6 1787068344.468151000 0.837480   -0.868464 0.24 1.39514e-06   -6.5402e-07 0.944612 0.0001   0.000755
QR_4 1787068344.468151000 -1.000000   2.22045e-16 0.0299999 2.57732e-17   5.12991e-10 9.48721e-19 0.0001   0.000755
HR_6 1787068344.478151000 0.837480   -0.868464 0.24 1.39514e-06   -6.5402e-07 0.944612 0.0001   1.8e-05
QR_4 1787068344.478151000 -1.000000   2.22045e-16 0.0299999 2.57732e-17   5.12991e-10 9.48721e-19 0.0001   1.8e-05
HR_6 1787068344.488151000 0.837480   -0.868464 0.24 1.39514e-06   -6.5402e-07 0.944612 0.0001   4e-06
QR_4 1787068344.488151000 -1.000000   2.22045e-16 0.0299999 2.57732e-17   5.12991e-10 9.48721e-19 0.0001   4e-06
HR_6 1787068344.498151000 0.837480   -0.868464 0.24 1.39514e-06   -6.5402e-07 0.944612 0.0001   2e-05
QR_4 1787068344.498151000 -1.000000   2.22045e-16 0.0299999 2.57732e-17   5.12991e-10 9.48721e-19 0.0001   2e-05
HR_6 1787068344.508151000 0.837480   -0.868464 0.24 1.39514e-06   -6.5402e-07 0.944612 0.0001   1.6e-05
QR_4 1787068344.508151000 -1.000000   2.22045e-16 0.0299999 2.57732e-17   5.12991e-10 9.48721e-19 0.0001   1.6e-05
HR_6 1787068344.518151000 0.837480   -0.868464 0.24 1.39514e-06   -6.5402e-07 0.944612 0.0001   1.8e-05
QR_4 1787068344.518151000 -1.000000   2.22045e-16 0.0299999 2.57732e-17   5.12991e-10 9.48721e-19 0.0001   1.8e-05
HR_6 1787068344.528151000 0.837480   -0.868464 0.24 1.39514e-06   -6.5402e-07 0.944612 0.0001   0.002201
QR_4 1787068344.528151000 -1.000000   2.22045e-16 0.0299999 2.57732e-17   5.12991e-10 9.48721e-19 0.0001   0.002201
HR_6 1787068344.538142000 0.837480   -0.868464 0.24 1.39514e-06   -6.5402e-07 0.944612 0.0001   1e-06
QR_4 1787068344.538142000 -1.000000   2.22045e-16 0.0299999 2.57732e-17   5.12991e-10 9.48721e-19 0.0001   1e-06
HR_6 1787068344.548142000 0.837480   -0.868464 0.24 1.39514e-06   -6.5402e-07 0.944612 0.0001   5.4e-05
QR_4 1787068344.548142000 -1.000000   2.22045e-16 0.0299999 2.57732e-17   5.12991e-10 9.48721e-19 0.0001   5.4e-05
HR_6 1787068344.558142000 0.837480   -0.868464 0.24 1.39514e-06   -6.5402e-07 0.944612 0.0001   5.9e-05
QR_4 1787068344.558142000 -1.000000   2.22045e-16 0.0299999 2.57732e-17   5.12991e-10 9.48721e-19 0.0001   5.9e-05
HR_6 1787068344.568142000 0.837480   -0.868464 0.24 1.39514e-06   -6.5402e-07 0.944612 0.0001   4.6e-05
QR_4 1787068344.568142000 -1.000000   2.22045e-16 0.0299999 2.57732e-17   5.12991e-10 9.48721e-19 0.0001   4.6e-05
HR_6 1787068344.578142000 0.837480   -0.868464 0.24 1.39514e-06   -6.5402e-07 0.944612 0.0001   4.7e-05
QR_4 1787068344.578142000 -1.000000   2.22045e-16 0.0299999 2.57732e-17   5.12991e-10 9.48721e-19 0.0001   4.7e-05
HR_6 1787068344.588142000 0.837480   -0.868464 0.24 1.39514e-06   -6.5402e-07 0.944612 0.0001   8.8e-05
QR_4 1787068344.588142000 -1.000000   2.22045e-16 0.0299999 2.57732e-17   5.12991e-10 9.48721e-19 0.0001   8.8e-05
HR_6 1787068344.598142000 0.837480   -0.868464 0.24 1.39514e-06   -6.5402e-07 0.944612 0.0001   8.3e-05
QR_4 1787068344.598142000 -1.000000   2.22045e-16 0.0299999 2.57732e-17   5.12991e-10 9.48721e-19 0.0001   8.3e-05
HR_6 1787068344.608142000 0.837480   -0.868464 0.24 1.39514e-06   -6.5402e-07 0.944612 0.0001   4.4e-05
QR_4 1787068344.608142000 -1.000000   2.22045e-16 0.0299999 2.57732e-17   5.12991e-10 9.48721e-19 0.0001   4.4e-05
HR_6 1787068344.618142000 0.837480   -0.868464 0.24 1.39514e-06   -6.5402e-07 0.944612 0.0001   0.000798
QR_4 1787068344.618142000 -1.000000   2.22045e-16 0.0299999 2.57732e-17   5.12991e-10 9.48721e-19 0.0001   0.000798
HR_6 1787068344.628142000 0.837480   -0.868464 0.24 1.39514e-06   -6.5402e-07 0.944612 0.0001   3.2e-05
QR_4 1787068344.628142000 -1.000000   2.22045e-16 0.0299999 2.57732e-17   5.12991e-10 9.48721e-19 0.0001   3.2e-05
HR_6 1787068344.638142000 0.837480   -0.868464 0.24 1.39514e-06   -6.5402e-07 0.944612 0.0001   5.8e-05
QR_4 1787068344.638142000 -1.000000   2.22045e-16 0.0299999 2.57732e-17   5.12991e-10 9.48721e-19 0.0001   5.8e-05
HR_6 1787068344.648143000 0.837480   -0.868464 0.24 1.39514e-06   -6.5402e-07 0.944612 0.0001   6.2e-05
QR_4 1787068344.648143000 -1.000000   2.22045e-16 0.0299999 2.57732e-17   5.12991e-10 9.48721e-19 0.0001   6.2e-05
HR_6 1787068344.658143000 0.837480   -0.868464 0.24 1.39514e-06   -6.5402e-07 0.944612 0.0001   0.000129
QR_4 1787068344.658143000 -1.000000   2.22045e-16 0.0299999 2.57732e-17   5.12991e-10 9.48721e-19 0.0001   0.000129
HR_6 1787068344.668143000 0.837480   -0.868464 0.24 1.39514e-06   -6.5402e-07 0.944612 0.0001   6.7e-05
QR_4 1787068344.668143000 -1.000000   2.22045e-16 0.0299999 2.57732e-17   5.12991e-10 9.48721e-19 0.0001   6.7e-05
HR_6 1787068344.678143000 0.837480   -0.868464 0.24 1.39514e-06   -6.5402e-07 0.944612 0.0001   7.1e-05
QR_4 1787068344.678143000 -1.000000   2.22045e-16 0.0299999 2.57732e-17   5.12991e-10 9.48721e-19 0.0001   7.1e-05
HR_6 1787068344.688143000 0.837480   -0.868464 0.24 1.39514e-06   -6.5402e-07 0.944612 0.0001   0.001519
QR_4 1787068344.688143000 -1.000000   2.22045e-16 0.0299999 2.57732e-17   5.12991e-10 9.48721e-19 0.0001   0.001519
HR_6 1787068344.698143000 0.837480   -0.868464 0.24 1.39514e-06   -6.5402e-07 0.944612 0.0001   5.2e-05
QR_4 1787068344.698143000 -1.000000   2.22045e-16 0.0299999 2.57732e-17   5.12991e-10 9.48721e-19 0.0001   5.2e-05
HR_6 1787068344.708143000 0.837480   -0.868464 0.24 1.39514e-06   -6.5402e-07 0.944612 0.0001   7.9e-05
QR_4 1787068344.708143000 -1.000000   2.22045e-16 0.0299999 2.57732e-17   5.12991e-10 9.48721e-19 0.0001   7.9e-05
HR_6 1787068344.718143000 0.837480   -0.868464 0.24 1.39514e-06   -6.5402e-07 0.944612 0.0001   2.5e-05
QR_4 1787068344.718143000 -1.000000   2.22045e-16 0.0299999 2.57732e-17   5.12991e-10 9.48721e-19 0.0001   2.5e-05
HR_6 1787068344.728143000 0.837480   -0.868464 0.24 1.39514e-06   -6.5402e-07 0.944612 0.0001   5.3e-05
QR_4 1787068344.728143000 -1.000000   2.22045e-16 0.0299999 2.57732e-17   5.12991e-10 9.48721e-19 0.0001   5.3e-05
HR_6 1787068344.738143000 0.837480   -0.868464 0.24 1.39514e-06   -6.5402e-07 0.944612 0.0001   4.3e-05
QR_4 1787068344.738143000 -1.000000   2.22045e-16 0.0299999 2.57732e-17   5.12991e-10 9.48721e-19 0.0001   4.3e-05
HR_6 1787068344.748144000 0.837480   -0.868464 0.24 1.39514e-06   -6.5402e-07 0.944612 0.0001   6.2e-05
QR_4 1787068344.748144000 -1.000000   2.22045e-16 0.0299999 2.57732e-17   5.12991e-10 9.48721e-19 0.0001   6.2e-05
HR_6 1787068344.758144000 0.837480   -0.868464 0.24 1.39514e-06   -6.5402e-07 0.944612 0.0001   4.1e-05
QR_4 1787068344.758144000 -1.000000   2.22045e-16 0.0299999 2.57732e-17   5.12991e-10 9.48721e-19 0.0001   4.1e-05
HR_6 1787068344.768144000 0.837480   -0.868464 0.24 1.39514e-06   -6.5402e-07 0.944612 0.0001   6.1e-05
QR_4 1787068344.768144000 -1.000000   2.22045e-16 0.0299999 2.57732e-17   5.12991e-10 9.48721e-19 0.0001   6.1e-05
HR_6 1787068344.778144000 0.837480   -0.868464 0.24 1.39514e-06   -6.5402e-07 0.944612 0.0001   5.1e-05
QR_4 1787068344.778144000 -1.000000   2.22045e-16 0.0299999 2.57732e-17   5.12991e-10 9.48721e-19 0.0001   5.1e-05
HR_6 1787068344.788144000 0.837480   -0.868464 0.24 1.39514e-06   -6.5402e-07 0.944612 0.0001   4.3e-05
QR_4 1787068344.788144000 -1.000000   2.22045e-16 0.0299999 2.57732e-17   5.12991e-10 9.48721e-19 0.0001   4.3e-05
HR_6 1787068344.798144000 0.837480   -0.868464 0.24 1.39514e-06   -6.5402e-07 0.944612 0.0001   0.000185
QR_4 1787068344.798144000 -1.000000   2.22045e-16 0.0299999 2.57732e-17   5.12991e-10 9.48721e-19 0.0001   0.000185
HR_6 1787068344.808144000 0.837480   -0.868464 0.24 1.39514e-06   -6.5402e-07 0.944612 0.0001   3.1e-05
QR_4 1787068344.808144000 -1.000000   2.22045e-16 0.0299999 2.57732e-17   5.12991e-10 9.48721e-19 0.0001   3.1e-05
HR_6 1787068344.818144000 0.837480   -0.868464 0.24 1.39514e-06   -6.5402e-07 0.944612 0.0001   0.000153
QR_4 1787068344.818144000 -1.000000   2.22045e-16 0.0299999 2.57732e-17   5.12991e-10 9.48721e-19 0.0001   0.000153
HR_6 1787068344.828144000 0.837480   -0.868464 0.24 1.39514e-06   -6.5402e-07 0.944612 0.0001   0.000501
QR_4 1787068344.828144000 -1.000000   2.22045e-16 0.0299999 2.57732e-17   5.12991e-10 9.48721e-19 0.0001   0.000501
HR_6 1787068344.838144000 0.837480   -0.868464 0.24 1.39514e-06   -6.5402e-07 0.944612 0.0001   2.8e-05
QR_4 1787068344.838144000 -1.000000   2.22045e-16 0.0299999 2.57732e-17   5.12991e-10 9.48721e-19 0.0001   2.8e-05
HR_6 1787068344.848145000 0.837480   -0.868464 0.24 1.39514e-06   -6.5402e-07 0.944612 0.0001   0.003146
QR_4 1787068344.848145000 -1.000000   2.22045e-16 0.0299999 2.57732e-17   5.12991e-10 9.48721e-19 0.0001   0.003146
HR_6 1787068344.858145000 0.837480   -0.868464 0.24 1.39514e-06   -6.5402e-07 0.944612 0.0001   4.9e-05
QR_4 1787068344.858145000 -1.000000   2.22045e-16 0.0299999 2.57732e-17   5.12991e-10 9.48721e-19 0.0001   4.9e-05
HR_6 1787068344.868145000 0.837480   -0.868464 0.24 1.39514e-06   -6.5402e-07 0.944612 0.0001   0.001753
QR_4 1787068344.868145000 -1.000000   2.22045e-16 0.0299999 2.57732e-17   5.12991e-10 9.48721e-19 0.0001   0.001753
HR_6 1787068344.878145000 0.837480   -0.868464 0.24 1.39514e-06   -6.5402e-07 0.944612 0.0001   5.3e-05
QR_4 1787068344.878145000 -1.000000   2.22045e-16 0.0299999 2.57732e-17   5.12991e-10 9.48721e-19 0.0001   5.3e-05
HR_6 1787068344.888145000 0.837480   -0.868464 0.24 1.39514e-06   -6.5402e-07 0.944612 0.0001   2.8e-05
QR_4 1787068344.888145000 -1.000000   2.22045e-16 0.0299999 2.57732e-17   5.12991e-10 9.48721e-19 0.0001   2.8e-05
HR_6 1787068344.898145000 0.837480   -0.868464 0.24 1.39514e-06   -6.5402e-07 0.944612 0.0001   0.003191
QR_4 1787068344.898145000 -1.000000   2.22045e-16 0.0299999 2.57732e-17   5.12991e-10 9.48721e-19 0.0001   0.003191
HR_6 1787068344.908145000 0.837480   -0.868464 0.24 1.39514e-06   -6.5402e-07 0.944612 0.0001   4e-05
QR_4 1787068344.908145000 -1.000000   2.22045e-16 0.0299999 2.57732e-17   5.12991e-10 9.48721e-19 0.0001   4e-05
HR_6 1787068344.918145000 0.837480   -0.868464 0.24 1.39514e-06   -6.5402e-07 0.944612 0.0001   2.4e-05
QR_4 1787068344.918145000 -1.000000   2.22045e-16 0.0299999 2.57732e-17   5.12991e-10 9.48721e-19 0.0001   2.4e-05
HR_6 1787068344.928145000 0.837480   -0.868464 0.24 1.39514e-06   -6.5402e-07 0.944612 0.0001   0.001267
QR_4 1787068344.928145000 -1.000000   2.22045e-16 0.0299999 2.57732e-17   5.12991e-10 9.48721e-19 0.0001   0.001267
HR_6 1787068344.938145000 0.837480   -0.868464 0.24 1.39514e-06   -6.5402e-07 0.944612 0.0001   2.2e-05
QR_4 1787068344.938145000 -1.000000   2.22045e-16 0.0299999 2.57732e-17   5.12991e-10 9.48721e-19 0.0001   2.2e-05
HR_6 1787068344.948146000 0.837480   -0.868464 0.24 1.39514e-06   -6.5402e-07 0.944612 0.0001   0.00011
QR_4 1787068344.948146000 -1.000000   2.22045e-16 0.0299999 2.57732e-17   5.12991e-10 9.48721e-19 0.0001   0.00011
HR_6 1787068344.958146000 0.837480   -0.868464 0.24 1.39514e-06   -6.5402e-07 0.944612 0.0001   0.000501
QR_4 1787068344.958146000 -1.000000   2.22045e-16 0.0299999 2.57732e-17   5.12991e-10 9.48721e-19 0.0001   0.000501
HR_6 1787068344.968146000 0.837480   -0.868464 0.24 1.39514e-06   -6.5402e-07 0.944612 0.0001   4e-05
QR_4 1787068344.968146000 -1.000000   2.22045e-16 0.0299999 2.57732e-17   5.12991e-10 9.48721e-19 0.0001   4e-05
HR_6 1787068344.978146000 0.837480   -0.868464 0.24 1.39514e-06   -6.5402e-07 0.944612 0.0001   6.9e-05
QR_4 1787068344.978146000 -1.000000   2.22045e-16 0.0299999 2.57732e-17   5.12991e-10 9.48721e-19 0.0001   6.9e-05
HR_6 1787068344.988146000 0.837480   -0.868464 0.24 1.39514e-06   -6.5402e-07 0.944612 0.0001   0.0001
QR_4 1787068344.988146000 -1.000000   2.22045e-16 0.0299999 2.57732e-17   5.12991e-10 9.48721e-19 0.0001   0.0001
HR_6 1787068344.998146000 0.837480   -0.868464 0.24 1.39514e-06   -6.5402e-07 0.944612 0.0001   0.000843
QR_4 1787068344.998146000 -1.000000   2.22045e-16 0.0299999 2.57732e-17   5.12991e-10 9.48721e-19 0.0001   0.000843
HR_6 1787068345.008146000 0.837480   -0.868464 0.24 1.39514e-06   -6.5402e-07 0.944612 0.0001   4e-05
QR_4 1787068345.008146000 -1.000000   2.22045e-16 0.0299999 2.57732e-17   5.12991e-10 9.48721e-19 0.0001   4e-05
HR_6 1787068345.018146000 0.837480   -0.868464 0.24 1.39514e-06   -6.5402e-07 0.944612 0.0001   2.4e-05
QR_4 1787068345.018146000 -1.000000   2.22045e-16 0.0299999 2.57732e-17   5.12991e-10 9.48721e-19 0.0001   2.4e-05
HR_6 1787068345.028146000 0.837480   -0.868464 0.24 1.39514e-06   -6.5402e-07 0.944612 0.0001   0.003027
QR_4 1787068345.028146000 -1.000000   2.22045e-16 0.0299999 2.57732e-17   5.12991e-10 9.48721e-19 0.0001   0.003027
HR_6 1787068345.038146000 0.837480   -0.868464 0.24 1.39514e-06   -6.5402e-07 0.944612 0.0001   2.9e-05
QR_4 1787068345.038146000 -1.000000   2.22045e-16 0.0299999 2.57732e-17   5.12991e-10 9.48721e-19 0.0001   2.9e-05
HR_6 1787068345.048147000 0.837480   -0.868464 0.24 1.39514e-06   -6.5402e-07 0.944612 0.0001   3.2e-05
QR_4 1787068345.048147000 -1.000000   2.22045e-16 0.0299999 2.57732e-17   5.12991e-10 9.48721e-19 0.0001   3.2e-05
HR_6 1787068345.058147000 0.837480   -0.868464 0.24 1.39514e-06   -6.5402e-07 0.944612 0.0001   0.001479
QR_4 1787068345.058147000 -1.000000   2.22045e-16 0.0299999 2.57732e-17   5.12991e-10 9.48721e-19 0.0001   0.001479
HR_6 1787068345.068147000 0.837480   -0.868464 0.24 1.39514e-06   -6.5402e-07 0.944612 0.0001   2e-05
QR_4 1787068345.068147000 -1.000000   2.22045e-16 0.0299999 2.57732e-17   5.12991e-10 9.48721e-19 0.0001   2e-05
HR_6 1787068345.078147000 0.837480   -0.868464 0.24 1.39514e-06   -6.5402e-07 0.944612 0.0001   5e-05
QR_4 1787068345.078147000 -1.000000   2.22045e-16 0.0299999 2.57732e-17   5.12991e-10 9.48721e-19 0.0001   5e-05
HR_6 1787068345.088147000 0.837480   -0.868464 0.24 1.39514e-06   -6.5402e-07 0.944612 0.0001   4.8e-05
QR_4 1787068345.088147000 -1.000000   2.22045e-16 0.0299999 2.57732e-17   5.12991e-10 9.48721e-19 0.0001   4.8e-05
HR_6 1787068345.098147000 0.837480   -0.868464 0.24 1.39514e-06   -6.5402e-07 0.944612 0.0001   2.4e-05
QR_4 1787068345.098147000 -1.000000   2.22045e-16 0.0299999 2.57732e-17   5.12991e-10 9.48721e-19 0.0001   2.4e-05
HR_6 1787068345.108147000 0.837480   -0.868464 0.24 1.39514e-06   -6.5402e-07 0.944612 0.0001   3.8e-05
QR_4 1787068345.108147000 -1.000000   2.22045e-16 0.0299999 2.57732e-17   5.12991e-10 9.48721e-19 0.0001   3.8e-05
HR_6 1787068345.118147000 0.837480   -0.868464 0.24 1.39514e-06   -6.5402e-07 0.944612 0.0001   4.5e-05
QR_4 1787068345.118147000 -1.000000   2.22045e-16 0.0299999 2.57732e-17   5.12991e-10 9.48721e-19 0.0001   4.5e-05
HR_6 1787068345.128147000 0.837480   -0.868464 0.24 1.39514e-06   -6.5402e-07 0.944612 0.0001   5.4e-05
QR_4 1787068345.128147000 -1.000000   2.22045e-16 0.0299999 2.57732e-17   5.12991e-10 9.48721e-19 0.0001   5.4e-05
HR_6 1787068345.138147000 0.837480   -0.868464 0.24 1.39514e-06   -6.5402e-07 0.944612 0.0001   0.002206
QR_4 1787068345.138147000 -1.000000   2.22045e-16 0.0299999 2.57732e-17   5.12991e-10 9.48721e-19 0.0001   0.002206
HR_6 1787068345.148148000 0.837480   -0.868464 0.24 1.39514e-06   -6.5402e-07 0.944612 0.0001   5.7e-05
QR_4 1787068345.148148000 -1.000000   2.22045e-16 0.0299999 2.57732e-17   5.12991e-10 9.48721e-19 0.0001   5.7e-05
HR_6 1787068345.158148000 0.837480   -0.868464 0.24 1.39514e-06   -6.5402e-07 0.944612 0.0001   0.000731
QR_4 1787068345.158148000 -1.000000   2.22045e-16 0.0299999 2.57732e-17   5.12991e-10 9.48721e-19 0.0001   0.000731
HR_6 1787068345.168148000 0.837480   -0.868464 0.24 1.39514e-06   -6.5402e-07 0.944612 0.0001   5.2e-05
QR_4 1787068345.168148000 -1.000000   2.22045e-16 0.0299999 2.57732e-17   5.12991e-10 9.48721e-19 0.0001   5.2e-05
HR_6 1787068345.178148000 0.837480   -0.868464 0.24 1.39514e-06   -6.5402e-07 0.944612 0.0001   2.8e-05
QR_4 1787068345.178148000 -1.000000   2.22045e-16 0.0299999 2.57732e-17   5.12991e-10 9.48721e-19 0.0001   2.8e-05
HR_6 1787068345.188148000 0.837480   -0.868464 0.24 1.39514e-06   -6.5402e-07 0.944612 0.0001   0.000806
QR_4 1787068345.188148000 -1.000000   2.22045e-16 0.0299999 2.57732e-17   5.12991e-10 9.48721e-19 0.0001   0.000806
HR_6 1787068345.198148000 0.837480   -0.868464 0.24 1.39514e-06   -6.5402e-07 0.944612 0.0001   3.5e-05
QR_4 1787068345.198148000 -1.000000   2.22045e-16 0.0299999 2.57732e-17   5.12991e-10 9.48721e-19 0.0001   3.5e-05
HR_6 1787068345.208148000 0.837480   -0.868464 0.24 1.39514e-06   -6.5402e-07 0.944612 0.0001   3.7e-05
QR_4 1787068345.208148000 -1.000000   2.22045e-16 0.0299999 2.57732e-17   5.12991e-10 9.48721e-19 0.0001   3.7e-05
HR_6 1787068345.218148000 0.837480   -0.868464 0.24 1.39514e-06   -6.5402e-07 0.944612 0.0001   0.001295
QR_4 1787068345.218148000 -1.000000   2.22045e-16 0.0299999 2.57732e-17   5.12991e-10 9.48721e-19 0.0001   0.001295
HR_6 1787068345.228148000 0.837480   -0.868464 0.24 1.39514e-06   -6.5402e-07 0.944612 0.0001   5.1e-05
QR_4 1787068345.228148000 -1.000000   2.22045e-16 0.0299999 2.57732e-17   5.12991e-10 9.48721e-19 0.0001   5.1e-05
HR_6 1787068345.238148000 0.837480   -0.868464 0.24 1.39514e-06   -6.5402e-07 0.944612 0.0001   2e-05
QR_4 1787068345.238148000 -1.000000   2.22045e-16 0.0299999 2.57732e-17   5.12991e-10 9.48721e-19 0.0001   2e-05
HR_6 1787068345.248149000 0.837480   -0.868464 0.24 1.39514e-06   -6.5402e-07 0.944612 0.0001   7.6e-05
QR_4 1787068345.248149000 -1.000000   2.22045e-16 0.0299999 2.57732e-17   5.12991e-10 9.48721e-19 0.0001   7.6e-05
HR_6 1787068345.258149000 0.837480   -0.868464 0.24 1.39514e-06   -6.5402e-07 0.944612 0.0001   0.003197
QR_4 1787068345.258149000 -1.000000   2.22045e-16 0.0299999 2.57732e-17   5.12991e-10 9.48721e-19 0.0001   0.003197
HR_6 1787068345.268149000 0.837480   -0.868464 0.24 1.39514e-06   -6.5402e-07 0.944612 0.0001   3.5e-05
QR_4 1787068345.268149000 -1.000000   2.22045e-16 0.0299999 2.57732e-17   5.12991e-10 9.48721e-19 0.0001   3.5e-05
HR_6 1787068345.278149000 0.837480   -0.868464 0.24 1.39514e-06   -6.5402e-07 0.944612 0.0001   8e-05
QR_4 1787068345.278149000 -1.000000   2.22045e-16 0.0299999 2.57732e-17   5.12991e-10 9.48721e-19 0.0001   8e-05
HR_6 1787068345.288149000 0.837480   -0.868464 0.24 1.39514e-06   -6.5402e-07 0.944612 0.0001   3.6e-05
QR_4 1787068345.288149000 -1.000000   2.22045e-16 0.0299999 2.57732e-17   5.12991e-10 9.48721e-19 0.0001   3.6e-05
HR_6 1787068345.298149000 0.837480   -0.868464 0.24 1.39514e-06   -6.5402e-07 0.944612 0.0001   3.3e-05
QR_4 1787068345.298149000 -1.000000   2.22045e-16 0.0299999 2.57732e-17   5.12991e-10 9.48721e-19 0.0001   3.3e-05
HR_6 1787068345.308149000 0.837480   -0.868464 0.24 1.39514e-06   -6.5402e-07 0.944612 0.0001   6.2e-05
QR_4 1787068345.308149000 -1.000000   2.22045e-16 0.0299999 2.57732e-17   5.12991e-10 9.48721e-19 0.0001   6.2e-05
HR_6 1787068345.318149000 0.837480   -0.868464 0.24 1.39514e-06   -6.5402e-07 0.944612 0.0001   3.3e-05
QR_4 1787068345.318149000 -1.000000   2.22045e-16 0.0299999 2.57732e-17   5.12991e-10 9.48721e-19 0.0001   3.3e-05
HR_6 1787068345.328149000 0.837480   -0.868464 0.24 1.39514e-06   -6.5402e-07 0.944612 0.0001   1.4e-05
QR_4 1787068345.328149000 -1.000000   2.22045e-16 0.0299999 2.57732e-17   5.12991e-10 9.48721e-19 0.0001   1.4e-05
HR_6 1787068345.338149000 0.837480   -0.868464 0.24 1.39514e-06   -6.5402e-07 0.944612 0.0001   0.002825
QR_4 1787068345.338149000 -1.000000   2.22045e-16 0.0299999 2.57732e-17   5.12991e-10 9.48721e-19 0.0001   0.002825
HR_6 1787068345.348150000 0.837480   -0.868464 0.24 1.39514e-06   -6.5402e-07 0.944612 0.0001   3.6e-05
QR_4 1787068345.348150000 -1.000000   2.22045e-16 0.0299999 2.57732e-17   5.12991e-10 9.48721e-19 0.0001   3.6e-05
HR_6 1787068345.358150000 0.837480   -0.868464 0.24 1.39514e-06   -6.5402e-07 0.944612 0.0001   1.5e-05
QR_4 1787068345.358150000 -1.000000   2.22045e-16 0.0299999 2.57732e-17   5.12991e-10 9.48721e-19 0.0001   1.5e-05
HR_6 1787068345.368150000 0.837480   -0.868464 0.24 1.39514e-06   -6.5402e-07 0.944612 0.0001   5.7e-05
QR_4 1787068345.368150000 -1.000000   2.22045e-16 0.0299999 2.57732e-17   5.12991e-10 9.48721e-19 0.0001   5.7e-05
HR_6 1787068345.378150000 0.837480   -0.868464 0.24 1.39514e-06   -6.5402e-07 0.944612 0.0001   7.6e-05
QR_4 1787068345.378150000 -1.000000   2.22045e-16 0.0299999 2.57732e-17   5.12991e-10 9.48721e-19 0.0001   7.6e-05
HR_6 1787068345.388150000 0.837480   -0.868464 0.24 1.39514e-06   -6.5402e-07 0.944612 0.0001   6.8e-05
QR_4 1787068345.388150000 -1.000000   2.22045e-16 0.0299999 2.57732e-17   5.12991e-10 9.48721e-19 0.0001   6.8e-05
HR_6 1787068345.398150000 0.837480   -0.868464 0.24 1.39514e-06   -6.5402e-07 0.944612 0.0001   0.000111
QR_4 1787068345.398150000 -1.000000   2.22045e-16 0.0299999 2.57732e-17   5.12991e-10 9.48721e-19 0.0001   0.000111
HR_6 1787068345.408148000 0.837480   -0.868464 0.24 1.39514e-06   -6.5402e-07 0.944612 0.0001   3e-06
QR_4 1787068345.408148000 -1.000000   2.22045e-16 0.0299999 2.57732e-17   5.12991e-10 9.48721e-19 0.0001   3e-06
HR_6 1787068345.418149000 0.837480   -0.868464 0.24 1.39514e-06   -6.5402e-07 0.944612 0.0001   0.001549
QR_4 1787068345.418149000 -1.000000   2.22045e-16 0.0299999 2.57732e-17   5.12991e-10 9.48721e-19 0.0001   0.001549
HR_6 1787068345.428149000 0.837480   -0.868464 0.24 1.39514e-06   -6.5402e-07 0.944612 0.0001   4e-05
QR_4 1787068345.428149000 -1.000000   2.22045e-16 0.0299999 2.57732e-17   5.12991e-10 9.48721e-19 0.0001   4e-05
HR_6 1787068345.438149000 0.837480   -0.868464 0.24 1.39514e-06   -6.5402e-07 0.944612 0.0001   3.9e-05
QR_4 1787068345.438149000 -1.000000   2.22045e-16 0.0299999 2.57732e-17   5.12991e-10 9.48721e-19 0.0001   3.9e-05
HR_6 1787068345.448149000 0.837480   -0.868464 0.24 1.39514e-06   -6.5402e-07 0.944612 0.0001   6.1e-05
QR_4 1787068345.448149000 -1.000000   2.22045e-16 0.0299999 2.57732e-17   5.12991e-10 9.48721e-19 0.0001   6.1e-05
HR_6 1787068345.458149000 0.837480   -0.868464 0.24 1.39514e-06   -6.5402e-07 0.944612 0.0001   4.4e-05
QR_4 1787068345.458149000 -1.000000   2.22045e-16 0.0299999 2.57732e-17   5.12991e-10 9.48721e-19 0.0001   4.4e-05
HR_6 1787068345.468149000 0.837480   -0.868464 0.24 1.39514e-06   -6.5402e-07 0.944612 0.0001   2.9e-05
QR_4 1787068345.468149000 -1.000000   2.22045e-16 0.0299999 2.57732e-17   5.12991e-10 9.48721e-19 0.0001   2.9e-05
HR_6 1787068345.478149000 0.837480   -0.868464 0.24 1.39514e-06   -6.5402e-07 0.944612 0.0001   4.1e-05
QR_4 1787068345.478149000 -1.000000   2.22045e-16 0.0299999 2.57732e-17   5.12991e-10 9.48721e-19 0.0001   4.1e-05
HR_6 1787068345.488149000 0.837480   -0.868464 0.24 1.39514e-06   -6.5402e-07 0.944612 0.0001   3.4e-05
QR_4 1787068345.488149000 -1.000000   2.22045e-16 0.0299999 2.57732e-17   5.12991e-10 9.48721e-19 0.0001   3.4e-05
HR_6 1787068345.498149000 0.837480   -0.868464 0.24 1.39514e-06   -6.5402e-07 0.944612 0.0001   2.6e-05
QR_4 1787068345.498149000 -1.000000   2.22045e-16 0.0299999 2.57732e-17   5.12991e-10 9.48721e-19 0.0001   2.6e-05
HR_6 1787068345.508149000 0.837480   -0.868464 0.24 1.39514e-06   -6.5402e-07 0.944612 0.0001   0.000197
QR_4 1787068345.508149000 -1.000000   2.22045e-16 0.0299999 2.57732e-17   5.12991e-10 9.48721e-19 0.0001   0.000197
HR_6 1787068345.518150000 0.837480   -0.868464 0.24 1.39514e-06   -6.5402e-07 0.944612 0.0001   2.4e-05
QR_4 1787068345.518150000 -1.000000   2.22045e-16 0.0299999 2.57732e-17   5.12991e-10 9.48721e-19 0.0001   2.4e-05
HR_6 1787068345.528150000 0.837480   -0.868464 0.24 1.39514e-06   -6.5402e-07 0.944612 0.0001   1.7e-05
QR_4 1787068345.528150000 -1.000000   2.22045e-16 0.0299999 2.57732e-17   5.12991e-10 9.48721e-19 0.0001   1.7e-05
HR_6 1787068345.538150000 0.837480   -0.868464 0.24 1.39514e-06   -6.5402e-07 0.944612 0.0001   3.8e-05
QR_4 1787068345.538150000 -1.000000   2.22045e-16 0.0299999 2.57732e-17   5.12991e-10 9.48721e-19 0.0001   3.8e-05
HR_6 1787068345.548150000 0.837480   -0.868464 0.24 1.39514e-06   -6.5402e-07 0.944612 0.0001   3.5e-05
QR_4 1787068345.548150000 -1.000000   2.22045e-16 0.0299999 2.57732e-17   5.12991e-10 9.48721e-19 0.0001   3.5e-05
HR_6 1787068345.558150000 0.837480   -0.868464 0.24 1.39514e-06   -6.5402e-07 0.944612 0.0001   7.3e-05
QR_4 1787068345.558150000 -1.000000   2.22045e-16 0.0299999 2.57732e-17   5.12991e-10 9.48721e-19 0.0001   7.3e-05
HR_6 1787068345.568150000 0.837480   -0.868464 0.24 1.39514e-06   -6.5402e-07 0.944612 0.0001   5.7e-05
QR_4 1787068345.568150000 -1.000000   2.22045e-16 0.0299999 2.57732e-17   5.12991e-10 9.48721e-19 0.0001   5.7e-05
HR_6 1787068345.578150000 0.837480   -0.868464 0.24 1.39514e-06   -6.5402e-07 0.944612 0.0001   3.8e-05
QR_4 1787068345.578150000 -1.000000   2.22045e-16 0.0299999 2.57732e-17   5.12991e-10 9.48721e-19 0.0001   3.8e-05
HR_6 1787068345.588150000 0.837480   -0.868464 0.24 1.39514e-06   -6.5402e-07 0.944612 0.0001   3e-05
QR_4 1787068345.588150000 -1.000000   2.22045e-16 0.0299999 2.57732e-17   5.12991e-10 9.48721e-19 0.0001   3e-05
HR_6 1787068345.598150000 0.837480   -0.868464 0.24 1.39514e-06   -6.5402e-07 0.944612 0.0001   1.6e-05
QR_4 1787068345.598150000 -1.000000   2.22045e-16 0.0299999 2.57732e-17   5.12991e-10 9.48721e-19 0.0001   1.6e-05
HR_6 1787068345.608150000 0.837480   -0.868464 0.24 1.39514e-06   -6.5402e-07 0.944612 0.0001   2.4e-05
QR_4 1787068345.608150000 -1.000000   2.22045e-16 0.0299999 2.57732e-17   5.12991e-10 9.48721e-19 0.0001   2.4e-05
HR_6 1787068345.618151000 0.837480   -0.868464 0.24 1.39514e-06   -6.5402e-07 0.944612 0.0001   0.000474
QR_4 1787068345.618151000 -1.000000   2.22045e-16 0.0299999 2.57732e-17   5.12991e-10 9.48721e-19 0.0001   0.000474
HR_6 1787068345.628151000 0.837480   -0.868464 0.24 1.39514e-06   -6.5402e-07 0.944612 0.0001   2.8e-05
QR_4 1787068345.628151000 -1.000000   2.22045e-16 0.0299999 2.57732e-17   5.12991e-10 9.48721e-19 0.0001   2.8e-05
HR_6 1787068345.638151000 0.837480   -0.868464 0.24 1.39514e-06   -6.5402e-07 0.944612 0.0001   0.003207
QR_4 1787068345.638151000 -1.000000   2.22045e-16 0.0299999 2.57732e-17   5.12991e-10 9.48721e-19 0.0001   0.003207
HR_6 1787068345.648151000 0.837480   -0.868465 0.24 3.66033e-06   -2.13392e-06 0.944612 0.0001   3.5e-05
QR_4 1787068345.648151000 -1.000000   2.22045e-16 0.0299999 2.57732e-17   5.12991e-10 9.48721e-19 0.0001   3.5e-05
HR_6 1787068345.658151000 0.837480   -0.868465 0.24 3.66033e-06   -2.13392e-06 0.944612 0.0001   1.7e-05
QR_4 1787068345.658151000 -1.000000   2.22045e-16 0.0299999 2.57732e-17   5.12991e-10 9.48721e-19 0.0001   1.7e-05
HR_6 1787068345.668151000 0.837480   -0.868465 0.24 3.66033e-06   -2.13392e-06 0.944612 0.0001   7.1e-05
QR_4 1787068345.668151000 -1.000000   2.22045e-16 0.0299999 2.57732e-17   5.12991e-10 9.48721e-19 0.0001   7.1e-05
HR_6 1787068345.678151000 0.837480   -0.868465 0.24 3.66033e-06   -2.13392e-06 0.944612 0.0001   5.4e-05
QR_4 1787068345.678151000 -1.000000   2.22045e-16 0.0299999 2.57732e-17   5.12991e-10 9.48721e-19 0.0001   5.4e-05
HR_6 1787068345.688151000 0.837480   -0.868465 0.24 3.66033e-06   -2.13392e-06 0.944612 0.0001   6.2e-05
QR_4 1787068345.688151000 -1.000000   2.22045e-16 0.0299999 2.57732e-17   5.12991e-10 9.48721e-19 0.0001   6.2e-05
HR_6 1787068345.698151000 0.837480   -0.868465 0.24 1.86253e-06   -1.09905e-06 0.944612 0.0001   2.3e-05
QR_4 1787068345.698151000 -1.000000   2.22045e-16 0.0299999 2.57732e-17   5.12991e-10 9.48721e-19 0.0001   2.3e-05
HR_6 1787068345.708151000 0.837480   -0.868465 0.24 1.86253e-06   -1.09905e-06 0.944612 0.0001   2.9e-05
QR_4 1787068345.708151000 -1.000000   2.22045e-16 0.0299999 2.57732e-17   5.12991e-10 9.48721e-19 0.0001   2.9e-05
HR_6 1787068345.718152000 0.837480   -0.868465 0.24 1.86253e-06   -1.09905e-06 0.944612 0.0001   6.7e-05
QR_4 1787068345.718152000 -1.000000   2.22045e-16 0.0299999 2.57732e-17   5.12991e-10 9.48721e-19 0.0001   6.7e-05
HR_6 1787068345.728152000 0.837480   -0.868465 0.24 1.86253e-06   -1.09905e-06 0.944612 0.0001   4.7e-05
QR_4 1787068345.728152000 -1.000000   2.22045e-16 0.0299999 2.57732e-17   5.12991e-10 9.48721e-19 0.0001   4.7e-05
HR_6 1787068345.738152000 0.837480   -0.868465 0.24 1.86253e-06   -1.09905e-06 0.944612 0.0001   0.001843
QR_4 1787068345.738152000 -1.000000   2.22045e-16 0.0299999 2.57732e-17   5.12991e-10 9.48721e-19 0.0001   0.001843
HR_6 1787068345.748152000 0.837480   -0.868465 0.24 1.86253e-06   -1.09905e-06 0.944612 0.0001   4.1e-05
QR_4 1787068345.748152000 -1.000000   2.22045e-16 0.0299999 2.57732e-17   5.12991e-10 9.48721e-19 0.0001   4.1e-05
HR_6 1787068345.758152000 0.837480   -0.868465 0.24 1.86253e-06   -1.09905e-06 0.944612 0.0001   3.4e-05
QR_4 1787068345.758152000 -1.000000   2.22045e-16 0.0299999 2.57732e-17   5.12991e-10 9.48721e-19 0.0001   3.4e-05
HR_6 1787068345.768152000 0.837480   -0.868465 0.24 1.86253e-06   -1.09905e-06 0.944612 0.0001   4.2e-05
QR_4 1787068345.768152000 -1.000000   2.22045e-16 0.0299999 2.57732e-17   5.12991e-10 9.48721e-19 0.0001   4.2e-05
HR_6 1787068345.778152000 0.837480   -0.868465 0.24 1.86253e-06   -1.09905e-06 0.944612 0.0001   5.2e-05
QR_4 1787068345.778152000 -1.000000   2.22045e-16 0.0299999 2.57732e-17   5.12991e-10 9.48721e-19 0.0001   5.2e-05
HR_6 1787068345.788152000 0.837480   -0.868465 0.24 1.86253e-06   -1.09905e-06 0.944612 0.0001   2.1e-05
QR_4 1787068345.788152000 -1.000000   2.22045e-16 0.0299999 2.57732e-17   5.12991e-10 9.48721e-19 0.0001   2.1e-05
HR_6 1787068345.798152000 0.837480   -0.868465 0.24 1.86253e-06   -1.09905e-06 0.944612 0.0001   0.001393
QR_4 1787068345.798152000 -1.000000   2.22045e-16 0.0299999 2.57732e-17   5.12991e-10 9.48721e-19 0.0001   0.001393
HR_6 1787068345.808152000 0.837479   -0.868463 0.240001 -5.7365e-06   3.27602e-06 0.944612 0.0001   2.2e-05
QR_4 1787068345.808152000 -1.000000   2.22045e-16 0.0299999 2.57732e-17   5.12991e-10 9.48721e-19 0.0001   2.2e-05
HR_6 1787068345.818153000 0.837481   -0.868467 0.239999 1.1256e-05   -6.52288e-06 0.944612 0.0001   5.2e-05
QR_4 1787068345.818153000 -1.000000   2.22045e-16 0.0299999 2.57732e-17   5.12991e-10 9.48721e-19 0.0001   5.2e-05
HR_6 1787068345.828153000 0.837481   -0.868467 0.239999 1.1256e-05   -6.52288e-06 0.944612 0.0001   4e-05
QR_4 1787068345.828153000 -1.000000   2.22045e-16 0.0299999 2.57732e-17   5.12991e-10 9.48721e-19 0.0001   4e-05
HR_6 1787068345.838153000 0.837480   -0.868466 0.239999 5.98199e-06   -3.4811e-06 0.944612 0.0001   1.2e-05
QR_4 1787068345.838153000 -1.000000   2.22045e-16 0.0299999 2.57732e-17   5.12991e-10 9.48721e-19 0.0001   1.2e-05
HR_6 1787068345.848153000 0.837480   -0.868466 0.239999 5.98199e-06   -3.4811e-06 0.944612 0.0001   6e-05
QR_4 1787068345.848153000 -1.000000   2.22045e-16 0.0299999 2.57732e-17   5.12991e-10 9.48721e-19 0.0001   6e-05
HR_6 1787068345.858153000 0.837480   -0.868466 0.239999 5.98199e-06   -3.4811e-06 0.944612 0.0001   3.1e-05
QR_4 1787068345.858153000 -1.000000   2.22045e-16 0.0299999 2.57732e-17   5.12991e-10 9.48721e-19 0.0001   3.1e-05
HR_6 1787068345.868153000 0.837480   -0.868466 0.239999 5.98199e-06   -3.4811e-06 0.944612 0.0001   4.1e-05
QR_4 1787068345.868153000 -1.000000   2.22045e-16 0.0299999 2.57732e-17   5.12991e-10 9.48721e-19 0.0001   4.1e-05
HR_6 1787068345.878153000 0.837480   -0.868466 0.239999 5.98199e-06   -3.4811e-06 0.944612 0.0001   4.6e-05
QR_4 1787068345.878153000 -1.000000   2.22045e-16 0.0299999 2.57732e-17   5.12991e-10 9.48721e-19 0.0001   4.6e-05
HR_6 1787068345.888153000 0.837480   -0.868466 0.239999 5.98199e-06   -3.4811e-06 0.944612 0.0001   6.3e-05
QR_4 1787068345.888153000 -1.000000   2.22045e-16 0.0299999 2.57732e-17   5.12991e-10 9.48721e-19 0.0001   6.3e-05
HR_6 1787068345.898153000 0.837480   -0.868466 0.239999 5.98199e-06   -3.4811e-06 0.944612 0.0001   4.1e-05
QR_4 1787068345.898153000 -1.000000   2.22045e-16 0.0299999 2.57732e-17   5.12991e-10 9.48721e-19 0.0001   4.1e-05
HR_6 1787068345.908153000 0.837480   -0.868465 0.24 2.68651e-06   -1.55646e-06 0.944612 0.0001   0.001156
QR_4 1787068345.908153000 -1.000000   2.22045e-16 0.0299999 2.57732e-17   5.12991e-10 9.48721e-19 0.0001   0.001156
HR_6 1787068345.918154000 0.837480   -0.868464 0.24 3.06575e-07   -1.79368e-07 0.944612 0.0001   3.2e-05
QR_4 1787068345.918154000 -1.000000   2.22045e-16 0.0299999 2.57732e-17   5.12991e-10 9.48721e-19 0.0001   3.2e-05
HR_6 1787068345.928154000 0.837480   -0.868465 0.24 3.95097e-06   -2.27915e-06 0.944612 0.0001   3.4e-05
QR_4 1787068345.928154000 -1.000000   2.22045e-16 0.0299999 2.57732e-17   5.12991e-10 9.48721e-19 0.0001   3.4e-05
HR_6 1787068345.938154000 0.837480   -0.868465 0.24 3.95097e-06   -2.27915e-06 0.944612 0.0001   2.3e-05
QR_4 1787068345.938154000 -1.000000   2.22045e-16 0.0299999 2.57732e-17   5.12991e-10 9.48721e-19 0.0001   2.3e-05
HR_6 1787068345.948154000 0.837477   -0.868457 0.240003 -2.70405e-05   1.56014e-05 0.944612 0.0001   9e-06
QR_4 1787068345.948154000 -1.000000   2.22045e-16 0.0299999 2.57732e-17   5.12991e-10 9.48721e-19 0.0001   9e-06
HR_6 1787068345.958154000 0.837482   -0.868469 0.239998 1.88114e-05   -1.08393e-05 0.944612 0.0001   0.001198
QR_4 1787068345.958154000 -1.000000   2.22045e-16 0.0299999 2.57732e-17   5.12991e-10 9.48721e-19 0.0001   0.001198
HR_6 1787068345.968154000 0.837482   -0.868469 0.239998 1.88114e-05   -1.08393e-05 0.944612 0.0001   7.7e-05
QR_4 1787068345.968154000 -1.000000   2.22045e-16 0.0299999 2.57732e-17   5.12991e-10 9.48721e-19 0.0001   7.7e-05
HR_6 1787068345.978154000 0.837482   -0.868468 0.239998 1.70085e-05   -9.79476e-06 0.944612 0.0001   2.1e-05
QR_4 1787068345.978154000 -1.000000   2.22045e-16 0.0299999 2.57732e-17   5.12991e-10 9.48721e-19 0.0001   2.1e-05
HR_6 1787068345.988154000 0.837469   -0.868457 0.239998 -5.66211e-05   -1.02467e-05 0.944603 0.0001   0.000195
QR_4 1787068345.988154000 -1.000000   2.22045e-16 0.0299999 2.57732e-17   5.12991e-10 9.48721e-19 0.0001   0.000195
HR_6 1787068345.998154000 0.837469   -0.868457 0.239998 -5.49329e-05   -9.11526e-06 0.944603 0.0001   6.1e-05
QR_4 1787068345.998154000 -1.000000   2.22045e-16 0.0299999 2.57732e-17   5.12991e-10 9.48721e-19 0.0001   6.1e-05
HR_6 1787068346.008154000 0.837474   -0.868467 0.239994 -1.54094e-05   -3.14975e-05 0.944603 0.0001   2.7e-05
QR_4 1787068346.008154000 -1.000000   2.22045e-16 0.0299999 2.57732e-17   5.12991e-10 9.48721e-19 0.0001   2.7e-05
HR_6 1787068346.018155000 0.837474   -0.868465 0.239995 -2.00234e-05   -2.64684e-05 0.944603 0.0001   3.6e-05
QR_4 1787068346.018155000 -1.000000   2.22045e-16 0.0299999 2.57732e-17   5.12991e-10 9.48721e-19 0.0001   3.6e-05
HR_6 1787068346.028155000 0.837474   -0.868465 0.239995 -1.93216e-05   -2.42875e-05 0.944603 0.0001   0.003216
QR_4 1787068346.028155000 -1.000000   2.22045e-16 0.0299999 2.57732e-17   5.12991e-10 9.48721e-19 0.0001   0.003216
HR_6 1787068346.038155000 0.837467   -0.868449 0.240003 -8.37393e-05   1.39144e-05 0.944603 0.0001   4.4e-05
QR_4 1787068346.038155000 -1.000000   2.22045e-16 0.0299999 2.57732e-17   5.12991e-10 9.48721e-19 0.0001   4.4e-05
HR_6 1787068346.048155000 0.837450   -0.868451 0.239993 3.64785e-06   -3.5034e-05 0.944437 0.0001   3.8e-05
QR_4 1787068346.048155000 -1.000000   2.22045e-16 0.0299999 2.57732e-17   5.12991e-10 9.48721e-19 0.0001   3.8e-05
HR_6 1787068346.058155000 0.837447   -0.868448 0.239993 3.39709e-06   -3.26493e-05 0.944417 0.0001   5e-06
QR_4 1787068346.058155000 -1.000000   2.22045e-16 0.0299999 2.57732e-17   5.12991e-10 9.48721e-19 0.0001   5e-06
HR_6 1787068346.068155000 0.837443   -0.868444 0.239994 -3.06673e-06   -2.74121e-05 0.944397 0.0001   2e-05
QR_4 1787068346.068155000 -1.000000   2.22045e-16 0.0299999 2.57732e-17   5.12991e-10 9.48721e-19 0.0001   2e-05
HR_6 1787068346.078155000 0.837435   -0.868425 0.240003 -7.73548e-05   1.65778e-05 0.944397 0.0001   3.5e-05
QR_4 1787068346.078155000 -1.000000   2.22045e-16 0.0299999 2.57732e-17   5.12991e-10 9.48721e-19 0.0001   3.5e-05
HR_6 1787068346.088155000 0.837434   -0.868423 0.240004 -8.27542e-05   2.08015e-05 0.944392 0.0001   1.6e-05
QR_4 1787068346.088155000 -1.000000   2.22045e-16 0.0299999 2.57732e-17   5.12991e-10 9.48721e-19 0.0001   1.6e-05
HR_6 1787068346.098155000 0.837429   -0.868433 0.239994 1.07076e-05   -2.76602e-05 0.94429 0.0001   0.000116
QR_4 1787068346.098155000 -1.000000   2.22045e-16 0.0299999 2.57732e-17   5.12991e-10 9.48721e-19 0.0001   0.000116
HR_6 1787068346.108155000 0.837426   -0.868427 0.239997 -1.28977e-05   -1.27881e-05 0.94429 0.0001   0.000354
QR_4 1787068346.108155000 -1.000000   2.22045e-16 0.0299999 2.57732e-17   5.12991e-10 9.48721e-19 0.0001   0.000354
HR_6 1787068346.118156000 0.837419   -0.86841 0.240005 -7.84406e-05   2.5809e-05 0.94429 0.0001   4.2e-05
QR_4 1787068346.118156000 -1.000000   2.22045e-16 0.0299999 2.57732e-17   5.12991e-10 9.48721e-19 0.0001   4.2e-05
HR_6 1787068346.128156000 0.837424   -0.868422 0.24 -3.2858e-05   2.89932e-07 0.94429 0.0001   0.001229
QR_4 1787068346.128156000 -1.000000   2.22045e-16 0.0299999 2.57732e-17   5.12991e-10 9.48721e-19 0.0001   0.001229
HR_6 1787068346.138156000 0.837426   -0.868428 0.239996 -6.82858e-07   -1.73455e-05 0.944275 0.0001   2.1e-05
QR_4 1787068346.138156000 -1.000000   2.22045e-16 0.0299999 2.57732e-17   5.12991e-10 9.48721e-19 0.0001   2.1e-05
HR_6 1787068346.148156000 0.837416   -0.868419 0.239998 -1.15879e-05   -1.03548e-05 0.944223 0.0001   9.7e-05
QR_4 1787068346.148156000 -1.000000   2.22045e-16 0.0299999 2.57732e-17   5.12991e-10 9.48721e-19 0.0001   9.7e-05
HR_6 1787068346.158156000 0.837419   -0.868422 0.239997 -1.47803e-06   -1.2893e-05 0.944232 0.0001   2.8e-05
QR_4 1787068346.158156000 -1.000000   2.22045e-16 0.0299999 2.57732e-17   5.12991e-10 9.48721e-19 0.0001   2.8e-05
HR_6 1787068346.168156000 0.837419   -0.868422 0.239997 -1.47803e-06   -1.2893e-05 0.944232 0.0001   0.000146
QR_4 1787068346.168156000 -1.000000   2.22045e-16 0.0299999 2.57732e-17   5.12991e-10 9.48721e-19 0.0001   0.000146
HR_6 1787068346.178156000 0.837416   -0.868418 0.239998 -7.73614e-06   -8.21529e-06 0.944214 0.0001   4.6e-05
QR_4 1787068346.178156000 -1.000000   2.22045e-16 0.0299999 2.57732e-17   5.12991e-10 9.48721e-19 0.0001   4.6e-05
HR_6 1787068346.188156000 0.837411   -0.868408 0.240003 -4.73755e-05   1.53912e-05 0.944214 0.0001   7e-06
QR_4 1787068346.188156000 -1.000000   2.22045e-16 0.0299999 2.57732e-17   5.12991e-10 9.48721e-19 0.0001   7e-06
HR_6 1787068346.198156000 0.837408   -0.868409 0.240001 7.38771e-05   3.31298e-06 0.944062 0.0001   0.002136
QR_4 1787068346.198156000 -1.000000   2.22045e-16 0.0299999 2.57732e-17   5.12991e-10 9.48721e-19 0.0001   0.002136
HR_6 1787068346.208156000 0.837371   -0.868385 0.239999 3.86141e-06   -6.43435e-06 0.943925 0.0001   3.4e-05
QR_4 1787068346.208156000 -1.000000   2.22045e-16 0.0299999 2.57732e-17   5.12991e-10 9.48721e-19 0.0001   3.4e-05
HR_6 1787068346.218157000 0.837367   -0.868378 0.240002 -2.23032e-05   8.86468e-06 0.943915 0.0001   5.3e-05
QR_4 1787068346.218157000 -1.000000   2.22045e-16 0.0299999 2.57732e-17   5.12991e-10 9.48721e-19 0.0001   5.3e-05
HR_6 1787068346.228157000 0.837369   -0.868383 0.239999 5.56715e-07   -4.15703e-06 0.943915 0.0001   4.5e-05
QR_4 1787068346.228157000 -1.000000   2.22045e-16 0.0299999 2.57732e-17   5.12991e-10 9.48721e-19 0.0001   4.5e-05
HR_6 1787068346.238157000 0.837367   -0.868378 0.240001 -1.69053e-05   6.10398e-06 0.943911 0.0001   3.6e-05
QR_4 1787068346.238157000 -1.000000   2.22045e-16 0.0299999 2.57732e-17   5.12991e-10 9.48721e-19 0.0001   3.6e-05
HR_6 1787068346.248157000 0.837359   -0.868359 0.24001 -9.13206e-05   5.04229e-05 0.943911 0.0001   0.002183
QR_4 1787068346.248157000 -1.000000   2.22045e-16 0.0299999 2.57732e-17   5.12991e-10 9.48721e-19 0.0001   0.002183
HR_6 1787068346.258157000 0.837361   -0.86837 0.240004 -3.80629e-05   1.9801e-05 0.943886 0.0001   4.4e-05
QR_4 1787068346.258157000 -1.000000   2.22045e-16 0.0299999 2.57732e-17   5.12991e-10 9.48721e-19 0.0001   4.4e-05
HR_6 1787068346.268157000 0.837357   -0.868371 0.240001 -1.35466e-05   5.77247e-06 0.943844 0.0001   4.5e-05
QR_4 1787068346.268157000 -1.000000   2.22045e-16 0.0299999 2.57732e-17   5.12991e-10 9.48721e-19 0.0001   4.5e-05
HR_6 1787068346.278157000 0.837357   -0.868372 0.240001 -9.07203e-06   3.25507e-06 0.943844 0.0001   4.5e-05
QR_4 1787068346.278157000 -1.000000   2.22045e-16 0.0299999 2.57732e-17   5.12991e-10 9.48721e-19 0.0001   4.5e-05
HR_6 1787068346.288157000 0.837359   -0.868371 0.240003 -4.94642e-06   1.43605e-05 0.943844 0.0001   5.1e-05
QR_4 1787068346.288157000 -1.000000   2.22045e-16 0.0299999 2.57732e-17   5.12991e-10 9.48721e-19 0.0001   5.1e-05
HR_6 1787068346.298157000 0.837347   -0.868361 0.239995 -7.70835e-05   -2.34135e-05 0.943772 0.0001   1.8e-05
QR_4 1787068346.298157000 -1.000000   2.22045e-16 0.0299999 2.57732e-17   5.12991e-10 9.48721e-19 0.0001   1.8e-05
HR_6 1787068346.308157000 0.837343   -0.86835 0.240001 -0.000118267   3.66585e-06 0.943772 0.0001   2.4e-05
QR_4 1787068346.308157000 -1.000000   2.22045e-16 0.0299999 2.57732e-17   5.12991e-10 9.48721e-19 0.0001   2.4e-05
HR_6 1787068346.318158000 0.837351   -0.868368 0.239993 -4.59779e-05   -3.54746e-05 0.943772 0.0001   0.002031
QR_4 1787068346.318158000 -1.000000   2.22045e-16 0.0299999 2.57732e-17   5.12991e-10 9.48721e-19 0.0001   0.002031
HR_6 1787068346.328158000 0.837347   -0.868357 0.239998 -8.61553e-05   -9.86095e-06 0.943772 0.0001   1.3e-05
QR_4 1787068346.328158000 -1.000000   2.22045e-16 0.0299999 2.57732e-17   5.12991e-10 9.48721e-19 0.0001   1.3e-05
HR_6 1787068346.338158000 0.837343   -0.868344 0.240005 -0.00013548   2.45753e-05 0.943772 0.0001   3.8e-05
QR_4 1787068346.338158000 -1.000000   2.22045e-16 0.0299999 2.57732e-17   5.12991e-10 9.48721e-19 0.0001   3.8e-05
HR_6 1787068346.348158000 0.837266   -0.868294 0.240001 8.53605e-07   2.79773e-06 0.943152 0.0001   0.001979
QR_4 1787068346.348158000 -1.000000   2.22045e-16 0.0299999 2.57732e-17   5.12991e-10 9.48721e-19 0.0001   0.001979
HR_6 1787068346.358158000 0.837222   -0.868249 0.240001 -0.000158894   3.23773e-06 0.943038 0.0001   2.2e-05
QR_4 1787068346.358158000 -1.000000   2.22045e-16 0.0299999 2.57732e-17   5.12991e-10 9.48721e-19 0.0001   2.2e-05
HR_6 1787068346.368158000 0.837191   -0.868207 0.240014 -0.000267471   7.10282e-05 0.942917 0.0001   0.003208
QR_4 1787068346.368158000 -1.000000   2.22045e-16 0.0299999 2.57732e-17   5.12991e-10 9.48721e-19 0.0001   0.003208
HR_6 1787068346.378158000 0.837184   -0.86819 0.240022 -0.000327259   0.000107978 0.942911 0.0001   3e-05
QR_4 1787068346.378158000 -1.000000   2.22045e-16 0.0299999 2.57732e-17   5.12991e-10 9.48721e-19 0.0001   3e-05
HR_6 1787068346.388158000 0.837176   -0.868174 0.240029 -0.000382003   0.00014351 0.942899 0.0001   5.7e-05
QR_4 1787068346.388158000 -1.000000   2.22045e-16 0.0299999 2.57732e-17   5.12991e-10 9.48721e-19 0.0001   5.7e-05
HR_6 1787068346.398158000 0.837165   -0.868148 0.240041 -0.000483632   0.000205143 0.942899 0.0001   0.000336
QR_4 1787068346.398158000 -1.000000   2.22045e-16 0.0299999 2.57732e-17   5.12991e-10 9.48721e-19 0.0001   0.000336
HR_6 1787068346.408138000 0.837148   -0.868109 0.240059 -0.000632145   0.000294406 0.942895 0.0001   3e-06
QR_4 1787068346.408138000 -1.000000   2.22045e-16 0.0299999 2.57732e-17   5.12991e-10 9.48721e-19 0.0001   3e-06
HR_6 1787068346.418138000 0.837112   -0.868078 0.240062 -0.000602316   0.000312814 0.942623 0.0001   5.1e-05
QR_4 1787068346.418138000 -1.000000   2.22045e-16 0.0299999 2.57732e-17   5.12991e-10 9.48721e-19 0.0001   5.1e-05
HR_6 1787068346.428138000 0.837091   -0.868037 0.240079 -0.000745338   0.000396653 0.942585 0.0001   4.6e-05
QR_4 1787068346.428138000 -1.000000   2.22045e-16 0.0299999 2.57732e-17   5.12991e-10 9.48721e-19 0.0001   4.6e-05
HR_6 1787068346.438138000 0.837064   -0.867978 0.240106 -0.00089935   0.00052864 0.94249 0.0001   3.2e-05
QR_4 1787068346.438138000 -1.000000   2.22045e-16 0.0299999 2.57732e-17   5.12991e-10 9.48721e-19 0.0001   3.2e-05
HR_6 1787068346.448138000 0.837018   -0.867917 0.240124 -0.0011015   0.000622535 0.942365 0.0001   0.000134
QR_4 1787068346.448138000 -1.000000   2.22045e-16 0.0299999 2.57732e-17   5.12991e-10 9.48721e-19 0.0001   0.000134
HR_6 1787068346.458138000 0.836982   -0.867837 0.240161 -0.00141652   0.00080482 0.942364 0.0001   0.001711
QR_4 1787068346.458138000 -1.000000   2.22045e-16 0.0299999 2.57732e-17   5.12991e-10 9.48721e-19 0.0001   0.001711
HR_6 1787068346.468138000 0.836961   -0.867814 0.240166 -0.0014411   0.000829508 0.942241 0.0001   4.9e-05
QR_4 1787068346.468138000 -1.000000   2.22045e-16 0.0299999 2.57732e-17   5.12991e-10 9.48721e-19 0.0001   4.9e-05
HR_6 1787068346.478138000 0.836941   -0.867769 0.240186 -0.0016149   0.000933288 0.942236 0.0001   0.001039
QR_4 1787068346.478138000 -1.000000   2.22045e-16 0.0299999 2.57732e-17   5.12991e-10 9.48721e-19 0.0001   0.001039
HR_6 1787068346.488138000 0.836877   -0.867716 0.240183 -0.00164131   0.000918818 0.941792 0.0001   0.000686
QR_4 1787068346.488138000 -1.000000   2.22045e-16 0.0299999 2.57732e-17   5.12991e-10 9.48721e-19 0.0001   0.000686
HR_6 1787068346.498138000 0.836837   -0.867639 0.240216 -0.0019115   0.00108208 0.941729 0.0001   5.9e-05
QR_4 1787068346.498138000 -1.000000   2.22045e-16 0.0299999 2.57732e-17   5.12991e-10 9.48721e-19 0.0001   5.9e-05
HR_6 1787068346.508138000 0.836789   -0.867539 0.240249 -0.0021766   0.00124727 0.941478 0.0001   1.8e-05
QR_4 1787068346.508138000 -1.000000   2.22045e-16 0.0299999 2.57732e-17   5.12991e-10 9.48721e-19 0.0001   1.8e-05
HR_6 1787068346.518139000 0.836732   -0.867424 0.240298 -0.0025991   0.00149385 0.941415 0.0001   7.4e-05
QR_4 1787068346.518139000 -1.000000   2.22045e-16 0.0299999 2.57732e-17   5.12991e-10 9.48721e-19 0.0001   7.4e-05
HR_6 1787068346.528139000 0.836667   -0.86728 0.240363 -0.00316503   0.0018204 0.941409 0.0001   6.4e-05
QR_4 1787068346.528139000 -1.000000   2.22045e-16 0.0299999 2.57732e-17   5.12991e-10 9.48721e-19 0.0001   6.4e-05
HR_6 1787068346.538139000 0.836544   -0.867095 0.240427 -0.00375771   0.00214256 0.941077 0.0001   6.1e-05
QR_4 1787068346.538139000 -1.000000   2.22045e-16 0.0299999 2.57732e-17   5.12991e-10 9.48721e-19 0.0001   6.1e-05
HR_6 1787068346.548139000 0.836461   -0.866927 0.240484 -0.00437432   0.00263461 0.940925 0.0001   8.6e-05
QR_4 1787068346.548139000 -1.000000   2.22045e-16 0.0299999 2.57732e-17   5.12991e-10 9.48721e-19 0.0001   8.6e-05
HR_6 1787068346.558139000 0.836373   -0.866738 0.240569 -0.00511306   0.00305512 0.940899 0.0001   0.000291
QR_4 1787068346.558139000 -1.000000   2.22045e-16 0.0299999 2.57732e-17   5.12991e-10 9.48721e-19 0.0001   0.000291
HR_6 1787068346.568139000 0.836308   -0.866572 0.240649 -0.00574   0.00345455 0.940896 0.0001   2.3e-05
QR_4 1787068346.568139000 -1.000000   2.22045e-16 0.0299999 2.57732e-17   5.12991e-10 9.48721e-19 0.0001   2.3e-05
HR_6 1787068346.578139000 0.836180   -0.86629 0.240756 -0.00684966   0.00398737 0.940757 0.0001   4.3e-05
QR_4 1787068346.578139000 -1.000000   2.22045e-16 0.0299999 2.57732e-17   5.12991e-10 9.48721e-19 0.0001   4.3e-05
HR_6 1787068346.588139000 0.836067   -0.866039 0.240869 -0.00781749   0.00455447 0.940721 0.0001   2.7e-05
QR_4 1787068346.588139000 -1.000000   2.22045e-16 0.0299999 2.57732e-17   5.12991e-10 9.48721e-19 0.0001   2.7e-05
HR_6 1787068346.598139000 0.835937   -0.865809 0.240959 -0.0084988   0.00500517 0.940337 0.0001   0.001022
QR_4 1787068346.598139000 -1.000000   2.22045e-16 0.0299999 2.57732e-17   5.12991e-10 9.48721e-19 0.0001   0.001022
HR_6 1787068346.608139000 0.835798   -0.865509 0.241091 -0.00968976   0.00567128 0.940317 0.0001   4.4e-05
QR_4 1787068346.608139000 -1.000000   2.22045e-16 0.0299999 2.57732e-17   5.12991e-10 9.48721e-19 0.0001   4.4e-05
HR_6 1787068346.618140000 0.835708   -0.865312 0.241177 -0.0103646   0.00610784 0.940183 0.0001   0.000245
QR_4 1787068346.618140000 -1.000000   2.22045e-16 0.0299999 2.57732e-17   5.12991e-10 9.48721e-19 0.0001   0.000245
HR_6 1787068346.628140000 0.835542   -0.864928 0.2413 -0.0116268   0.00673625 0.939976 0.0001   9.3e-05
QR_4 1787068346.628140000 -1.000000   2.22045e-16 0.0299999 2.57732e-17   5.12991e-10 9.48721e-19 0.0001   9.3e-05
HR_6 1787068346.638140000 0.835307   -0.864464 0.241491 -0.0133012   0.00770933 0.939667 0.0001   4.9e-05
QR_4 1787068346.638140000 -1.000000   2.22045e-16 0.0299999 2.57732e-17   5.12991e-10 9.48721e-19 0.0001   4.9e-05
HR_6 1787068346.648140000 0.835122   -0.864085 0.241649 -0.0147007   0.00852397 0.939479 0.0001   4.8e-05
QR_4 1787068346.648140000 -1.000000   2.22045e-16 0.0299999 2.57732e-17   5.12991e-10 9.48721e-19 0.0001   4.8e-05
HR_6 1787068346.658140000 0.834869   -0.86355 0.241877 -0.0167293   0.00969769 0.939294 0.0001   3.3e-05
QR_4 1787068346.658140000 -1.000000   2.22045e-16 0.0299999 2.57732e-17   5.12991e-10 9.48721e-19 0.0001   3.3e-05
HR_6 1787068346.668140000 0.834672   -0.863122 0.242053 -0.018093   0.0106117 0.938821 0.0001   0.001265
QR_4 1787068346.668140000 -1.000000   2.22045e-16 0.0299999 2.57732e-17   5.12991e-10 9.48721e-19 0.0001   0.001265
HR_6 1787068346.678140000 0.834405   -0.862638 0.242236 -0.0194963   0.0115596 0.937988 0.0001   8e-05
QR_4 1787068346.678140000 -1.000000   2.22045e-16 0.0299999 2.57732e-17   5.12991e-10 9.48721e-19 0.0001   8e-05
HR_6 1787068346.688140000 0.833968   -0.862016 0.242411 -0.0208998   0.0124697 0.936093 0.0001   0.000223
QR_4 1787068346.688140000 -1.000000   2.22045e-16 0.0299999 2.57732e-17   5.12991e-10 9.48721e-19 0.0001   0.000223
HR_6 1787068346.698140000 0.833550   -0.86149 0.242543 -0.0220318   0.0131567 0.934182 0.0001   6e-05
QR_4 1787068346.698140000 -1.000000   2.22045e-16 0.0299999 2.57732e-17   5.12991e-10 9.48721e-19 0.0001   6e-05
HR_6 1787068346.708140000 0.832969   -0.8608 0.242676 -0.0237276   0.0138713 0.931635 0.0001   4.6e-05
QR_4 1787068346.708140000 -1.000000   2.22045e-16 0.0299999 2.57732e-17   5.12991e-10 9.48721e-19 0.0001   4.6e-05
HR_6 1787068346.718141000 0.832432   -0.860231 0.242771 -0.0249474   0.0143788 0.929207 0.0001   0.000973
QR_4 1787068346.718141000 -1.000000   2.22045e-16 0.0299999 2.57732e-17   5.12991e-10 9.48721e-19 0.0001   0.000973
HR_6 1787068346.728141000 0.831849   -0.859493 0.242948 -0.026517   0.0153165 0.926501 0.0001   4.6e-05
QR_4 1787068346.728141000 -1.000000   2.22045e-16 0.0299999 2.57732e-17   5.12991e-10 9.48721e-19 0.0001   4.6e-05
HR_6 1787068346.738141000 0.831545   -0.859042 0.243054 -0.0273858   0.0158749 0.924897 0.0001   1.6e-05
QR_4 1787068346.738141000 -1.000000   2.22045e-16 0.0299999 2.57732e-17   5.12991e-10 9.48721e-19 0.0001   1.6e-05
HR_6 1787068346.748141000 0.831068   -0.858424 0.24319 -0.0284936   0.0166001 0.922438 0.0001   0.000305
QR_4 1787068346.748141000 -1.000000   2.22045e-16 0.0299999 2.57732e-17   5.12991e-10 9.48721e-19 0.0001   0.000305
HR_6 1787068346.758141000 0.830387   -0.857625 0.243336 -0.0295857   0.0173723 0.918539 0.0001   2.1e-05
QR_4 1787068346.758141000 -1.000000   2.22045e-16 0.0299999 2.57732e-17   5.12991e-10 9.48721e-19 0.0001   2.1e-05
HR_6 1787068346.768141000 0.829793   -0.856984 0.243431 -0.0303806   0.0178796 0.915137 0.0001   2e-05
QR_4 1787068346.768141000 -1.000000   2.22045e-16 0.0299999 2.57732e-17   5.12991e-10 9.48721e-19 0.0001   2e-05
HR_6 1787068346.778141000 0.828978   -0.856193 0.243505 -0.0312195   0.018277 0.910411 0.0001   4.5e-05
QR_4 1787068346.778141000 -1.000000   2.22045e-16 0.0299999 2.57732e-17   5.12991e-10 9.48721e-19 0.0001   4.5e-05
HR_6 1787068346.788141000 0.828139   -0.85539 0.243566 -0.0319987   0.0186097 0.905487 0.0001   0.000347
QR_4 1787068346.788141000 -1.000000   2.22045e-16 0.0299999 2.57732e-17   5.12991e-10 9.48721e-19 0.0001   0.000347
HR_6 1787068346.798141000 0.827237   -0.854519 0.243633 -0.0329378   0.0189812 0.900269 0.0001   0.000901
QR_4 1787068346.798141000 -1.000000   2.22045e-16 0.0299999 2.57732e-17   5.12991e-10 9.48721e-19 0.0001   0.000901
HR_6 1787068346.808141000 0.826408   -0.853586 0.24376 -0.0339438   0.0196611 0.895155 0.0001   5.6e-05
QR_4 1787068346.808141000 -1.000000   2.22045e-16 0.0299999 2.57732e-17   5.12991e-10 9.48721e-19 0.0001   5.6e-05
HR_6 1787068346.818142000 0.825541   -0.852604 0.2439 -0.035081   0.0204163 0.889951 0.0001   6.4e-05
QR_4 1787068346.818142000 -1.000000   2.22045e-16 0.0299999 2.57732e-17   5.12991e-10 9.48721e-19 0.0001   6.4e-05
HR_6 1787068346.828142000 0.824812   -0.851692 0.244064 -0.0362608   0.021298 0.885563 0.0001   0.000273
QR_4 1787068346.828142000 -1.000000   2.22045e-16 0.0299999 2.57732e-17   5.12991e-10 9.48721e-19 0.0001   0.000273
HR_6 1787068346.838142000 0.823879   -0.850484 0.244237 -0.0376075   0.0222346 0.879442 0.0001   4e-05
QR_4 1787068346.838142000 -1.000000   2.22045e-16 0.0299999 2.57732e-17   5.12991e-10 9.48721e-19 0.0001   4e-05
HR_6 1787068346.848142000 0.822899   -0.849211 0.244468 -0.039182   0.023477 0.873342 0.0001   8.2e-05
QR_4 1787068346.848142000 -1.000000   2.22045e-16 0.0299999 2.57732e-17   5.12991e-10 9.48721e-19 0.0001   8.2e-05
HR_6 1787068346.858142000 0.821885   -0.847883 0.244685 -0.0406346   0.0246491 0.866859 0.0001   5.9e-05
QR_4 1787068346.858142000 -1.000000   2.22045e-16 0.0299999 2.57732e-17   5.12991e-10 9.48721e-19 0.0001   5.9e-05
HR_6 1787068346.868142000 0.820840   -0.84654 0.244899 -0.0423322   0.0258208 0.860385 0.0001   5.2e-05
QR_4 1787068346.868142000 -1.000000   2.22045e-16 0.0299999 2.57732e-17   5.12991e-10 9.48721e-19 0.0001   5.2e-05
HR_6 1787068346.878142000 0.819767   -0.845122 0.245126 -0.0438612   0.0270584 0.85334 0.0001   7.2e-05
QR_4 1787068346.878142000 -1.000000   2.22045e-16 0.0299999 2.57732e-17   5.12991e-10 9.48721e-19 0.0001   7.2e-05
HR_6 1787068346.888142000 0.818703   -0.843693 0.245319 -0.0455286   0.0281288 0.846144 0.0001   4.4e-05
QR_4 1787068346.888142000 -1.000000   2.22045e-16 0.0299999 2.57732e-17   5.12991e-10 9.48721e-19 0.0001   4.4e-05
HR_6 1787068346.898142000 0.817821   -0.842514 0.245495 -0.0468317   0.0291026 0.84031 0.0001   5.8e-05
QR_4 1787068346.898142000 -1.000000   2.22045e-16 0.0299999 2.57732e-17   5.12991e-10 9.48721e-19 0.0001   5.8e-05
HR_6 1787068346.908142000 0.816481   -0.840699 0.245751 -0.0485725   0.0305088 0.830986 0.0001   3e-05
QR_4 1787068346.908142000 -1.000000   2.22045e-16 0.0299999 2.57732e-17   5.12991e-10 9.48721e-19 0.0001   3e-05
HR_6 1787068346.918143000 0.815578   -0.839469 0.245921 -0.050066   0.0314644 0.825098 0.0001   5e-05
QR_4 1787068346.918143000 -1.000000   2.22045e-16 0.0299999 2.57732e-17   5.12991e-10 9.48721e-19 0.0001   5e-05
HR_6 1787068346.928143000 0.814437   -0.837835 0.246137 -0.0517148   0.0326713 0.817399 0.0001   3.2e-05
QR_4 1787068346.928143000 -1.000000   2.22045e-16 0.0299999 2.57732e-17   5.12991e-10 9.48721e-19 0.0001   3.2e-05
HR_6 1787068346.938143000 0.813262   -0.836172 0.246347 -0.0534527   0.0338592 0.809311 0.0001   0.000114
QR_4 1787068346.938143000 -1.000000   2.22045e-16 0.0299999 2.57732e-17   5.12991e-10 9.48721e-19 0.0001   0.000114
HR_6 1787068346.948143000 0.812364   -0.834788 0.246541 -0.0552194   0.0349672 0.803153 0.0001   0.000108
QR_4 1787068346.948143000 -1.000000   2.22045e-16 0.0299999 2.57732e-17   5.12991e-10 9.48721e-19 0.0001   0.000108
HR_6 1787068346.958143000 0.811482   -0.833344 0.246793 -0.0570057   0.0363809 0.796865 0.0001   0.000112
QR_4 1787068346.958143000 -1.000000   2.22045e-16 0.0299999 2.57732e-17   5.12991e-10 9.48721e-19 0.0001   0.000112
HR_6 1787068346.968143000 0.810200   -0.8311 0.247163 -0.0599429   0.0385286 0.787458 0.0001   3e-05
QR_4 1787068346.968143000 -1.000000   2.22045e-16 0.0299999 2.57732e-17   5.12991e-10 9.48721e-19 0.0001   3e-05
HR_6 1787068346.978143000 0.809339   -0.829597 0.247415 -0.0620542   0.0399806 0.781316 0.0001   3.6e-05
QR_4 1787068346.978143000 -1.000000   2.22045e-16 0.0299999 2.57732e-17   5.12991e-10 9.48721e-19 0.0001   3.6e-05
HR_6 1787068346.988143000 0.808236   -0.827692 0.247695 -0.0648977   0.0416373 0.773766 0.0001   0.000913
QR_4 1787068346.988143000 -1.000000   2.22045e-16 0.0299999 2.57732e-17   5.12991e-10 9.48721e-19 0.0001   0.000913
HR_6 1787068346.998143000 0.807105   -0.825765 0.247991 -0.0674013   0.0433606 0.765633 0.0001   2.9e-05
QR_4 1787068346.998143000 -1.000000   2.22045e-16 0.0299999 2.57732e-17   5.12991e-10 9.48721e-19 0.0001   2.9e-05
HR_6 1787068347.008143000 0.806208   -0.824224 0.248211 -0.0698496   0.044696 0.759612 0.0001   2.7e-05
QR_4 1787068347.008143000 -1.000000   2.22045e-16 0.0299999 2.57732e-17   5.12991e-10 9.48721e-19 0.0001   2.7e-05
HR_6 1787068347.018144000 0.805323   -0.822616 0.248363 -0.0723668   0.045937 0.753808 0.0001   0.002186
QR_4 1787068347.018144000 -1.000000   2.22045e-16 0.0299999 2.57732e-17   5.12991e-10 9.48721e-19 0.0001   0.002186
HR_6 1787068347.028144000 0.804397   -0.821009 0.248573 -0.0751445   0.0472558 0.747815 0.0001   4.1e-05
QR_4 1787068347.028144000 -1.000000   2.22045e-16 0.0299999 2.57732e-17   5.12991e-10 9.48721e-19 0.0001   4.1e-05
HR_6 1787068347.038144000 0.803291   -0.818991 0.248823 -0.0786948   0.0487713 0.740396 0.0001   4.9e-05
QR_4 1787068347.038144000 -1.000000   2.22045e-16 0.0299999 2.57732e-17   5.12991e-10 9.48721e-19 0.0001   4.9e-05
HR_6 1787068347.048144000 0.802443   -0.817268 0.249105 -0.081414   0.0504907 0.734085 0.0001   5e-05
QR_4 1787068347.048144000 -1.000000   2.22045e-16 0.0299999 2.57732e-17   5.12991e-10 9.48721e-19 0.0001   5e-05
HR_6 1787068347.058144000 0.801438   -0.815039 0.249473 -0.0846414   0.0527233 0.726137 0.0001   3e-05
QR_4 1787068347.058144000 -1.000000   2.22045e-16 0.0299999 2.57732e-17   5.12991e-10 9.48721e-19 0.0001   3e-05
HR_6 1787068347.068144000 0.800654   -0.813278 0.249746 -0.08703   0.0543562 0.719345 0.0001   0.000981
QR_4 1787068347.068144000 -1.000000   2.22045e-16 0.0299999 2.57732e-17   5.12991e-10 9.48721e-19 0.0001   0.000981
HR_6 1787068347.078144000 0.800042   -0.811923 0.249936 -0.0890729   0.0555583 0.714377 0.0001   3.3e-05
QR_4 1787068347.078144000 -1.000000   2.22045e-16 0.0299999 2.57732e-17   5.12991e-10 9.48721e-19 0.0001   3.3e-05
HR_6 1787068347.088144000 0.799008   -0.80964 0.250248 -0.0924873   0.0575522 0.706254 0.0001   3.1e-05
QR_4 1787068347.088144000 -1.000000   2.22045e-16 0.0299999 2.57732e-17   5.12991e-10 9.48721e-19 0.0001   3.1e-05
HR_6 1787068347.098144000 0.798162   -0.807806 0.250512 -0.0950073   0.0592192 0.699216 0.0001   4.2e-05
QR_4 1787068347.098144000 -1.000000   2.22045e-16 0.0299999 2.57732e-17   5.12991e-10 9.48721e-19 0.0001   4.2e-05
HR_6 1787068347.108144000 0.797376   -0.805939 0.25071 -0.0970878   0.06039 0.692064 0.0001   2.3e-05
QR_4 1787068347.108144000 -1.000000   2.22045e-16 0.0299999 2.57732e-17   5.12991e-10 9.48721e-19 0.0001   2.3e-05
HR_6 1787068347.118145000 0.796420   -0.803663 0.25098 -0.0997966   0.0620635 0.683247 0.0001   3.5e-05
QR_4 1787068347.118145000 -1.000000   2.22045e-16 0.0299999 2.57732e-17   5.12991e-10 9.48721e-19 0.0001   3.5e-05
HR_6 1787068347.128145000 0.795677   -0.801769 0.2512 -0.102115   0.0636733 0.675866 0.0001   3.9e-05
QR_4 1787068347.128145000 -1.000000   2.22045e-16 0.0299999 2.57732e-17   5.12991e-10 9.48721e-19 0.0001   3.9e-05
HR_6 1787068347.138145000 0.794792   -0.799375 0.251458 -0.104403   0.0652854 0.66607 0.0001   4.6e-05
QR_4 1787068347.138145000 -1.000000   2.22045e-16 0.0299999 2.57732e-17   5.12991e-10 9.48721e-19 0.0001   4.6e-05
HR_6 1787068347.148145000 0.793910   -0.797024 0.251757 -0.1071   0.0670209 0.656937 0.0001   0.001752
QR_4 1787068347.148145000 -1.000000   2.22045e-16 0.0299999 2.57732e-17   5.12991e-10 9.48721e-19 0.0001   0.001752
HR_6 1787068347.158145000 0.793231   -0.795117 0.251999 -0.108544   0.0688252 0.649077 0.0001   1.1e-05
QR_4 1787068347.158145000 -1.000000   2.22045e-16 0.0299999 2.57732e-17   5.12991e-10 9.48721e-19 0.0001   1.1e-05
HR_6 1787068347.168145000 0.792593   -0.793156 0.252242 -0.109618   0.0702013 0.640271 0.0001   8.6e-05
QR_4 1787068347.168145000 -1.000000   2.22045e-16 0.0299999 2.57732e-17   5.12991e-10 9.48721e-19 0.0001   8.6e-05
HR_6 1787068347.178145000 0.791794   -0.790749 0.252596 -0.111701   0.0722248 0.630033 0.0001   4.1e-05
QR_4 1787068347.178145000 -1.000000   2.22045e-16 0.0299999 2.57732e-17   5.12991e-10 9.48721e-19 0.0001   4.1e-05
HR_6 1787068347.188145000 0.791144   -0.788774 0.252863 -0.113402   0.074063 0.621797 0.0001   4.1e-05
QR_4 1787068347.188145000 -1.000000   2.22045e-16 0.0299999 2.57732e-17   5.12991e-10 9.48721e-19 0.0001   4.1e-05
HR_6 1787068347.198145000 0.790366   -0.7862 0.25318 -0.115318   0.0757831 0.611599 0.0001   3.8e-05
QR_4 1787068347.198145000 -1.000000   2.22045e-16 0.0299999 2.57732e-17   5.12991e-10 9.48721e-19 0.0001   3.8e-05
HR_6 1787068347.208145000 0.789883   -0.784611 0.253324 -0.116347   0.0770627 0.605748 0.0001   7.4e-05
QR_4 1787068347.208145000 -1.000000   2.22045e-16 0.0299999 2.57732e-17   5.12991e-10 9.48721e-19 0.0001   7.4e-05
HR_6 1787068347.218146000 0.789064   -0.78197 0.253567 -0.118836   0.0787143 0.595773 0.0001   4.6e-05
QR_4 1787068347.218146000 -1.000000   2.22045e-16 0.0299999 2.57732e-17   5.12991e-10 9.48721e-19 0.0001   4.6e-05
HR_6 1787068347.228146000 0.788302   -0.779315 0.253785 -0.121851   0.0802729 0.585933 0.0001   6.2e-05
QR_4 1787068347.228146000 -1.000000   2.22045e-16 0.0299999 2.57732e-17   5.12991e-10 9.48721e-19 0.0001   6.2e-05
HR_6 1787068347.238146000 0.787531   -0.776588 0.253997 -0.124049   0.0817199 0.576245 0.0001   4e-05
QR_4 1787068347.238146000 -1.000000   2.22045e-16 0.0299999 2.57732e-17   5.12991e-10 9.48721e-19 0.0001   4e-05
HR_6 1787068347.248146000 0.786937   -0.774325 0.254143 -0.125651   0.0826472 0.568558 0.0001   5.7e-05
QR_4 1787068347.248146000 -1.000000   2.22045e-16 0.0299999 2.57732e-17   5.12991e-10 9.48721e-19 0.0001   5.7e-05
HR_6 1787068347.258146000 0.786180   -0.771482 0.254321 -0.127664   0.0838705 0.559301 0.0001   8e-06
QR_4 1787068347.258146000 -1.000000   2.22045e-16 0.0299999 2.57732e-17   5.12991e-10 9.48721e-19 0.0001   8e-06
HR_6 1787068347.268146000 0.785476   -0.76857 0.254464 -0.129209   0.0851927 0.550234 0.0001   0.000106
QR_4 1787068347.268146000 -1.000000   2.22045e-16 0.0299999 2.57732e-17   5.12991e-10 9.48721e-19 0.0001   0.000106
HR_6 1787068347.278146000 0.784947   -0.766238 0.254597 -0.130938   0.0859395 0.54272 0.0001   0.000266
QR_4 1787068347.278146000 -1.000000   2.22045e-16 0.0299999 2.57732e-17   5.12991e-10 9.48721e-19 0.0001   0.000266
HR_6 1787068347.288146000 0.784409   -0.763826 0.254687 -0.131989   0.0865964 0.535544 0.0001   4e-05
QR_4 1787068347.288146000 -1.000000   2.22045e-16 0.0299999 2.57732e-17   5.12991e-10 9.48721e-19 0.0001   4e-05
HR_6 1787068347.298146000 0.783760   -0.760703 0.254738 -0.133584   0.0860678 0.526647 0.0001   4.7e-05
QR_4 1787068347.298146000 -1.000000   2.22045e-16 0.0299999 2.57732e-17   5.12991e-10 9.48721e-19 0.0001   4.7e-05
HR_6 1787068347.308146000 0.783001   -0.756807 0.254656 -0.134387   0.086556 0.516804 0.0001   2.3e-05
QR_4 1787068347.308146000 -1.000000   2.22045e-16 0.0299999 2.57732e-17   5.12991e-10 9.48721e-19 0.0001   2.3e-05
HR_6 1787068347.318147000 0.782480   -0.75417 0.254648 -0.135364   0.0869791 0.509871 0.0001   0.000257
QR_4 1787068347.318147000 -1.000000   2.22045e-16 0.0299999 2.57732e-17   5.12991e-10 9.48721e-19 0.0001   0.000257
HR_6 1787068347.328147000 0.781802   -0.750819 0.254748 -0.137693   0.0878771 0.50047 0.0001   3.7e-05
QR_4 1787068347.328147000 -1.000000   2.22045e-16 0.0299999 2.57732e-17   5.12991e-10 9.48721e-19 0.0001   3.7e-05
HR_6 1787068347.338147000 0.781174   -0.74746 0.254823 -0.141184   0.0888309 0.491416 0.0001   0.003419
QR_4 1787068347.338147000 -1.000000   2.22045e-16 0.0299999 2.57732e-17   5.12991e-10 9.48721e-19 0.0001   0.003419
HR_6 1787068347.348147000 0.780768   -0.745458 0.254878 -0.143547   0.0894553 0.485812 0.0001   8e-06
QR_4 1787068347.348147000 -1.000000   2.22045e-16 0.0299999 2.57732e-17   5.12991e-10 9.48721e-19 0.0001   8e-06
HR_6 1787068347.358147000 0.779968   -0.741329 0.254915 -0.147321   0.0904273 0.474203 0.0001   1.3e-05
QR_4 1787068347.358147000 -1.000000   2.22045e-16 0.0299999 2.57732e-17   5.12991e-10 9.48721e-19 0.0001   1.3e-05
HR_6 1787068347.368147000 0.779619   -0.739262 0.254902 -0.148765   0.0904893 0.468807 0.0001   7.5e-05
QR_4 1787068347.368147000 -1.000000   2.22045e-16 0.0299999 2.57732e-17   5.12991e-10 9.48721e-19 0.0001   7.5e-05
HR_6 1787068347.378147000 0.779061   -0.735812 0.254959 -0.150852   0.0911632 0.459651 0.0001   0.00074
QR_4 1787068347.378147000 -1.000000   2.22045e-16 0.0299999 2.57732e-17   5.12991e-10 9.48721e-19 0.0001   0.00074
HR_6 1787068347.388147000 0.778648   -0.733022 0.25501 -0.152807   0.0917495 0.452774 0.0001   7.7e-05
QR_4 1787068347.388147000 -1.000000   2.22045e-16 0.0299999 2.57732e-17   5.12991e-10 9.48721e-19 0.0001   7.7e-05
HR_6 1787068347.398147000 0.778349   -0.730911 0.255028 -0.153911   0.0921405 0.447611 0.0001   0.000101
QR_4 1787068347.398147000 -1.000000   2.22045e-16 0.0299999 2.57732e-17   5.12991e-10 9.48721e-19 0.0001   0.000101
HR_6 1787068347.408147000 0.777887   -0.727345 0.255039 -0.154608   0.0921838 0.43918 0.0001   3.1e-05
QR_4 1787068347.408147000 -1.000000   2.22045e-16 0.0299999 2.57732e-17   5.12991e-10 9.48721e-19 0.0001   3.1e-05
HR_6 1787068347.418148000 0.777361   -0.722988 0.25502 -0.155369   0.0915765 0.429925 0.0001   0.000129
QR_4 1787068347.418148000 -1.000000   2.22045e-16 0.0299999 2.57732e-17   5.12991e-10 9.48721e-19 0.0001   0.000129
HR_6 1787068347.428148000 0.777090   -0.720723 0.254958 -0.155429   0.0906992 0.425691 0.0001   4.8e-05
QR_4 1787068347.428148000 -1.000000   2.22045e-16 0.0299999 2.57732e-17   5.12991e-10 9.48721e-19 0.0001   4.8e-05
HR_6 1787068347.438148000 0.776683   -0.716753 0.254757 -0.15458   0.0886032 0.419931 0.0001   4.7e-05
QR_4 1787068347.438148000 -1.000000   2.22045e-16 0.0299999 2.57732e-17   5.12991e-10 9.48721e-19 0.0001   4.7e-05
HR_6 1787068347.448148000 0.776369   -0.713525 0.254455 -0.15327   0.0879256 0.415244 0.0001   0.0004
QR_4 1787068347.448148000 -1.000000   2.22045e-16 0.0299999 2.57732e-17   5.12991e-10 9.48721e-19 0.0001   0.0004
HR_6 1787068347.458148000 0.775897   -0.709558 0.254274 -0.154141   0.0883024 0.408409 0.0001   5.6e-05
QR_4 1787068347.458148000 -1.000000   2.22045e-16 0.0299999 2.57732e-17   5.12991e-10 9.48721e-19 0.0001   5.6e-05
HR_6 1787068347.468148000 0.775645   -0.707242 0.254415 -0.156011   0.089291 0.404499 0.0001   4e-05
QR_4 1787068347.468148000 -1.000000   2.22045e-16 0.0299999 2.57732e-17   5.12991e-10 9.48721e-19 0.0001   4e-05
HR_6 1787068347.478148000 0.775288   -0.702583 0.254766 -0.16067   0.0919585 0.396674 0.0001   7.5e-05
QR_4 1787068347.478148000 -1.000000   2.22045e-16 0.0299999 2.57732e-17   5.12991e-10 9.48721e-19 0.0001   7.5e-05
HR_6 1787068347.488148000 0.775091   -0.699437 0.254972 -0.163534   0.0935499 0.391462 0.0001   3e-05
QR_4 1787068347.488148000 -1.000000   2.22045e-16 0.0299999 2.57732e-17   5.12991e-10 9.48721e-19 0.0001   3e-05
HR_6 1787068347.498148000 0.774936   -0.696238 0.255105 -0.165158   0.0945732 0.386476 0.0001   6.6e-05
QR_4 1787068347.498148000 -1.000000   2.22045e-16 0.0299999 2.57732e-17   5.12991e-10 9.48721e-19 0.0001   6.6e-05
HR_6 1787068347.508148000 0.774781   -0.692173 0.255195 -0.16521   0.0951549 0.379788 0.0001   5.3e-05
QR_4 1787068347.508148000 -1.000000   2.22045e-16 0.0299999 2.57732e-17   5.12991e-10 9.48721e-19 0.0001   5.3e-05
HR_6 1787068347.518149000 0.774706   -0.688854 0.255191 -0.164616   0.0945592 0.374395 0.0001   5.6e-05
QR_4 1787068347.518149000 -1.000000   2.22045e-16 0.0299999 2.57732e-17   5.12991e-10 9.48721e-19 0.0001   5.6e-05
HR_6 1787068347.528149000 0.774651   -0.685459 0.255125 -0.16298   0.0935818 0.369523 0.0001   0.000249
QR_4 1787068347.528149000 -1.000000   2.22045e-16 0.0299999 2.57732e-17   5.12991e-10 9.48721e-19 0.0001   0.000249
HR_6 1787068347.538149000 0.774602   -0.681061 0.254954 -0.160815   0.0918904 0.363811 0.0001   6.4e-05
QR_4 1787068347.538149000 -1.000000   2.22045e-16 0.0299999 2.57732e-17   5.12991e-10 9.48721e-19 0.0001   6.4e-05
HR_6 1787068347.548149000 0.774567   -0.67655 0.254689 -0.158623   0.0903642 0.358394 0.0001   4.6e-05
QR_4 1787068347.548149000 -1.000000   2.22045e-16 0.0299999 2.57732e-17   5.12991e-10 9.48721e-19 0.0001   4.6e-05
HR_6 1787068347.558149000 0.774459   -0.672918 0.254514 -0.157008   0.0901217 0.354631 0.0001   4.5e-05
QR_4 1787068347.558149000 -1.000000   2.22045e-16 0.0299999 2.57732e-17   5.12991e-10 9.48721e-19 0.0001   4.5e-05
HR_6 1787068347.568149000 0.774293   -0.66845 0.254551 -0.157474   0.090376 0.350488 0.0001   0.001348
QR_4 1787068347.568149000 -1.000000   2.22045e-16 0.0299999 2.57732e-17   5.12991e-10 9.48721e-19 0.0001   0.001348
HR_6 1787068347.578149000 0.774188   -0.664923 0.254673 -0.159395   0.0913121 0.347344 0.0001   5.8e-05
QR_4 1787068347.578149000 -1.000000   2.22045e-16 0.0299999 2.57732e-17   5.12991e-10 9.48721e-19 0.0001   5.8e-05
HR_6 1787068347.588149000 0.774079   -0.660504 0.25488 -0.162159   0.092916 0.34319 0.0001   3.3e-05
QR_4 1787068347.588149000 -1.000000   2.22045e-16 0.0299999 2.57732e-17   5.12991e-10 9.48721e-19 0.0001   3.3e-05
HR_6 1787068347.598149000 0.774029   -0.65701 0.255057 -0.164736   0.0943781 0.340411 0.0001   4.3e-05
QR_4 1787068347.598149000 -1.000000   2.22045e-16 0.0299999 2.57732e-17   5.12991e-10 9.48721e-19 0.0001   4.3e-05
HR_6 1787068347.608149000 0.773985   -0.652653 0.255252 -0.167469   0.0958937 0.337205 0.0001   5.6e-05
QR_4 1787068347.608149000 -1.000000   2.22045e-16 0.0299999 2.57732e-17   5.12991e-10 9.48721e-19 0.0001   5.6e-05
HR_6 1787068347.618150000 0.773936   -0.650022 0.255333 -0.168518   0.0964918 0.335638 0.0001   8e-06
QR_4 1787068347.618150000 -1.000000   2.22045e-16 0.0299999 2.57732e-17   5.12991e-10 9.48721e-19 0.0001   8e-06
HR_6 1787068347.628150000 0.773844   -0.64553 0.255388 -0.168327   0.0963889 0.333469 0.0001   6.4e-05
QR_4 1787068347.628150000 -1.000000   2.22045e-16 0.0299999 2.57732e-17   5.12991e-10 9.48721e-19 0.0001   6.4e-05
HR_6 1787068347.638150000 0.773799   -0.640916 0.255322 -0.166229   0.095608 0.33123 0.0001   1.1e-05
QR_4 1787068347.638150000 -1.000000   2.22045e-16 0.0299999 2.57732e-17   5.12991e-10 9.48721e-19 0.0001   1.1e-05
HR_6 1787068347.648150000 0.773759   -0.637154 0.25525 -0.164357   0.095258 0.329184 0.0001   5.2e-05
QR_4 1787068347.648150000 -1.000000   2.22045e-16 0.0299999 2.57732e-17   5.12991e-10 9.48721e-19 0.0001   5.2e-05
HR_6 1787068347.658150000 0.773697   -0.633365 0.25521 -0.163449   0.0947941 0.326524 0.0001   2.6e-05
QR_4 1787068347.658150000 -1.000000   2.22045e-16 0.0299999 2.57732e-17   5.12991e-10 9.48721e-19 0.0001   2.6e-05
HR_6 1787068347.668150000 0.773674   -0.629502 0.255125 -0.162774   0.0936143 0.323979 0.0001   0.00122
QR_4 1787068347.668150000 -1.000000   2.22045e-16 0.0299999 2.57732e-17   5.12991e-10 9.48721e-19 0.0001   0.00122
HR_6 1787068347.678150000 0.773640   -0.624524 0.254943 -0.162039   0.091851 0.320917 0.0001   3.4e-05
QR_4 1787068347.678150000 -1.000000   2.22045e-16 0.0299999 2.57732e-17   5.12991e-10 9.48721e-19 0.0001   3.4e-05
HR_6 1787068347.688150000 0.773566   -0.620534 0.254846 -0.161695   0.0928384 0.318857 0.0001   3.5e-05
QR_4 1787068347.688150000 -1.000000   2.22045e-16 0.0299999 2.57732e-17   5.12991e-10 9.48721e-19 0.0001   3.5e-05
HR_6 1787068347.698150000 0.773506   -0.616642 0.254949 -0.163445   0.0937248 0.315783 0.0001   8.1e-05
QR_4 1787068347.698150000 -1.000000   2.22045e-16 0.0299999 2.57732e-17   5.12991e-10 9.48721e-19 0.0001   8.1e-05
HR_6 1787068347.708150000 0.773500   -0.611858 0.255167 -0.166482   0.0954521 0.311714 0.0001   1.2e-05
QR_4 1787068347.708150000 -1.000000   2.22045e-16 0.0299999 2.57732e-17   5.12991e-10 9.48721e-19 0.0001   1.2e-05
HR_6 1787068347.718151000 0.773514   -0.607055 0.25538 -0.169207   0.097056 0.306604 0.0001   2.2e-05
QR_4 1787068347.718151000 -1.000000   2.22045e-16 0.0299999 2.57732e-17   5.12991e-10 9.48721e-19 0.0001   2.2e-05
HR_6 1787068347.728151000 0.773595   -0.603206 0.255517 -0.170154   0.097981 0.301947 0.0001   4.4e-05
QR_4 1787068347.728151000 -1.000000   2.22045e-16 0.0299999 2.57732e-17   5.12991e-10 9.48721e-19 0.0001   4.4e-05
HR_6 1787068347.738138000 0.773706   -0.599291 0.25559 -0.16998   0.0981631 0.297921 0.0001   2e-06
QR_4 1787068347.738138000 -1.000000   2.22045e-16 0.0299999 2.57732e-17   5.12991e-10 9.48721e-19 0.0001   2e-06
HR_6 1787068347.748138000 0.773786   -0.595326 0.255625 -0.168929   0.0977151 0.293569 0.0001   0.000259
QR_4 1787068347.748138000 -1.000000   2.22045e-16 0.0299999 2.57732e-17   5.12991e-10 9.48721e-19 0.0001   0.000259
HR_6 1787068347.758138000 0.773871   -0.590256 0.25558 -0.167684   0.0959895 0.288454 0.0001   4e-05
QR_4 1787068347.758138000 -1.000000   2.22045e-16 0.0299999 2.57732e-17   5.12991e-10 9.48721e-19 0.0001   4e-05
HR_6 1787068347.768138000 0.774010   -0.58503 0.255423 -0.166137   0.0936741 0.283721 0.0001   4.3e-05
QR_4 1787068347.768138000 -1.000000   2.22045e-16 0.0299999 2.57732e-17   5.12991e-10 9.48721e-19 0.0001   4.3e-05
HR_6 1787068347.778138000 0.774138   -0.580778 0.255209 -0.164508   0.0925046 0.280154 0.0001   0.002218
QR_4 1787068347.778138000 -1.000000   2.22045e-16 0.0299999 2.57732e-17   5.12991e-10 9.48721e-19 0.0001   0.002218
HR_6 1787068347.788138000 0.774289   -0.575383 0.254899 -0.162721   0.0933695 0.276315 0.0001   5.4e-05
QR_4 1787068347.788138000 -1.000000   2.22045e-16 0.0299999 2.57732e-17   5.12991e-10 9.48721e-19 0.0001   5.4e-05
HR_6 1787068347.798138000 0.774331   -0.570135 0.255038 -0.164813   0.0944995 0.271443 0.0001   3.8e-05
QR_4 1787068347.798138000 -1.000000   2.22045e-16 0.0299999 2.57732e-17   5.12991e-10 9.48721e-19 0.0001   3.8e-05
HR_6 1787068347.808138000 0.774319   -0.565994 0.255263 -0.16764   0.0960107 0.267926 0.0001   2.4e-05
QR_4 1787068347.808138000 -1.000000   2.22045e-16 0.0299999 2.57732e-17   5.12991e-10 9.48721e-19 0.0001   2.4e-05
HR_6 1787068347.818138000 0.774306   -0.561803 0.255456 -0.16904   0.0972323 0.265336 0.0001   5.9e-05
QR_4 1787068347.818138000 -1.000000   2.22045e-16 0.0299999 2.57732e-17   5.12991e-10 9.48721e-19 0.0001   5.9e-05
HR_6 1787068347.828138000 0.774323   -0.556453 0.255555 -0.168822   0.0976479 0.262052 0.0001   4.6e-05
QR_4 1787068347.828138000 -1.000000   2.22045e-16 0.0299999 2.57732e-17   5.12991e-10 9.48721e-19 0.0001   4.6e-05
HR_6 1787068347.838138000 0.774413   -0.550966 0.255529 -0.166194   0.09651 0.259223 0.0001   2.7e-05
QR_4 1787068347.838138000 -1.000000   2.22045e-16 0.0299999 2.57732e-17   5.12991e-10 9.48721e-19 0.0001   2.7e-05
HR_6 1787068347.848139000 0.774556   -0.545417 0.255399 -0.163668   0.0948848 0.256515 0.0001   0.003043
QR_4 1787068347.848139000 -1.000000   2.22045e-16 0.0299999 2.57732e-17   5.12991e-10 9.48721e-19 0.0001   0.003043
HR_6 1787068347.858139000 0.774731   -0.54084 0.255158 -0.161506   0.0941131 0.254131 0.0001   4.9e-05
QR_4 1787068347.858139000 -1.000000   2.22045e-16 0.0299999 2.57732e-17   5.12991e-10 9.48721e-19 0.0001   4.9e-05
HR_6 1787068347.868139000 0.774933   -0.535052 0.254966 -0.159698   0.0929131 0.250948 0.0001   3e-05
QR_4 1787068347.868139000 -1.000000   2.22045e-16 0.0299999 2.57732e-17   5.12991e-10 9.48721e-19 0.0001   3e-05
HR_6 1787068347.878139000 0.775003   -0.530432 0.254858 -0.159496   0.0922055 0.247705 0.0001   0.000241
QR_4 1787068347.878139000 -1.000000   2.22045e-16 0.0299999 2.57732e-17   5.12991e-10 9.48721e-19 0.0001   0.000241
HR_6 1787068347.888139000 0.775014   -0.525714 0.2548 -0.159632   0.0916461 0.244088 0.0001   3.1e-05
QR_4 1787068347.888139000 -1.000000   2.22045e-16 0.0299999 2.57732e-17   5.12991e-10 9.48721e-19 0.0001   3.1e-05
HR_6 1787068347.898139000 0.775066   -0.519647 0.254659 -0.158843   0.0909521 0.239977 0.0001   6.4e-05
QR_4 1787068347.898139000 -1.000000   2.22045e-16 0.0299999 2.57732e-17   5.12991e-10 9.48721e-19 0.0001   6.4e-05
HR_6 1787068347.908139000 0.775063   -0.516076 0.254692 -0.158903   0.0908783 0.237399 0.0001   6.7e-05
QR_4 1787068347.908139000 -1.000000   2.22045e-16 0.0299999 2.57732e-17   5.12991e-10 9.48721e-19 0.0001   6.7e-05
HR_6 1787068347.918139000 0.775067   -0.511244 0.254726 -0.15856   0.0906091 0.23414 0.0001   2.7e-05
QR_4 1787068347.918139000 -1.000000   2.22045e-16 0.0299999 2.57732e-17   5.12991e-10 9.48721e-19 0.0001   2.7e-05
HR_6 1787068347.928139000 0.775102   -0.505054 0.25467 -0.156852   0.0901971 0.230881 0.0001   5.1e-05
QR_4 1787068347.928139000 -1.000000   2.22045e-16 0.0299999 2.57732e-17   5.12991e-10 9.48721e-19 0.0001   5.1e-05
HR_6 1787068347.938139000 0.775187   -0.498767 0.254492 -0.154052   0.0892495 0.227486 0.0001   8.9e-05
QR_4 1787068347.938139000 -1.000000   2.22045e-16 0.0299999 2.57732e-17   5.12991e-10 9.48721e-19 0.0001   8.9e-05
HR_6 1787068347.948140000 0.775189   -0.49371 0.254418 -0.152448   0.088194 0.224921 0.0001   5.8e-05
QR_4 1787068347.948140000 -1.000000   2.22045e-16 0.0299999 2.57732e-17   5.12991e-10 9.48721e-19 0.0001   5.8e-05
HR_6 1787068347.958140000 0.775192   -0.487274 0.254238 -0.150394   0.0863261 0.222209 0.0001   2.7e-05
QR_4 1787068347.958140000 -1.000000   2.22045e-16 0.0299999 2.57732e-17   5.12991e-10 9.48721e-19 0.0001   2.7e-05
HR_6 1787068347.968140000 0.775234   -0.482044 0.254008 -0.148715   0.0847179 0.219572 0.0001   6.9e-05
QR_4 1787068347.968140000 -1.000000   2.22045e-16 0.0299999 2.57732e-17   5.12991e-10 9.48721e-19 0.0001   6.9e-05
HR_6 1787068347.978140000 0.775221   -0.475519 0.253831 -0.147412   0.084683 0.217032 0.0001   0.000744
QR_4 1787068347.978140000 -1.000000   2.22045e-16 0.0299999 2.57732e-17   5.12991e-10 9.48721e-19 0.0001   0.000744
HR_6 1787068347.988140000 0.775197   -0.469128 0.253915 -0.148538   0.0853037 0.21457 0.0001   4.5e-05
QR_4 1787068347.988140000 -1.000000   2.22045e-16 0.0299999 2.57732e-17   5.12991e-10 9.48721e-19 0.0001   4.5e-05
HR_6 1787068347.998140000 0.775272   -0.462757 0.254037 -0.150011   0.0861936 0.211565 0.0001   8.5e-05
QR_4 1787068347.998140000 -1.000000   2.22045e-16 0.0299999 2.57732e-17   5.12991e-10 9.48721e-19 0.0001   8.5e-05
HR_6 1787068348.008140000 0.775401   -0.457671 0.254157 -0.151601   0.0871203 0.209027 0.0001   7.3e-05
QR_4 1787068348.008140000 -1.000000   2.22045e-16 0.0299999 2.57732e-17   5.12991e-10 9.48721e-19 0.0001   7.3e-05
HR_6 1787068348.018140000 0.775588   -0.45132 0.254281 -0.153068   0.0875333 0.206194 0.0001   0.001601
QR_4 1787068348.018140000 -1.000000   2.22045e-16 0.0299999 2.57732e-17   5.12991e-10 9.48721e-19 0.0001   0.001601
HR_6 1787068348.028140000 0.775738   -0.447438 0.254336 -0.152957   0.0874803 0.204421 0.0001   4.9e-05
QR_4 1787068348.028140000 -1.000000   2.22045e-16 0.0299999 2.57732e-17   5.12991e-10 9.48721e-19 0.0001   4.9e-05
HR_6 1787068348.038140000 0.776080   -0.4395 0.254363 -0.150137   0.0862514 0.201305 0.0001   4.4e-05
QR_4 1787068348.038140000 -1.000000   2.22045e-16 0.0299999 2.57732e-17   5.12991e-10 9.48721e-19 0.0001   4.4e-05
HR_6 1787068348.048141000 0.776417   -0.432805 0.254261 -0.146169   0.084428 0.198635 0.0001   3e-05
QR_4 1787068348.048141000 -1.000000   2.22045e-16 0.0299999 2.57732e-17   5.12991e-10 9.48721e-19 0.0001   3e-05
HR_6 1787068348.058141000 0.776658   -0.428684 0.254138 -0.14345   0.0834835 0.197102 0.0001   0.001036
QR_4 1787068348.058141000 -1.000000   2.22045e-16 0.0299999 2.57732e-17   5.12991e-10 9.48721e-19 0.0001   0.001036
HR_6 1787068348.068141000 0.777034   -0.423068 0.25391 -0.140058   0.0829268 0.194974 0.0001   0.000181
QR_4 1787068348.068141000 -1.000000   2.22045e-16 0.0299999 2.57732e-17   5.12991e-10 9.48721e-19 0.0001   0.000181
HR_6 1787068348.078141000 0.777467   -0.416067 0.253734 -0.138131   0.0827433 0.191412 0.0001   0.000108
QR_4 1787068348.078141000 -1.000000   2.22045e-16 0.0299999 2.57732e-17   5.12991e-10 9.48721e-19 0.0001   0.000108
HR_6 1787068348.088141000 0.777698   -0.411821 0.253718 -0.138344   0.0825246 0.188947 0.0001   3.5e-05
QR_4 1787068348.088141000 -1.000000   2.22045e-16 0.0299999 2.57732e-17   5.12991e-10 9.48721e-19 0.0001   3.5e-05
HR_6 1787068348.098141000 0.778109   -0.404628 0.253672 -0.139198   0.0819023 0.184924 0.0001   2.3e-05
QR_4 1787068348.098141000 -1.000000   2.22045e-16 0.0299999 2.57732e-17   5.12991e-10 9.48721e-19 0.0001   2.3e-05
HR_6 1787068348.108141000 0.778455   -0.398832 0.253573 -0.139212   0.0810479 0.181497 0.0001   3e-05
QR_4 1787068348.108141000 -1.000000   2.22045e-16 0.0299999 2.57732e-17   5.12991e-10 9.48721e-19 0.0001   3e-05
HR_6 1787068348.118141000 0.778822   -0.392953 0.253358 -0.138574   0.0796038 0.178579 0.0001   3.2e-05
QR_4 1787068348.118141000 -1.000000   2.22045e-16 0.0299999 2.57732e-17   5.12991e-10 9.48721e-19 0.0001   3.2e-05
HR_6 1787068348.128141000 0.779222   -0.385618 0.253079 -0.137147   0.0788212 0.175645 0.0001   8.6e-05
QR_4 1787068348.128141000 -1.000000   2.22045e-16 0.0299999 2.57732e-17   5.12991e-10 9.48721e-19 0.0001   8.6e-05
HR_6 1787068348.138141000 0.779388   -0.378465 0.253182 -0.13854   0.079434 0.172388 0.0001   6e-05
QR_4 1787068348.138141000 -1.000000   2.22045e-16 0.0299999 2.57732e-17   5.12991e-10 9.48721e-19 0.0001   6e-05
HR_6 1787068348.148142000 0.779472   -0.374211 0.253325 -0.140193   0.0804737 0.170662 0.0001   0.000749
QR_4 1787068348.148142000 -1.000000   2.22045e-16 0.0299999 2.57732e-17   5.12991e-10 9.48721e-19 0.0001   0.000749
HR_6 1787068348.158142000 0.779750   -0.365747 0.25354 -0.142815   0.0817678 0.166745 0.0001   5.2e-05
QR_4 1787068348.158142000 -1.000000   2.22045e-16 0.0299999 2.57732e-17   5.12991e-10 9.48721e-19 0.0001   5.2e-05
HR_6 1787068348.168142000 0.779959   -0.36003 0.253591 -0.142916   0.0821573 0.164778 0.0001   5.3e-05
QR_4 1787068348.168142000 -1.000000   2.22045e-16 0.0299999 2.57732e-17   5.12991e-10 9.48721e-19 0.0001   5.3e-05
HR_6 1787068348.178142000 0.780187   -0.354263 0.253603 -0.141984   0.0819488 0.162789 0.0001   5e-06
QR_4 1787068348.178142000 -1.000000   2.22045e-16 0.0299999 2.57732e-17   5.12991e-10 9.48721e-19 0.0001   5e-06
HR_6 1787068348.188142000 0.780468   -0.346902 0.253506 -0.140631   0.0808818 0.160429 0.0001   1.7e-05
QR_4 1787068348.188142000 -1.000000   2.22045e-16 0.0299999 2.57732e-17   5.12991e-10 9.48721e-19 0.0001   1.7e-05
HR_6 1787068348.198142000 0.780817   -0.339426 0.253279 -0.138496   0.0793189 0.158503 0.0001   2.1e-05
QR_4 1787068348.198142000 -1.000000   2.22045e-16 0.0299999 2.57732e-17   5.12991e-10 9.48721e-19 0.0001   2.1e-05
HR_6 1787068348.208142000 0.781125   -0.333398 0.253027 -0.135832   0.0781786 0.156693 0.0001   3.2e-05
QR_4 1787068348.208142000 -1.000000   2.22045e-16 0.0299999 2.57732e-17   5.12991e-10 9.48721e-19 0.0001   3.2e-05
HR_6 1787068348.218142000 0.781415   -0.325885 0.252907 -0.133244   0.0771194 0.153491 0.0001   2.1e-05
QR_4 1787068348.218142000 -1.000000   2.22045e-16 0.0299999 2.57732e-17   5.12991e-10 9.48721e-19 0.0001   2.1e-05
HR_6 1787068348.228142000 0.781661   -0.319833 0.252802 -0.131644   0.076229 0.150788 0.0001   2.7e-05
QR_4 1787068348.228142000 -1.000000   2.22045e-16 0.0299999 2.57732e-17   5.12991e-10 9.48721e-19 0.0001   2.7e-05
HR_6 1787068348.238142000 0.781900   -0.313748 0.25265 -0.130113   0.0749386 0.147746 0.0001   0.000114
QR_4 1787068348.238142000 -1.000000   2.22045e-16 0.0299999 2.57732e-17   5.12991e-10 9.48721e-19 0.0001   0.000114
HR_6 1787068348.248143000 0.782197   -0.306034 0.252413 -0.127691   0.073503 0.143961 0.0001   0.002744
QR_4 1787068348.248143000 -1.000000   2.22045e-16 0.0299999 2.57732e-17   5.12991e-10 9.48721e-19 0.0001   0.002744
HR_6 1787068348.258143000 0.782381   -0.299919 0.252302 -0.127199   0.0729131 0.141193 0.0001   1.5e-05
QR_4 1787068348.258143000 -1.000000   2.22045e-16 0.0299999 2.57732e-17   5.12991e-10 9.48721e-19 0.0001   1.5e-05
HR_6 1787068348.268143000 0.782494   -0.292364 0.252363 -0.127866   0.0732963 0.138511 0.0001   4.1e-05
QR_4 1787068348.268143000 -1.000000   2.22045e-16 0.0299999 2.57732e-17   5.12991e-10 9.48721e-19 0.0001   4.1e-05
HR_6 1787068348.278143000 0.782659   -0.284723 0.252447 -0.127882   0.0738004 0.136214 0.0001   3.5e-05
QR_4 1787068348.278143000 -1.000000   2.22045e-16 0.0299999 2.57732e-17   5.12991e-10 9.48721e-19 0.0001   3.5e-05
HR_6 1787068348.288143000 0.782739   -0.280149 0.252484 -0.128532   0.0740178 0.13464 0.0001   4.4e-05
QR_4 1787068348.288143000 -1.000000   2.22045e-16 0.0299999 2.57732e-17   5.12991e-10 9.48721e-19 0.0001   4.4e-05
HR_6 1787068348.298143000 0.782847   -0.272496 0.252517 -0.128965   0.0742547 0.132309 0.0001   0.000109
QR_4 1787068348.298143000 -1.000000   2.22045e-16 0.0299999 2.57732e-17   5.12991e-10 9.48721e-19 0.0001   0.000109
HR_6 1787068348.308143000 0.782922   -0.267881 0.25253 -0.128535   0.0739817 0.130799 0.0001   3.9e-05
QR_4 1787068348.308143000 -1.000000   2.22045e-16 0.0299999 2.57732e-17   5.12991e-10 9.48721e-19 0.0001   3.9e-05
HR_6 1787068348.318143000 0.783086   -0.260126 0.252502 -0.125213   0.0732126 0.128147 0.0001   5.6e-05
QR_4 1787068348.318143000 -1.000000   2.22045e-16 0.0299999 2.57732e-17   5.12991e-10 9.48721e-19 0.0001   5.6e-05
HR_6 1787068348.328143000 0.783289   -0.252263 0.252332 -0.121088   0.0723739 0.126181 0.0001   0.00327
QR_4 1787068348.328143000 -1.000000   2.22045e-16 0.0299999 2.57732e-17   5.12991e-10 9.48721e-19 0.0001   0.00327
HR_6 1787068348.338143000 0.783420   -0.245933 0.25222 -0.118744   0.0713073 0.124482 0.0001   1.9e-05
QR_4 1787068348.338143000 -1.000000   2.22045e-16 0.0299999 2.57732e-17   5.12991e-10 9.48721e-19 0.0001   1.9e-05
HR_6 1787068348.348144000 0.783566   -0.237983 0.252095 -0.117067   0.0700978 0.121663 0.0001   8.6e-05
QR_4 1787068348.348144000 -1.000000   2.22045e-16 0.0299999 2.57732e-17   5.12991e-10 9.48721e-19 0.0001   8.6e-05
HR_6 1787068348.358144000 0.783695   -0.231583 0.251965 -0.116445   0.0695338 0.119615 0.0001   3e-05
QR_4 1787068348.358144000 -1.000000   2.22045e-16 0.0299999 2.57732e-17   5.12991e-10 9.48721e-19 0.0001   3e-05
HR_6 1787068348.368144000 0.783815   -0.223615 0.251876 -0.116673   0.0690634 0.116567 0.0001   2.7e-05
QR_4 1787068348.368144000 -1.000000   2.22045e-16 0.0299999 2.57732e-17   5.12991e-10 9.48721e-19 0.0001   2.7e-05
HR_6 1787068348.378144000 0.783877   -0.215679 0.251889 -0.117783   0.0689847 0.113014 0.0001   0.003218
QR_4 1787068348.378144000 -1.000000   2.22045e-16 0.0299999 2.57732e-17   5.12991e-10 9.48721e-19 0.0001   0.003218
HR_6 1787068348.388144000 0.783950   -0.20927 0.251892 -0.117386   0.0683952 0.110236 0.0001   0.000616
QR_4 1787068348.388144000 -1.000000   2.22045e-16 0.0299999 2.57732e-17   5.12991e-10 9.48721e-19 0.0001   0.000616
HR_6 1787068348.398144000 0.784092   -0.201189 0.251806 -0.114511   0.0672585 0.106754 0.0001   5.9e-05
QR_4 1787068348.398144000 -1.000000   2.22045e-16 0.0299999 2.57732e-17   5.12991e-10 9.48721e-19 0.0001   5.9e-05
HR_6 1787068348.408144000 0.784253   -0.194681 0.251665 -0.111188   0.0670513 0.104504 0.0001   5.2e-05
QR_4 1787068348.408144000 -1.000000   2.22045e-16 0.0299999 2.57732e-17   5.12991e-10 9.48721e-19 0.0001   5.2e-05
HR_6 1787068348.418144000 0.784370   -0.188222 0.251657 -0.109959   0.0673948 0.101262 0.0001   4.4e-05
QR_4 1787068348.418144000 -1.000000   2.22045e-16 0.0299999 2.57732e-17   5.12991e-10 9.48721e-19 0.0001   4.4e-05
HR_6 1787068348.428144000 0.784502   -0.18008 0.251655 -0.109884   0.0670108 0.0965389 0.0001   6e-05
QR_4 1787068348.428144000 -1.000000   2.22045e-16 0.0299999 2.57732e-17   5.12991e-10 9.48721e-19 0.0001   6e-05
HR_6 1787068348.438144000 0.784588   -0.173574 0.251609 -0.110237   0.0664982 0.0936481 0.0001   0.00013
QR_4 1787068348.438144000 -1.000000   2.22045e-16 0.0299999 2.57732e-17   5.12991e-10 9.48721e-19 0.0001   0.00013
HR_6 1787068348.448145000 0.784698   -0.165393 0.251473 -0.110018   0.0657621 0.0906884 0.0001   5.1e-05
QR_4 1787068348.448145000 -1.000000   2.22045e-16 0.0299999 2.57732e-17   5.12991e-10 9.48721e-19 0.0001   5.1e-05
HR_6 1787068348.458145000 0.784836   -0.160432 0.251332 -0.10892   0.0649791 0.0892085 0.0001   5.5e-05
QR_4 1787068348.458145000 -1.000000   2.22045e-16 0.0299999 2.57732e-17   5.12991e-10 9.48721e-19 0.0001   5.5e-05
HR_6 1787068348.468145000 0.784983   -0.153818 0.251195 -0.106995   0.0643157 0.0872112 0.0001   3e-05
QR_4 1787068348.468145000 -1.000000   2.22045e-16 0.0299999 2.57732e-17   5.12991e-10 9.48721e-19 0.0001   3e-05
HR_6 1787068348.478145000 0.785006   -0.145599 0.25114 -0.105559   0.0636605 0.0840795 0.0001   5.8e-05
QR_4 1787068348.478145000 -1.000000   2.22045e-16 0.0299999 2.57732e-17   5.12991e-10 9.48721e-19 0.0001   5.8e-05
HR_6 1787068348.488145000 0.785127   -0.138961 0.251056 -0.104421   0.0627504 0.0817814 0.0001   2.2e-05
QR_4 1787068348.488145000 -1.000000   2.22045e-16 0.0299999 2.57732e-17   5.12991e-10 9.48721e-19 0.0001   2.2e-05
HR_6 1787068348.498145000 0.785364   -0.130604 0.250851 -0.102092   0.0619267 0.0792822 0.0001   2.3e-05
QR_4 1787068348.498145000 -1.000000   2.22045e-16 0.0299999 2.57732e-17   5.12991e-10 9.48721e-19 0.0001   2.3e-05
HR_6 1787068348.508145000 0.785479   -0.122228 0.250734 -0.100673   0.0609432 0.0765875 0.0001   0.001845
QR_4 1787068348.508145000 -1.000000   2.22045e-16 0.0299999 2.57732e-17   5.12991e-10 9.48721e-19 0.0001   0.001845
HR_6 1787068348.518145000 0.785551   -0.115519 0.250647 -0.099789   0.0605403 0.0745964 0.0001   2.2e-05
QR_4 1787068348.518145000 -1.000000   2.22045e-16 0.0299999 2.57732e-17   5.12991e-10 9.48721e-19 0.0001   2.2e-05
HR_6 1787068348.528145000 0.785637   -0.107182 0.250605 -0.0994873   0.0601547 0.0714076 0.0001   2.7e-05
QR_4 1787068348.528145000 -1.000000   2.22045e-16 0.0299999 2.57732e-17   5.12991e-10 9.48721e-19 0.0001   2.7e-05
HR_6 1787068348.538145000 0.785714   -0.100441 0.250525 -0.0993673   0.0597197 0.0692177 0.0001   3.1e-05
QR_4 1787068348.538145000 -1.000000   2.22045e-16 0.0299999 2.57732e-17   5.12991e-10 9.48721e-19 0.0001   3.1e-05
HR_6 1787068348.548146000 0.785820   -0.0920063 0.250437 -0.0987241   0.0589658 0.066558 0.0001   5.1e-05
QR_4 1787068348.548146000 -1.000000   2.22045e-16 0.0299999 2.57732e-17   5.12991e-10 9.48721e-19 0.0001   5.1e-05
HR_6 1787068348.558146000 0.785975   -0.0834773 0.250262 -0.0977601   0.0581558 0.0639944 0.0001   1.4e-05
QR_4 1787068348.558146000 -1.000000   2.22045e-16 0.0299999 2.57732e-17   5.12991e-10 9.48721e-19 0.0001   1.4e-05
HR_6 1787068348.568146000 0.786105   -0.0766319 0.250112 -0.0969784   0.0572704 0.0620015 0.0001   5e-05
QR_4 1787068348.568146000 -1.000000   2.22045e-16 0.0299999 2.57732e-17   5.12991e-10 9.48721e-19 0.0001   5e-05
HR_6 1787068348.578146000 0.786238   -0.0680493 0.249944 -0.0967829   0.0562419 0.0595022 0.0001   0.000331
QR_4 1787068348.578146000 -1.000000   2.22045e-16 0.0299999 2.57732e-17   5.12991e-10 9.48721e-19 0.0001   0.000331
HR_6 1787068348.588146000 0.786355   -0.0594275 0.249844 -0.0966665   0.0557802 0.0571364 0.0001   2.7e-05
QR_4 1787068348.588146000 -1.000000   2.22045e-16 0.0299999 2.57732e-17   5.12991e-10 9.48721e-19 0.0001   2.7e-05
HR_6 1787068348.598146000 0.786394   -0.0559946 0.249849 -0.0966143   0.0558045 0.0559376 0.0001   3.7e-05
QR_4 1787068348.598146000 -1.000000   2.22045e-16 0.0299999 2.57732e-17   5.12991e-10 9.48721e-19 0.0001   3.7e-05
HR_6 1787068348.608146000 0.786573   -0.0457248 0.249943 -0.0966655   0.0559822 0.052238 0.0001   8.6e-05
QR_4 1787068348.608146000 -1.000000   2.22045e-16 0.0299999 2.57732e-17   5.12991e-10 9.48721e-19 0.0001   8.6e-05
HR_6 1787068348.618146000 0.786814   -0.0371191 0.249939 -0.0962961   0.0562512 0.0497451 0.0001   0.002218
QR_4 1787068348.618146000 -1.000000   2.22045e-16 0.0299999 2.57732e-17   5.12991e-10 9.48721e-19 0.0001   0.002218
HR_6 1787068348.628146000 0.787004   -0.030218 0.24994 -0.0965587   0.0559486 0.0480329 0.0001   7.4e-05
QR_4 1787068348.628146000 -1.000000   2.22045e-16 0.0299999 2.57732e-17   5.12991e-10 9.48721e-19 0.0001   7.4e-05
HR_6 1787068348.638146000 0.787247   -0.0215293 0.249889 -0.0945602   0.0557467 0.0461274 0.0001   5.2e-05
QR_4 1787068348.638146000 -1.000000   2.22045e-16 0.0299999 2.57732e-17   5.12991e-10 9.48721e-19 0.0001   5.2e-05
HR_6 1787068348.648147000 0.787466   -0.0146086 0.24981 -0.0927087   0.0551855 0.0448525 0.0001   0.000673
QR_4 1787068348.648147000 -1.000000   2.22045e-16 0.0299999 2.57732e-17   5.12991e-10 9.48721e-19 0.0001   0.000673
HR_6 1787068348.658147000 0.787759   -0.00597749 0.249647 -0.0905758   0.0540684 0.0432788 0.0001   2.2e-05
QR_4 1787068348.658147000 -1.000000   2.22045e-16 0.0299999 2.57732e-17   5.12991e-10 9.48721e-19 0.0001   2.2e-05
HR_6 1787068348.668147000 0.787982   0.00096867 0.249496 -0.0889019   0.0531403 0.0419423 0.0001   0.000278
QR_4 1787068348.668147000 -1.000000   2.22045e-16 0.0299999 2.57732e-17   5.12991e-10 9.48721e-19 0.0001   0.000278
HR_6 1787068348.678147000 0.788121   0.00618813 0.24938 -0.088085   0.0524352 0.0407955 0.0001   4.9e-05
QR_4 1787068348.678147000 -1.000000   2.22045e-16 0.0299999 2.57732e-17   5.12991e-10 9.48721e-19 0.0001   4.9e-05
HR_6 1787068348.688147000 0.788400   0.0166061 0.249114 -0.0869054   0.0510511 0.0386314 0.0001   0.000228
QR_4 1787068348.688147000 -1.000000   2.22045e-16 0.0299999 2.57732e-17   5.12991e-10 9.48721e-19 0.0001   0.000228
HR_6 1787068348.698147000 0.788494   0.0218093 0.249028 -0.0866751   0.0504567 0.0375841 0.0001   5.9e-05
QR_4 1787068348.698147000 -1.000000   2.22045e-16 0.0299999 2.57732e-17   5.12991e-10 9.48721e-19 0.0001   5.9e-05
HR_6 1787068348.708147000 0.788650   0.0322166 0.248882 -0.0862948   0.0496225 0.0355699 0.0001   3.4e-05
QR_4 1787068348.708147000 -1.000000   2.22045e-16 0.0299999 2.57732e-17   5.12991e-10 9.48721e-19 0.0001   3.4e-05
HR_6 1787068348.718147000 0.788719   0.0390989 0.248887 -0.0862714   0.0497617 0.0341518 0.0001   0.000103
QR_4 1787068348.718147000 -1.000000   2.22045e-16 0.0299999 2.57732e-17   5.12991e-10 9.48721e-19 0.0001   0.000103
HR_6 1787068348.728147000 0.788772   0.0442376 0.248911 -0.0862821   0.0498865 0.0329489 0.0001   2.4e-05
QR_4 1787068348.728147000 -1.000000   2.22045e-16 0.0299999 2.57732e-17   5.12991e-10 9.48721e-19 0.0001   2.4e-05
HR_6 1787068348.738147000 0.788869   0.0545362 0.248932 -0.0854855   0.0494039 0.0296576 0.0001   0.002297
QR_4 1787068348.738147000 -1.000000   2.22045e-16 0.0299999 2.57732e-17   5.12991e-10 9.48721e-19 0.0001   0.002297
HR_6 1787068348.748148000 0.788917   0.0579732 0.248911 -0.085195   0.0490036 0.0286535 0.0001   7.7e-05
QR_4 1787068348.748148000 -1.000000   2.22045e-16 0.0299999 2.57732e-17   5.12991e-10 9.48721e-19 0.0001   7.7e-05
HR_6 1787068348.758148000 0.789091   0.0683312 0.248795 -0.0832756   0.0474339 0.02599 0.0001   4.1e-05
QR_4 1787068348.758148000 -1.000000   2.22045e-16 0.0299999 2.57732e-17   5.12991e-10 9.48721e-19 0.0001   4.1e-05
HR_6 1787068348.768148000 0.789276   0.0770435 0.248541 -0.0804945   0.0468623 0.0238744 0.0001   0.001177
QR_4 1787068348.768148000 -1.000000   2.22045e-16 0.0299999 2.57732e-17   5.12991e-10 9.48721e-19 0.0001   0.001177
HR_6 1787068348.778148000 0.789369   0.0839652 0.248428 -0.0790673   0.0463682 0.0221694 0.0001   2.6e-05
QR_4 1787068348.778148000 -1.000000   2.22045e-16 0.0299999 2.57732e-17   5.12991e-10 9.48721e-19 0.0001   2.6e-05
HR_6 1787068348.788148000 0.789489   0.092639 0.248279 -0.0769663   0.0455073 0.0208037 0.0001   3.5e-05
QR_4 1787068348.788148000 -1.000000   2.22045e-16 0.0299999 2.57732e-17   5.12991e-10 9.48721e-19 0.0001   3.5e-05
HR_6 1787068348.798148000 0.789595   0.101361 0.248065 -0.0751269   0.0442707 0.0192439 0.0001   4.3e-05
QR_4 1787068348.798148000 -1.000000   2.22045e-16 0.0299999 2.57732e-17   5.12991e-10 9.48721e-19 0.0001   4.3e-05
HR_6 1787068348.808148000 0.789654   0.106581 0.247941 -0.0743919   0.0435983 0.018545 0.0001   0.001268
QR_4 1787068348.808148000 -1.000000   2.22045e-16 0.0299999 2.57732e-17   5.12991e-10 9.48721e-19 0.0001   0.001268
HR_6 1787068348.818148000 0.789725   0.115258 0.247707 -0.072993   0.0422378 0.0172225 0.0001   4.9e-05
QR_4 1787068348.818148000 -1.000000   2.22045e-16 0.0299999 2.57732e-17   5.12991e-10 9.48721e-19 0.0001   4.9e-05
HR_6 1787068348.828148000 0.789751   0.12381 0.247644 -0.0729402   0.0418633 0.0155039 0.0001   5.1e-05
QR_4 1787068348.828148000 -1.000000   2.22045e-16 0.0299999 2.57732e-17   5.12991e-10 9.48721e-19 0.0001   5.1e-05
HR_6 1787068348.838148000 0.789787   0.132251 0.247665 -0.0729687   0.0422548 0.0141323 0.0001   0.00221
QR_4 1787068348.838148000 -1.000000   2.22045e-16 0.0299999 2.57732e-17   5.12991e-10 9.48721e-19 0.0001   0.00221
HR_6 1787068348.848149000 0.789839   0.13728 0.247688 -0.0733611   0.0424013 0.0127255 0.0001   5e-05
QR_4 1787068348.848149000 -1.000000   2.22045e-16 0.0299999 2.57732e-17   5.12991e-10 9.48721e-19 0.0001   5e-05
HR_6 1787068348.858149000 0.789973   0.14558 0.247779 -0.0744371   0.0428618 0.00996763 0.0001   0.001383
QR_4 1787068348.858149000 -1.000000   2.22045e-16 0.0299999 2.57732e-17   5.12991e-10 9.48721e-19 0.0001   0.001383
HR_6 1787068348.868149000 0.790105   0.15215 0.247851 -0.0750033   0.0432164 0.00821929 0.0001   4.2e-05
QR_4 1787068348.868149000 -1.000000   2.22045e-16 0.0299999 2.57732e-17   5.12991e-10 9.48721e-19 0.0001   4.2e-05
HR_6 1787068348.878149000 0.790278   0.160323 0.247929 -0.0751762   0.0434446 0.00756161 0.0001   1.7e-05
QR_4 1787068348.878149000 -1.000000   2.22045e-16 0.0299999 2.57732e-17   5.12991e-10 9.48721e-19 0.0001   1.7e-05
HR_6 1787068348.888149000 0.790487   0.16852 0.247883 -0.0734175   0.0432655 0.00667589 0.0001   1.7e-05
QR_4 1787068348.888149000 -1.000000   2.22045e-16 0.0299999 2.57732e-17   5.12991e-10 9.48721e-19 0.0001   1.7e-05
HR_6 1787068348.898149000 0.790597   0.174959 0.247936 -0.0723481   0.0435161 0.00558932 0.0001   8.4e-05
QR_4 1787068348.898149000 -1.000000   2.22045e-16 0.0299999 2.57732e-17   5.12991e-10 9.48721e-19 0.0001   8.4e-05
HR_6 1787068348.908149000 0.790748   0.182936 0.247989 -0.0711958   0.0437549 0.00379785 0.0001   0.000149
QR_4 1787068348.908149000 -1.000000   2.22045e-16 0.0299999 2.57732e-17   5.12991e-10 9.48721e-19 0.0001   0.000149
HR_6 1787068348.918149000 0.790826   0.187722 0.248009 -0.0704055   0.0437952 0.00228337 0.0001   5.8e-05
QR_4 1787068348.918149000 -1.000000   2.22045e-16 0.0299999 2.57732e-17   5.12991e-10 9.48721e-19 0.0001   5.8e-05
HR_6 1787068348.928149000 0.790933   0.195634 0.248047 -0.0695172   0.0436943 -0.00076427 0.0001   7.1e-05
QR_4 1787068348.928149000 -1.000000   2.22045e-16 0.0299999 2.57732e-17   5.12991e-10 9.48721e-19 0.0001   7.1e-05
HR_6 1787068348.938149000 0.791035   0.202016 0.248009 -0.0689973   0.0434733 -0.00318591 0.0001   0.002563
QR_4 1787068348.938149000 -1.000000   2.22045e-16 0.0299999 2.57732e-17   5.12991e-10 9.48721e-19 0.0001   0.002563
HR_6 1787068348.948150000 0.791141   0.208411 0.247975 -0.0684557   0.0434076 -0.0054888 0.0001   2.8e-05
QR_4 1787068348.948150000 -1.000000   2.22045e-16 0.0299999 2.57732e-17   5.12991e-10 9.48721e-19 0.0001   2.8e-05
HR_6 1787068348.958150000 0.791211   0.214772 0.247987 -0.0689484   0.0434131 -0.00703802 0.0001   2e-05
QR_4 1787068348.958150000 -1.000000   2.22045e-16 0.0299999 2.57732e-17   5.12991e-10 9.48721e-19 0.0001   2e-05
HR_6 1787068348.968150000 0.791307   0.222753 0.248047 -0.0699676   0.0439499 -0.00859732 0.0001   0.00011
QR_4 1787068348.968150000 -1.000000   2.22045e-16 0.0299999 2.57732e-17   5.12991e-10 9.48721e-19 0.0001   0.00011
HR_6 1787068348.978150000 0.791456   0.229152 0.248042 -0.0705975   0.0439346 -0.00984941 0.0001   0.001131
QR_4 1787068348.978150000 -1.000000   2.22045e-16 0.0299999 2.57732e-17   5.12991e-10 9.48721e-19 0.0001   0.001131
HR_6 1787068348.988150000 0.791587   0.235507 0.248059 -0.071511   0.0439819 -0.0111485 0.0001   4.2e-05
QR_4 1787068348.988150000 -1.000000   2.22045e-16 0.0299999 2.57732e-17   5.12991e-10 9.48721e-19 0.0001   4.2e-05
HR_6 1787068348.998150000 0.791728   0.243431 0.248067 -0.0730108   0.0442076 -0.0129774 0.0001   5e-05
QR_4 1787068348.998150000 -1.000000   2.22045e-16 0.0299999 2.57732e-17   5.12991e-10 9.48721e-19 0.0001   5e-05
HR_6 1787068349.008150000 0.791915   0.249742 0.24803 -0.0735066   0.0434534 -0.0147059 0.0001   4.6e-05
QR_4 1787068349.008150000 -1.000000   2.22045e-16 0.0299999 2.57732e-17   5.12991e-10 9.48721e-19 0.0001   4.6e-05
HR_6 1787068349.018150000 0.792006   0.254469 0.247911 -0.0738037   0.0426362 -0.0155238 0.0001   4.5e-05
QR_4 1787068349.018150000 -1.000000   2.22045e-16 0.0299999 2.57732e-17   5.12991e-10 9.48721e-19 0.0001   4.5e-05
HR_6 1787068349.028150000 0.792208   0.263896 0.247674 -0.0729967   0.0418828 -0.0160258 0.0001   8e-06
QR_4 1787068349.028150000 -1.000000   2.22045e-16 0.0299999 2.57732e-17   5.12991e-10 9.48721e-19 0.0001   8e-06
HR_6 1787068349.038150000 0.792346   0.27004 0.247666 -0.072172   0.04212 -0.0167884 0.0001   2e-05
QR_4 1787068349.038150000 -1.000000   2.22045e-16 0.0299999 2.57732e-17   5.12991e-10 9.48721e-19 0.0001   2e-05
HR_6 1787068349.048151000 0.792454   0.276101 0.24771 -0.0716843   0.0422 -0.0179834 0.0001   2e-05
QR_4 1787068349.048151000 -1.000000   2.22045e-16 0.0299999 2.57732e-17   5.12991e-10 9.48721e-19 0.0001   2e-05
HR_6 1787068349.058151000 0.792580   0.283714 0.247671 -0.0696559   0.0419203 -0.0189819 0.0001   4.1e-05
QR_4 1787068349.058151000 -1.000000   2.22045e-16 0.0299999 2.57732e-17   5.12991e-10 9.48721e-19 0.0001   4.1e-05
HR_6 1787068349.068151000 0.792679   0.289748 0.247717 -0.0686177   0.0419915 -0.0202853 0.0001   0.001474
QR_4 1787068349.068151000 -1.000000   2.22045e-16 0.0299999 2.57732e-17   5.12991e-10 9.48721e-19 0.0001   0.001474
HR_6 1787068349.078151000 0.792865   0.297237 0.247765 -0.0677518   0.0418874 -0.0220111 0.0001   9.4e-05
QR_4 1787068349.078151000 -1.000000   2.22045e-16 0.0299999 2.57732e-17   5.12991e-10 9.48721e-19 0.0001   9.4e-05
HR_6 1787068349.088151000 0.792959   0.301744 0.247734 -0.0670685   0.0414677 -0.0231881 0.0001   0.000765
QR_4 1787068349.088151000 -1.000000   2.22045e-16 0.0299999 2.57732e-17   5.12991e-10 9.48721e-19 0.0001   0.000765
HR_6 1787068349.098151000 0.793100   0.307827 0.247602 -0.0662801   0.0397363 -0.0243864 0.0001   2.8e-05
QR_4 1787068349.098151000 -1.000000   2.22045e-16 0.0299999 2.57732e-17   5.12991e-10 9.48721e-19 0.0001   2.8e-05
HR_6 1787068349.108151000 0.793303   0.315423 0.247335 -0.0649358   0.0382536 -0.0256725 0.0001   5.6e-05
QR_4 1787068349.108151000 -1.000000   2.22045e-16 0.0299999 2.57732e-17   5.12991e-10 9.48721e-19 0.0001   5.6e-05
HR_6 1787068349.118151000 0.793508   0.321563 0.247022 -0.0627475   0.0376721 -0.026738 0.0001   6.4e-05
QR_4 1787068349.118151000 -1.000000   2.22045e-16 0.0299999 2.57732e-17   5.12991e-10 9.48721e-19 0.0001   6.4e-05
HR_6 1787068349.128151000 0.793667   0.329177 0.246817 -0.0622942   0.0369927 -0.0294114 0.0001   4.9e-05
QR_4 1787068349.128151000 -1.000000   2.22045e-16 0.0299999 2.57732e-17   5.12991e-10 9.48721e-19 0.0001   4.9e-05
HR_6 1787068349.138151000 0.793719   0.335098 0.246813 -0.0644602   0.0371126 -0.0322148 0.0001   1.6e-05
QR_4 1787068349.138151000 -1.000000   2.22045e-16 0.0299999 2.57732e-17   5.12991e-10 9.48721e-19 0.0001   1.6e-05
HR_6 1787068349.148152000 0.793832   0.342239 0.247136 -0.0677736   0.0390088 -0.0351286 0.0001   4.8e-05
QR_4 1787068349.148152000 -1.000000   2.22045e-16 0.0299999 2.57732e-17   5.12991e-10 9.48721e-19 0.0001   4.8e-05
HR_6 1787068349.158152000 0.794027   0.346429 0.247321 -0.069051   0.039962 -0.0368675 0.0001   7.1e-05
QR_4 1787068349.158152000 -1.000000   2.22045e-16 0.0299999 2.57732e-17   5.12991e-10 9.48721e-19 0.0001   7.1e-05
HR_6 1787068349.168152000 0.794419   0.35329 0.247553 -0.0698582   0.041117 -0.0397304 0.0001   3.9e-05
QR_4 1787068349.168152000 -1.000000   2.22045e-16 0.0299999 2.57732e-17   5.12991e-10 9.48721e-19 0.0001   3.9e-05
HR_6 1787068349.178152000 0.794752   0.360099 0.24769 -0.0684484   0.0418414 -0.0422017 0.0001   0.000269
QR_4 1787068349.178152000 -1.000000   2.22045e-16 0.0299999 2.57732e-17   5.12991e-10 9.48721e-19 0.0001   0.000269
HR_6 1787068349.188151000 0.795074   0.366873 0.247837 -0.0661709   0.0426444 -0.0443005 0.0001   1e-06
QR_4 1787068349.188151000 -1.000000   2.22045e-16 0.0299999 2.57732e-17   5.12991e-10 9.48721e-19 0.0001   1e-06
HR_6 1787068349.198151000 0.795394   0.373629 0.247991 -0.0639013   0.0431108 -0.0461204 0.0001   2.5e-05
QR_4 1787068349.198151000 -1.000000   2.22045e-16 0.0299999 2.57732e-17   5.12991e-10 9.48721e-19 0.0001   2.5e-05
HR_6 1787068349.208151000 0.795578   0.377665 0.24811 -0.0629128   0.0435559 -0.0473542 0.0001   0.002012
QR_4 1787068349.208151000 -1.000000   2.22045e-16 0.0299999 2.57732e-17   5.12991e-10 9.48721e-19 0.0001   0.002012
HR_6 1787068349.218151000 0.795888   0.384414 0.248248 -0.061185   0.0443381 -0.0485636 0.0001   7.9e-05
QR_4 1787068349.218151000 -1.000000   2.22045e-16 0.0299999 2.57732e-17   5.12991e-10 9.48721e-19 0.0001   7.9e-05
HR_6 1787068349.228151000 0.796164   0.389828 0.248337 -0.0603214   0.044514 -0.0496912 0.0001   0.00012
QR_4 1787068349.228151000 -1.000000   2.22045e-16 0.0299999 2.57732e-17   5.12991e-10 9.48721e-19 0.0001   0.00012
HR_6 1787068349.238151000 0.796478   0.39659 0.248345 -0.0592777   0.0447722 -0.0511372 0.0001   4e-05
QR_4 1787068349.238151000 -1.000000   2.22045e-16 0.0299999 2.57732e-17   5.12991e-10 9.48721e-19 0.0001   4e-05
HR_6 1787068349.248151000 0.796677   0.403277 0.24843 -0.0596843   0.0448325 -0.0524523 0.0001   2.5e-05
QR_4 1787068349.248151000 -1.000000   2.22045e-16 0.0299999 2.57732e-17   5.12991e-10 9.48721e-19 0.0001   2.5e-05
HR_6 1787068349.258151000 0.796862   0.40865 0.248405 -0.0596611   0.0440363 -0.0535622 0.0001   7.7e-05
QR_4 1787068349.258151000 -1.000000   2.22045e-16 0.0299999 2.57732e-17   5.12991e-10 9.48721e-19 0.0001   7.7e-05
HR_6 1787068349.268142000 0.797084   0.414065 0.248282 -0.0594747   0.0441792 -0.0539298 0.0001   1e-06
QR_4 1787068349.268142000 -1.000000   2.22045e-16 0.0299999 2.57732e-17   5.12991e-10 9.48721e-19 0.0001   1e-06
HR_6 1787068349.278142000 0.797309   0.420789 0.248178 -0.0610936   0.044069 -0.0548675 0.0001   6.7e-05
QR_4 1787068349.278142000 -1.000000   2.22045e-16 0.0299999 2.57732e-17   5.12991e-10 9.48721e-19 0.0001   6.7e-05
HR_6 1787068349.288142000 0.797420   0.42479 0.248116 -0.0614137   0.0433115 -0.0556627 0.0001   5.9e-05
QR_4 1787068349.288142000 -1.000000   2.22045e-16 0.0299999 2.57732e-17   5.12991e-10 9.48721e-19 0.0001   5.9e-05
HR_6 1787068349.298142000 0.797633   0.431458 0.247927 -0.0595461   0.0418426 -0.056885 0.0001   0.001104
QR_4 1787068349.298142000 -1.000000   2.22045e-16 0.0299999 2.57732e-17   5.12991e-10 9.48721e-19 0.0001   0.001104
HR_6 1787068349.308142000 0.797896   0.439415 0.247637 -0.0567393   0.0407703 -0.0583718 0.0001   0.000115
QR_4 1787068349.308142000 -1.000000   2.22045e-16 0.0299999 2.57732e-17   5.12991e-10 9.48721e-19 0.0001   0.000115
HR_6 1787068349.318142000 0.798030   0.444681 0.247446 -0.0557886   0.0394205 -0.0598663 0.0001   3.3e-05
QR_4 1787068349.318142000 -1.000000   2.22045e-16 0.0299999 2.57732e-17   5.12991e-10 9.48721e-19 0.0001   3.3e-05
HR_6 1787068349.328142000 0.798234   0.451282 0.247096 -0.0540472   0.0379131 -0.0614033 0.0001   3.4e-05
QR_4 1787068349.328142000 -1.000000   2.22045e-16 0.0299999 2.57732e-17   5.12991e-10 9.48721e-19 0.0001   3.4e-05
HR_6 1787068349.338142000 0.798318   0.457774 0.246925 -0.0538073   0.0369763 -0.0637909 0.0001   5e-05
QR_4 1787068349.338142000 -1.000000   2.22045e-16 0.0299999 2.57732e-17   5.12991e-10 9.48721e-19 0.0001   5e-05
HR_6 1787068349.348142000 0.798404   0.464228 0.246749 -0.0543611   0.0361507 -0.0664198 0.0001   2.4e-05
QR_4 1787068349.348142000 -1.000000   2.22045e-16 0.0299999 2.57732e-17   5.12991e-10 9.48721e-19 0.0001   2.4e-05
HR_6 1787068349.358142000 0.798421   0.46804 0.246687 -0.0555626   0.0357763 -0.0682518 0.0001   2.9e-05
QR_4 1787068349.358142000 -1.000000   2.22045e-16 0.0299999 2.57732e-17   5.12991e-10 9.48721e-19 0.0001   2.9e-05
HR_6 1787068349.368142000 0.798459   0.47437 0.246592 -0.0580834   0.0354325 -0.0713483 0.0001   4.7e-05
QR_4 1787068349.368142000 -1.000000   2.22045e-16 0.0299999 2.57732e-17   5.12991e-10 9.48721e-19 0.0001   4.7e-05
HR_6 1787068349.378143000 0.798587   0.480637 0.246449 -0.0596034   0.0349276 -0.0744101 0.0001   7.5e-05
QR_4 1787068349.378143000 -1.000000   2.22045e-16 0.0299999 2.57732e-17   5.12991e-10 9.48721e-19 0.0001   7.5e-05
HR_6 1787068349.388143000 0.798613   0.485549 0.246379 -0.06   0.0345857 -0.0768809 0.0001   4.9e-05
QR_4 1787068349.388143000 -1.000000   2.22045e-16 0.0299999 2.57732e-17   5.12991e-10 9.48721e-19 0.0001   4.9e-05
HR_6 1787068349.398143000 0.798626   0.489144 0.246378 -0.0591725   0.0345206 -0.0785001 0.0001   0.000685
QR_4 1787068349.398143000 -1.000000   2.22045e-16 0.0299999 2.57732e-17   5.12991e-10 9.48721e-19 0.0001   0.000685
HR_6 1787068349.408143000 0.798652   0.496232 0.246362 -0.0568499   0.0342782 -0.0819801 0.0001   4.5e-05
QR_4 1787068349.408143000 -1.000000   2.22045e-16 0.0299999 2.57732e-17   5.12991e-10 9.48721e-19 0.0001   4.5e-05
HR_6 1787068349.418143000 0.798652   0.500917 0.246353 -0.0552898   0.0340404 -0.0843255 0.0001   6.1e-05
QR_4 1787068349.418143000 -1.000000   2.22045e-16 0.0299999 2.57732e-17   5.12991e-10 9.48721e-19 0.0001   6.1e-05
HR_6 1787068349.428143000 0.798654   0.506696 0.246303 -0.0543817   0.0335062 -0.087363 0.0001   3.7e-05
QR_4 1787068349.428143000 -1.000000   2.22045e-16 0.0299999 2.57732e-17   5.12991e-10 9.48721e-19 0.0001   3.7e-05
HR_6 1787068349.438143000 0.798689   0.511296 0.246191 -0.0537945   0.0332009 -0.0888609 0.0001   0.000435
QR_4 1787068349.438143000 -1.000000   2.22045e-16 0.0299999 2.57732e-17   5.12991e-10 9.48721e-19 0.0001   0.000435
HR_6 1787068349.448143000 0.798681   0.515852 0.246123 -0.0537446   0.0327036 -0.0911476 0.0001   4.7e-05
QR_4 1787068349.448143000 -1.000000   2.22045e-16 0.0299999 2.57732e-17   5.12991e-10 9.48721e-19 0.0001   4.7e-05
HR_6 1787068349.458143000 0.798673   0.521533 0.245994 -0.0539087   0.0321636 -0.0945154 0.0001   6.1e-05
QR_4 1787068349.458143000 -1.000000   2.22045e-16 0.0299999 2.57732e-17   5.12991e-10 9.48721e-19 0.0001   6.1e-05
HR_6 1787068349.468143000 0.798695   0.525949 0.245891 -0.0547896   0.0315986 -0.0968059 0.0001   5.9e-05
QR_4 1787068349.468143000 -1.000000   2.22045e-16 0.0299999 2.57732e-17   5.12991e-10 9.48721e-19 0.0001   5.9e-05
HR_6 1787068349.478144000 0.798747   0.531224 0.246034 -0.0566033   0.0324474 -0.0994809 0.0001   0.000954
QR_4 1787068349.478144000 -1.000000   2.22045e-16 0.0299999 2.57732e-17   5.12991e-10 9.48721e-19 0.0001   0.000954
HR_6 1787068349.488144000 0.798891   0.536355 0.246255 -0.0585692   0.0337109 -0.101706 0.0001   5.1e-05
QR_4 1787068349.488144000 -1.000000   2.22045e-16 0.0299999 2.57732e-17   5.12991e-10 9.48721e-19 0.0001   5.1e-05
HR_6 1787068349.498144000 0.799140   0.541363 0.246355 -0.0594555   0.0341435 -0.103621 0.0001   6.1e-05
QR_4 1787068349.498144000 -1.000000   2.22045e-16 0.0299999 2.57732e-17   5.12991e-10 9.48721e-19 0.0001   6.1e-05
HR_6 1787068349.508144000 0.799330   0.545284 0.246466 -0.0602349   0.0349806 -0.10492 0.0001   4.2e-05
QR_4 1787068349.508144000 -1.000000   2.22045e-16 0.0299999 2.57732e-17   5.12991e-10 9.48721e-19 0.0001   4.2e-05
HR_6 1787068349.518144000 0.799625   0.550119 0.246527 -0.0613135   0.0352891 -0.107228 0.0001   4.2e-05
QR_4 1787068349.518144000 -1.000000   2.22045e-16 0.0299999 2.57732e-17   5.12991e-10 9.48721e-19 0.0001   4.2e-05
HR_6 1787068349.528144000 0.799804   0.553929 0.246601 -0.0619616   0.0356112 -0.108275 0.0001   4.2e-05
QR_4 1787068349.528144000 -1.000000   2.22045e-16 0.0299999 2.57732e-17   5.12991e-10 9.48721e-19 0.0001   4.2e-05
HR_6 1787068349.538144000 0.799946   0.556791 0.246624 -0.0620584   0.0355083 -0.108911 0.0001   0.000335
QR_4 1787068349.538144000 -1.000000   2.22045e-16 0.0299999 2.57732e-17   5.12991e-10 9.48721e-19 0.0001   0.000335
HR_6 1787068349.548144000 0.800248   0.561588 0.246549 -0.0603108   0.0351763 -0.110458 0.0001   6.1e-05
QR_4 1787068349.548144000 -1.000000   2.22045e-16 0.0299999 2.57732e-17   5.12991e-10 9.48721e-19 0.0001   6.1e-05
HR_6 1787068349.558144000 0.800417   0.565397 0.246464 -0.0584145   0.0347598 -0.111118 0.0001   0.002161
QR_4 1787068349.558144000 -1.000000   2.22045e-16 0.0299999 2.57732e-17   5.12991e-10 9.48721e-19 0.0001   0.002161
HR_6 1787068349.568144000 0.800502   0.569149 0.246409 -0.0569883   0.0343255 -0.11198 0.0001   5.1e-05
QR_4 1787068349.568144000 -1.000000   2.22045e-16 0.0299999 2.57732e-17   5.12991e-10 9.48721e-19 0.0001   5.1e-05
HR_6 1787068349.578145000 0.800664   0.573851 0.246289 -0.0558922   0.0337354 -0.113714 0.0001   5.9e-05
QR_4 1787068349.578145000 -1.000000   2.22045e-16 0.0299999 2.57732e-17   5.12991e-10 9.48721e-19 0.0001   5.9e-05
HR_6 1787068349.588145000 0.800724   0.577588 0.24624 -0.0567607   0.0334831 -0.115649 0.0001   0.000248
QR_4 1787068349.588145000 -1.000000   2.22045e-16 0.0299999 2.57732e-17   5.12991e-10 9.48721e-19 0.0001   0.000248
HR_6 1787068349.598145000 0.800780   0.582226 0.246183 -0.0583444   0.0334918 -0.117777 0.0001   0.002007
QR_4 1787068349.598145000 -1.000000   2.22045e-16 0.0299999 2.57732e-17   5.12991e-10 9.48721e-19 0.0001   0.002007
HR_6 1787068349.608145000 0.800818   0.584892 0.246307 -0.0594668   0.0340889 -0.11866 0.0001   3.9e-05
QR_4 1787068349.608145000 -1.000000   2.22045e-16 0.0299999 2.57732e-17   5.12991e-10 9.48721e-19 0.0001   3.9e-05
HR_6 1787068349.618145000 0.800935   0.588382 0.246428 -0.0605653   0.0347837 -0.119886 0.0001   8e-05
QR_4 1787068349.618145000 -1.000000   2.22045e-16 0.0299999 2.57732e-17   5.12991e-10 9.48721e-19 0.0001   8e-05
HR_6 1787068349.628145000 0.801148   0.592613 0.246586 -0.0619415   0.0356838 -0.120811 0.0001   0.000167
QR_4 1787068349.628145000 -1.000000   2.22045e-16 0.0299999 2.57732e-17   5.12991e-10 9.48721e-19 0.0001   0.000167
HR_6 1787068349.638145000 0.801391   0.596766 0.246637 -0.0622951   0.0359242 -0.121907 0.0001   3.7e-05
QR_4 1787068349.638145000 -1.000000   2.22045e-16 0.0299999 2.57732e-17   5.12991e-10 9.48721e-19 0.0001   3.7e-05
HR_6 1787068349.648145000 0.801556   0.600086 0.246654 -0.0618023   0.0358987 -0.122467 0.0001   0.000119
QR_4 1787068349.648145000 -1.000000   2.22045e-16 0.0299999 2.57732e-17   5.12991e-10 9.48721e-19 0.0001   0.000119
HR_6 1787068349.658145000 0.801785   0.604168 0.246637 -0.0610701   0.0359354 -0.123685 0.0001   0.001764
QR_4 1787068349.658145000 -1.000000   2.22045e-16 0.0299999 2.57732e-17   5.12991e-10 9.48721e-19 0.0001   0.001764
HR_6 1787068349.668145000 0.801919   0.607372 0.246609 -0.0610194   0.0356458 -0.124948 0.0001   5e-05
QR_4 1787068349.668145000 -1.000000   2.22045e-16 0.0299999 2.57732e-17   5.12991e-10 9.48721e-19 0.0001   5e-05
HR_6 1787068349.678146000 0.802064   0.611394 0.246496 -0.0607212   0.0351002 -0.125769 0.0001   6.4e-05
QR_4 1787068349.678146000 -1.000000   2.22045e-16 0.0299999 2.57732e-17   5.12991e-10 9.48721e-19 0.0001   6.4e-05
HR_6 1787068349.688146000 0.802138   0.614493 0.246528 -0.0613707   0.035279 -0.126086 0.0001   0.000783
QR_4 1787068349.688146000 -1.000000   2.22045e-16 0.0299999 2.57732e-17   5.12991e-10 9.48721e-19 0.0001   0.000783
HR_6 1787068349.698146000 0.802310   0.618263 0.246626 -0.0624092   0.0359992 -0.126343 0.0001   4.9e-05
QR_4 1787068349.698146000 -1.000000   2.22045e-16 0.0299999 2.57732e-17   5.12991e-10 9.48721e-19 0.0001   4.9e-05
HR_6 1787068349.708146000 0.802429   0.621241 0.246684 -0.0628189   0.0361473 -0.126605 0.0001   0.000208
QR_4 1787068349.708146000 -1.000000   2.22045e-16 0.0299999 2.57732e-17   5.12991e-10 9.48721e-19 0.0001   0.000208
HR_6 1787068349.718146000 0.802497   0.62348 0.246693 -0.0622771   0.0360222 -0.126515 0.0001   7.1e-05
QR_4 1787068349.718146000 -1.000000   2.22045e-16 0.0299999 2.57732e-17   5.12991e-10 9.48721e-19 0.0001   7.1e-05
HR_6 1787068349.728146000 0.802635   0.626472 0.246654 -0.0610096   0.0359908 -0.126315 0.0001   0.000277
QR_4 1787068349.728146000 -1.000000   2.22045e-16 0.0299999 2.57732e-17   5.12991e-10 9.48721e-19 0.0001   0.000277
HR_6 1787068349.738146000 0.802756   0.630919 0.246568 -0.0601779   0.0354819 -0.126247 0.0001   1.8e-05
QR_4 1787068349.738146000 -1.000000   2.22045e-16 0.0299999 2.57732e-17   5.12991e-10 9.48721e-19 0.0001   1.8e-05
HR_6 1787068349.748146000 0.802824   0.634595 0.24649 -0.0609308   0.0350408 -0.126301 0.0001   2.9e-05
QR_4 1787068349.748146000 -1.000000   2.22045e-16 0.0299999 2.57732e-17   5.12991e-10 9.48721e-19 0.0001   2.9e-05
HR_6 1787068349.758146000 0.802885   0.636728 0.246502 -0.0611414   0.0352526 -0.126353 0.0001   4.1e-05
QR_4 1787068349.758146000 -1.000000   2.22045e-16 0.0299999 2.57732e-17   5.12991e-10 9.48721e-19 0.0001   4.1e-05
HR_6 1787068349.768146000 0.803050   0.640885 0.246593 -0.0613464   0.0357354 -0.126673 0.0001   2.1e-05
QR_4 1787068349.768146000 -1.000000   2.22045e-16 0.0299999 2.57732e-17   5.12991e-10 9.48721e-19 0.0001   2.1e-05
HR_6 1787068349.778147000 0.803241   0.644296 0.24661 -0.0615963   0.0357267 -0.126973 0.0001   0.000106
QR_4 1787068349.778147000 -1.000000   2.22045e-16 0.0299999 2.57732e-17   5.12991e-10 9.48721e-19 0.0001   0.000106
HR_6 1787068349.788147000 0.803352   0.646358 0.246573 -0.0611507   0.0356378 -0.127316 0.0001   4.9e-05
QR_4 1787068349.788147000 -1.000000   2.22045e-16 0.0299999 2.57732e-17   5.12991e-10 9.48721e-19 0.0001   4.9e-05
HR_6 1787068349.798147000 0.803557   0.650476 0.246476 -0.0592583   0.0349961 -0.128255 0.0001   0.00244
QR_4 1787068349.798147000 -1.000000   2.22045e-16 0.0299999 2.57732e-17   5.12991e-10 9.48721e-19 0.0001   0.00244
HR_6 1787068349.808147000 0.803631   0.652509 0.246444 -0.0586798   0.0345672 -0.128883 0.0001   4.2e-05
QR_4 1787068349.808147000 -1.000000   2.22045e-16 0.0299999 2.57732e-17   5.12991e-10 9.48721e-19 0.0001   4.2e-05
HR_6 1787068349.818147000 0.803686   0.655219 0.24638 -0.0581225   0.0344862 -0.129764 0.0001   6e-05
QR_4 1787068349.818147000 -1.000000   2.22045e-16 0.0299999 2.57732e-17   5.12991e-10 9.48721e-19 0.0001   6e-05
HR_6 1787068349.828147000 0.803773   0.657941 0.246287 -0.0575436   0.0338891 -0.130559 0.0001   5.6e-05
QR_4 1787068349.828147000 -1.000000   2.22045e-16 0.0299999 2.57732e-17   5.12991e-10 9.48721e-19 0.0001   5.6e-05
HR_6 1787068349.838147000 0.803818   0.660622 0.246195 -0.0581826   0.0332566 -0.131562 0.0001   0.000145
QR_4 1787068349.838147000 -1.000000   2.22045e-16 0.0299999 2.57732e-17   5.12991e-10 9.48721e-19 0.0001   0.000145
HR_6 1787068349.848147000 0.803892   0.663861 0.246227 -0.0582767   0.0336386 -0.131869 0.0001   3.8e-05
QR_4 1787068349.848147000 -1.000000   2.22045e-16 0.0299999 2.57732e-17   5.12991e-10 9.48721e-19 0.0001   3.8e-05
HR_6 1787068349.858147000 0.804054   0.667011 0.246287 -0.0579319   0.0334429 -0.132332 0.0001   0.002246
QR_4 1787068349.858147000 -1.000000   2.22045e-16 0.0299999 2.57732e-17   5.12991e-10 9.48721e-19 0.0001   0.002246
HR_6 1787068349.868147000 0.804186   0.669496 0.246277 -0.0583672   0.03392 -0.132694 0.0001   6e-05
QR_4 1787068349.868147000 -1.000000   2.22045e-16 0.0299999 2.57732e-17   5.12991e-10 9.48721e-19 0.0001   6e-05
HR_6 1787068349.878148000 0.804359   0.671854 0.246376 -0.0595964   0.0342576 -0.133186 0.0001   7.3e-05
QR_4 1787068349.878148000 -1.000000   2.22045e-16 0.0299999 2.57732e-17   5.12991e-10 9.48721e-19 0.0001   7.3e-05
HR_6 1787068349.888148000 0.804572   0.674161 0.246458 -0.0597378   0.0344029 -0.133346 0.0001   0.000216
QR_4 1787068349.888148000 -1.000000   2.22045e-16 0.0299999 2.57732e-17   5.12991e-10 9.48721e-19 0.0001   0.000216
HR_6 1787068349.898148000 0.804811   0.676478 0.246486 -0.0588824   0.0346814 -0.133151 0.0001   6e-05
QR_4 1787068349.898148000 -1.000000   2.22045e-16 0.0299999 2.57732e-17   5.12991e-10 9.48721e-19 0.0001   6e-05
HR_6 1787068349.908148000 0.805140   0.679384 0.246442 -0.0574344   0.0346832 -0.132934 0.0001   0.002047
QR_4 1787068349.908148000 -1.000000   2.22045e-16 0.0299999 2.57732e-17   5.12991e-10 9.48721e-19 0.0001   0.002047
HR_6 1787068349.918148000 0.805407   0.681697 0.246379 -0.056075   0.0340265 -0.132863 0.0001   0.00012
QR_4 1787068349.918148000 -1.000000   2.22045e-16 0.0299999 2.57732e-17   5.12991e-10 9.48721e-19 0.0001   0.00012
HR_6 1787068349.928148000 0.805734   0.684584 0.246248 -0.0539227   0.0335166 -0.132304 0.0001   0.000245
QR_4 1787068349.928148000 -1.000000   2.22045e-16 0.0299999 2.57732e-17   5.12991e-10 9.48721e-19 0.0001   0.000245
HR_6 1787068349.938148000 0.805936   0.686793 0.246159 -0.0526836   0.032981 -0.132093 0.0001   6.4e-05
QR_4 1787068349.938148000 -1.000000   2.22045e-16 0.0299999 2.57732e-17   5.12991e-10 9.48721e-19 0.0001   6.4e-05
HR_6 1787068349.948148000 0.806156   0.688988 0.246023 -0.0511999   0.0319329 -0.131681 0.0001   5e-05
QR_4 1787068349.948148000 -1.000000   2.22045e-16 0.0299999 2.57732e-17   5.12991e-10 9.48721e-19 0.0001   5e-05
HR_6 1787068349.958148000 0.806424   0.691751 0.245825 -0.0509353   0.0310111 -0.131628 0.0001   0.000138
QR_4 1787068349.958148000 -1.000000   2.22045e-16 0.0299999 2.57732e-17   5.12991e-10 9.48721e-19 0.0001   0.000138
HR_6 1787068349.968148000 0.806609   0.694483 0.24571 -0.0535731   0.0305715 -0.132342 0.0001   3.5e-05
QR_4 1787068349.968148000 -1.000000   2.22045e-16 0.0299999 2.57732e-17   5.12991e-10 9.48721e-19 0.0001   3.5e-05
HR_6 1787068349.978149000 0.806860   0.696491 0.245906 -0.054879   0.0314673 -0.132322 0.0001   0.001211
QR_4 1787068349.978149000 -1.000000   2.22045e-16 0.0299999 2.57732e-17   5.12991e-10 9.48721e-19 0.0001   0.001211
HR_6 1787068349.988149000 0.807172   0.698497 0.246063 -0.0555752   0.0325454 -0.131858 0.0001   3.5e-05
QR_4 1787068349.988149000 -1.000000   2.22045e-16 0.0299999 2.57732e-17   5.12991e-10 9.48721e-19 0.0001   3.5e-05
HR_6 1787068349.998149000 0.807493   0.700938 0.246289 -0.0568472   0.0335217 -0.132299 0.0001   7.3e-05
QR_4 1787068349.998149000 -1.000000   2.22045e-16 0.0299999 2.57732e-17   5.12991e-10 9.48721e-19 0.0001   7.3e-05
HR_6 1787068350.008149000 0.807806   0.70287 0.246432 -0.0567885   0.0337587 -0.132303 0.0001   3.9e-05
QR_4 1787068350.008149000 -1.000000   2.22045e-16 0.0299999 2.57732e-17   5.12991e-10 9.48721e-19 0.0001   3.9e-05
HR_6 1787068350.018149000 0.808268   0.705267 0.246547 -0.0554123   0.0335522 -0.131621 0.0001   5.5e-05
QR_4 1787068350.018149000 -1.000000   2.22045e-16 0.0299999 2.57732e-17   5.12991e-10 9.48721e-19 0.0001   5.5e-05
HR_6 1787068350.028149000 0.808654   0.707222 0.246505 -0.0534053   0.0336339 -0.130691 0.0001   0.000323
QR_4 1787068350.028149000 -1.000000   2.22045e-16 0.0299999 2.57732e-17   5.12991e-10 9.48721e-19 0.0001   0.000323
HR_6 1787068350.038149000 0.809052   0.709202 0.246357 -0.0510337   0.0337644 -0.129432 0.0001   0.000577
QR_4 1787068350.038149000 -1.000000   2.22045e-16 0.0299999 2.57732e-17   5.12991e-10 9.48721e-19 0.0001   0.000577
HR_6 1787068350.048149000 0.809395   0.711065 0.246334 -0.050544   0.0330106 -0.128876 0.0001   5.1e-05
QR_4 1787068350.048149000 -1.000000   2.22045e-16 0.0299999 2.57732e-17   5.12991e-10 9.48721e-19 0.0001   5.1e-05
HR_6 1787068350.058149000 0.809865   0.713482 0.246198 -0.0499533   0.032192 -0.127903 0.0001   1.7e-05
QR_4 1787068350.058149000 -1.000000   2.22045e-16 0.0299999 2.57732e-17   5.12991e-10 9.48721e-19 0.0001   1.7e-05
HR_6 1787068350.068149000 0.810402   0.716001 0.245963 -0.0492171   0.0314831 -0.12639 0.0001   3.9e-05
QR_4 1787068350.068149000 -1.000000   2.22045e-16 0.0299999 2.57732e-17   5.12991e-10 9.48721e-19 0.0001   3.9e-05
HR_6 1787068350.078150000 0.810705   0.717452 0.245838 -0.0493412   0.0312176 -0.126136 0.0001   5.7e-05
QR_4 1787068350.078150000 -1.000000   2.22045e-16 0.0299999 2.57732e-17   5.12991e-10 9.48721e-19 0.0001   5.7e-05
HR_6 1787068350.088150000 0.811145   0.719797 0.245753 -0.0512053   0.0307422 -0.126544 0.0001   2e-05
QR_4 1787068350.088150000 -1.000000   2.22045e-16 0.0299999 2.57732e-17   5.12991e-10 9.48721e-19 0.0001   2e-05
HR_6 1787068350.098150000 0.811535   0.721687 0.245673 -0.0525684   0.0300518 -0.126358 0.0001   0.000235
QR_4 1787068350.098150000 -1.000000   2.22045e-16 0.0299999 2.57732e-17   5.12991e-10 9.48721e-19 0.0001   0.000235
HR_6 1787068350.108150000 0.811976   0.723899 0.245729 -0.0530628   0.0306092 -0.125036 0.0001   2.4e-05
QR_4 1787068350.108150000 -1.000000   2.22045e-16 0.0299999 2.57732e-17   5.12991e-10 9.48721e-19 0.0001   2.4e-05
HR_6 1787068350.118150000 0.812355   0.726065 0.245819 -0.0534787   0.0310334 -0.124528 0.0001   2.1e-05
QR_4 1787068350.118150000 -1.000000   2.22045e-16 0.0299999 2.57732e-17   5.12991e-10 9.48721e-19 0.0001   2.1e-05
HR_6 1787068350.128150000 0.812683   0.72778 0.245851 -0.0532658   0.031019 -0.123604 0.0001   7.3e-05
QR_4 1787068350.128150000 -1.000000   2.22045e-16 0.0299999 2.57732e-17   5.12991e-10 9.48721e-19 0.0001   7.3e-05
HR_6 1787068350.138150000 0.813002   0.729512 0.245841 -0.0536601   0.0312467 -0.123667 0.0001   0.001173
QR_4 1787068350.138150000 -1.000000   2.22045e-16 0.0299999 2.57732e-17   5.12991e-10 9.48721e-19 0.0001   0.001173
HR_6 1787068350.148150000 0.813342   0.731681 0.24587 -0.0543428   0.0312691 -0.125008 0.0001   3.4e-05
QR_4 1787068350.148150000 -1.000000   2.22045e-16 0.0299999 2.57732e-17   5.12991e-10 9.48721e-19 0.0001   3.4e-05
HR_6 1787068350.158150000 0.813656   0.733759 0.245914 -0.0550754   0.0318378 -0.125842 0.0001   0.000114
QR_4 1787068350.158150000 -1.000000   2.22045e-16 0.0299999 2.57732e-17   5.12991e-10 9.48721e-19 0.0001   0.000114
HR_6 1787068350.168150000 0.813885   0.735326 0.246008 -0.0552558   0.0321504 -0.126552 0.0001   3.1e-05
QR_4 1787068350.168150000 -1.000000   2.22045e-16 0.0299999 2.57732e-17   5.12991e-10 9.48721e-19 0.0001   3.1e-05
HR_6 1787068350.178151000 0.814262   0.737729 0.246072 -0.0544234   0.0324254 -0.127857 0.0001   0.001781
QR_4 1787068350.178151000 -1.000000   2.22045e-16 0.0299999 2.57732e-17   5.12991e-10 9.48721e-19 0.0001   0.001781
HR_6 1787068350.188151000 0.814447   0.738932 0.246081 -0.0536802   0.0320492 -0.128496 0.0001   9.9e-05
QR_4 1787068350.188151000 -1.000000   2.22045e-16 0.0299999 2.57732e-17   5.12991e-10 9.48721e-19 0.0001   9.9e-05
HR_6 1787068350.198151000 0.814759   0.740935 0.246028 -0.0519235   0.0317283 -0.128489 0.0001   0.000115
QR_4 1787068350.198151000 -1.000000   2.22045e-16 0.0299999 2.57732e-17   5.12991e-10 9.48721e-19 0.0001   0.000115
HR_6 1787068350.208151000 0.815115   0.742994 0.245878 -0.0497541   0.0313534 -0.128672 0.0001   7.2e-05
QR_4 1787068350.208151000 -1.000000   2.22045e-16 0.0299999 2.57732e-17   5.12991e-10 9.48721e-19 0.0001   7.2e-05
HR_6 1787068350.218151000 0.815323   0.744568 0.245856 -0.0498724   0.0311946 -0.129279 0.0001   4.9e-05
QR_4 1787068350.218151000 -1.000000   2.22045e-16 0.0299999 2.57732e-17   5.12991e-10 9.48721e-19 0.0001   4.9e-05
HR_6 1787068350.228151000 0.815554   0.746521 0.245827 -0.0510299   0.0310386 -0.129201 0.0001   5e-05
QR_4 1787068350.228151000 -1.000000   2.22045e-16 0.0299999 2.57732e-17   5.12991e-10 9.48721e-19 0.0001   5e-05
HR_6 1787068350.238151000 0.815731   0.748063 0.245752 -0.0515466   0.0306534 -0.130091 0.0001   0.002524
QR_4 1787068350.238151000 -1.000000   2.22045e-16 0.0299999 2.57732e-17   5.12991e-10 9.48721e-19 0.0001   0.002524
HR_6 1787068350.248151000 0.815897   0.749586 0.245573 -0.051136   0.029729 -0.131253 0.0001   4.4e-05
QR_4 1787068350.248151000 -1.000000   2.22045e-16 0.0299999 2.57732e-17   5.12991e-10 9.48721e-19 0.0001   4.4e-05
HR_6 1787068350.258151000 0.816038   0.751384 0.24547 -0.0506511   0.0291689 -0.131823 0.0001   0.002645
QR_4 1787068350.258151000 -1.000000   2.22045e-16 0.0299999 2.57732e-17   5.12991e-10 9.48721e-19 0.0001   0.002645
HR_6 1787068350.268151000 0.816058   0.752735 0.245507 -0.0509458   0.0293042 -0.132568 0.0001   1.5e-05
QR_4 1787068350.268151000 -1.000000   2.22045e-16 0.0299999 2.57732e-17   5.12991e-10 9.48721e-19 0.0001   1.5e-05
HR_6 1787068350.278152000 0.816123   0.754694 0.245616 -0.0520927   0.0300141 -0.133261 0.0001   3.2e-05
QR_4 1787068350.278152000 -1.000000   2.22045e-16 0.0299999 2.57732e-17   5.12991e-10 9.48721e-19 0.0001   3.2e-05
HR_6 1787068350.288152000 0.816238   0.75594 0.2457 -0.0529497   0.0304964 -0.133233 0.0001   3.9e-05
QR_4 1787068350.288152000 -1.000000   2.22045e-16 0.0299999 2.57732e-17   5.12991e-10 9.48721e-19 0.0001   3.9e-05
HR_6 1787068350.298152000 0.816379   0.757088 0.24584 -0.0536846   0.0312472 -0.133472 0.0001   0.0002
QR_4 1787068350.298152000 -1.000000   2.22045e-16 0.0299999 2.57732e-17   5.12991e-10 9.48721e-19 0.0001   0.0002
HR_6 1787068350.308152000 0.816556   0.758515 0.245946 -0.054589   0.0317284 -0.133247 0.0001   0.000689
QR_4 1787068350.308152000 -1.000000   2.22045e-16 0.0299999 2.57732e-17   5.12991e-10 9.48721e-19 0.0001   0.000689
HR_6 1787068350.318152000 0.816720   0.759649 0.245969 -0.0551682   0.0318291 -0.133329 0.0001   5.2e-05
QR_4 1787068350.318152000 -1.000000   2.22045e-16 0.0299999 2.57732e-17   5.12991e-10 9.48721e-19 0.0001   5.2e-05
HR_6 1787068350.328152000 0.816952   0.761264 0.246057 -0.055942   0.0326082 -0.132979 0.0001   1.4e-05
QR_4 1787068350.328152000 -1.000000   2.22045e-16 0.0299999 2.57732e-17   5.12991e-10 9.48721e-19 0.0001   1.4e-05
HR_6 1787068350.338152000 0.817063   0.762032 0.246101 -0.0565881   0.0327114 -0.132153 0.0001   1.8e-05
QR_4 1787068350.338152000 -1.000000   2.22045e-16 0.0299999 2.57732e-17   5.12991e-10 9.48721e-19 0.0001   1.8e-05
HR_6 1787068350.348152000 0.817327   0.763556 0.246121 -0.0569139   0.0325748 -0.130378 0.0001   1.3e-05
QR_4 1787068350.348152000 -1.000000   2.22045e-16 0.0299999 2.57732e-17   5.12991e-10 9.48721e-19 0.0001   1.3e-05
HR_6 1787068350.358152000 0.817600   0.764845 0.246127 -0.0558876   0.0327615 -0.129476 0.0001   3.6e-05
QR_4 1787068350.358152000 -1.000000   2.22045e-16 0.0299999 2.57732e-17   5.12991e-10 9.48721e-19 0.0001   3.6e-05
HR_6 1787068350.368152000 0.817767   0.765795 0.246126 -0.0549673   0.0329135 -0.128246 0.0001   3.5e-05
QR_4 1787068350.368152000 -1.000000   2.22045e-16 0.0299999 2.57732e-17   5.12991e-10 9.48721e-19 0.0001   3.5e-05
HR_6 1787068350.378153000 0.817867   0.766906 0.24618 -0.0554821   0.0330714 -0.127147 0.0001   2.6e-05
QR_4 1787068350.378153000 -1.000000   2.22045e-16 0.0299999 2.57732e-17   5.12991e-10 9.48721e-19 0.0001   2.6e-05
HR_6 1787068350.388153000 0.818020   0.768079 0.246139 -0.0557122   0.0330881 -0.126687 0.0001   2.6e-05
QR_4 1787068350.388153000 -1.000000   2.22045e-16 0.0299999 2.57732e-17   5.12991e-10 9.48721e-19 0.0001   2.6e-05
HR_6 1787068350.398150000 0.818161   0.76916 0.246084 -0.0570429   0.0328407 -0.126416 0.0001   2e-06
QR_4 1787068350.398150000 -1.000000   2.22045e-16 0.0299999 2.57732e-17   5.12991e-10 9.48721e-19 0.0001   2e-06
HR_6 1787068350.408150000 0.818316   0.770023 0.246195 -0.0575784   0.033078 -0.125892 0.0001   1.4e-05
QR_4 1787068350.408150000 -1.000000   2.22045e-16 0.0299999 2.57732e-17   5.12991e-10 9.48721e-19 0.0001   1.4e-05
HR_6 1787068350.418150000 0.818493   0.770756 0.246268 -0.0573595   0.0333113 -0.125923 0.0001   3.3e-05
QR_4 1787068350.418150000 -1.000000   2.22045e-16 0.0299999 2.57732e-17   5.12991e-10 9.48721e-19 0.0001   3.3e-05
HR_6 1787068350.428150000 0.818782   0.771694 0.246236 -0.0573445   0.0335722 -0.12582 0.0001   4.7e-05
QR_4 1787068350.428150000 -1.000000   2.22045e-16 0.0299999 2.57732e-17   5.12991e-10 9.48721e-19 0.0001   4.7e-05
HR_6 1787068350.438150000 0.819002   0.772589 0.24628 -0.0589487   0.0337564 -0.126027 0.0001   3.8e-05
QR_4 1787068350.438150000 -1.000000   2.22045e-16 0.0299999 2.57732e-17   5.12991e-10 9.48721e-19 0.0001   3.8e-05
HR_6 1787068350.448150000 0.819213   0.773239 0.246439 -0.0603945   0.034688 -0.126004 0.0001   7.1e-05
QR_4 1787068350.448150000 -1.000000   2.22045e-16 0.0299999 2.57732e-17   5.12991e-10 9.48721e-19 0.0001   7.1e-05
HR_6 1787068350.458150000 0.819630   0.773936 0.246653 -0.0617264   0.0359481 -0.125898 0.0001   0.001317
QR_4 1787068350.458150000 -1.000000   2.22045e-16 0.0299999 2.57732e-17   5.12991e-10 9.48721e-19 0.0001   0.001317
HR_6 1787068350.468150000 0.819918   0.774428 0.246807 -0.0628232   0.0369318 -0.125588 0.0001   6.7e-05
QR_4 1787068350.468150000 -1.000000   2.22045e-16 0.0299999 2.57732e-17   5.12991e-10 9.48721e-19 0.0001   6.7e-05
HR_6 1787068350.478150000 0.820285   0.775109 0.246954 -0.0637329   0.0368634 -0.125298 0.0001   0.000103
QR_4 1787068350.478150000 -1.000000   2.22045e-16 0.0299999 2.57732e-17   5.12991e-10 9.48721e-19 0.0001   0.000103
HR_6 1787068350.488150000 0.820516   0.775497 0.24698 -0.0638104   0.0365782 -0.125124 0.0001   3.7e-05
QR_4 1787068350.488150000 -1.000000   2.22045e-16 0.0299999 2.57732e-17   5.12991e-10 9.48721e-19 0.0001   3.7e-05
HR_6 1787068350.498150000 0.820973   0.776374 0.246904 -0.0632777   0.0356872 -0.124029 0.0001   4.7e-05
QR_4 1787068350.498150000 -1.000000   2.22045e-16 0.0299999 2.57732e-17   5.12991e-10 9.48721e-19 0.0001   4.7e-05
HR_6 1787068350.508151000 0.821329   0.777026 0.246758 -0.0624127   0.0347792 -0.123146 0.0001   0.001301
QR_4 1787068350.508151000 -1.000000   2.22045e-16 0.0299999 2.57732e-17   5.12991e-10 9.48721e-19 0.0001   0.001301
HR_6 1787068350.518151000 0.821767   0.777803 0.246525 -0.0610663   0.0350493 -0.121755 0.0001   0.000139
QR_4 1787068350.518151000 -1.000000   2.22045e-16 0.0299999 2.57732e-17   5.12991e-10 9.48721e-19 0.0001   0.000139
HR_6 1787068350.528151000 0.822120   0.778399 0.246561 -0.0619014   0.035551 -0.121393 0.0001   5.3e-05
QR_4 1787068350.528151000 -1.000000   2.22045e-16 0.0299999 2.57732e-17   5.12991e-10 9.48721e-19 0.0001   5.3e-05
HR_6 1787068350.538151000 0.822337   0.778729 0.24666 -0.0627516   0.0360053 -0.12117 0.0001   6.2e-05
QR_4 1787068350.538151000 -1.000000   2.22045e-16 0.0299999 2.57732e-17   5.12991e-10 9.48721e-19 0.0001   6.2e-05
HR_6 1787068350.548151000 0.822769   0.779361 0.246823 -0.064109   0.03676 -0.120925 0.0001   2.3e-05
QR_4 1787068350.548151000 -1.000000   2.22045e-16 0.0299999 2.57732e-17   5.12991e-10 9.48721e-19 0.0001   2.3e-05
HR_6 1787068350.558151000 0.823056   0.77978 0.246892 -0.0645979   0.0371461 -0.120521 0.0001   9.7e-05
QR_4 1787068350.558151000 -1.000000   2.22045e-16 0.0299999 2.57732e-17   5.12991e-10 9.48721e-19 0.0001   9.7e-05
HR_6 1787068350.568151000 0.823374   0.780276 0.246882 -0.0643981   0.0369097 -0.119569 0.0001   6e-05
QR_4 1787068350.568151000 -1.000000   2.22045e-16 0.0299999 2.57732e-17   5.12991e-10 9.48721e-19 0.0001   6e-05
HR_6 1787068350.578151000 0.823594   0.780628 0.2469 -0.0645325   0.0365802 -0.118528 0.0001   3.6e-05
QR_4 1787068350.578151000 -1.000000   2.22045e-16 0.0299999 2.57732e-17   5.12991e-10 9.48721e-19 0.0001   3.6e-05
HR_6 1787068350.588151000 0.823980   0.781129 0.247056 -0.0648561   0.0363582 -0.116468 0.0001   5.2e-05
QR_4 1787068350.588151000 -1.000000   2.22045e-16 0.0299999 2.57732e-17   5.12991e-10 9.48721e-19 0.0001   5.2e-05
HR_6 1787068350.598151000 0.824229   0.781471 0.247089 -0.0648775   0.0359763 -0.114951 0.0001   6.7e-05
QR_4 1787068350.598151000 -1.000000   2.22045e-16 0.0299999 2.57732e-17   5.12991e-10 9.48721e-19 0.0001   6.7e-05
HR_6 1787068350.608152000 0.824570   0.781911 0.247129 -0.0650733   0.0353428 -0.113034 0.0001   4.6e-05
QR_4 1787068350.608152000 -1.000000   2.22045e-16 0.0299999 2.57732e-17   5.12991e-10 9.48721e-19 0.0001   4.6e-05
HR_6 1787068350.618152000 0.824919   0.782315 0.247225 -0.0655239   0.0357743 -0.111233 0.0001   5e-05
QR_4 1787068350.618152000 -1.000000   2.22045e-16 0.0299999 2.57732e-17   5.12991e-10 9.48721e-19 0.0001   5e-05
HR_6 1787068350.628152000 0.825298   0.782767 0.247235 -0.0654896   0.0360727 -0.10906 0.0001   0.000707
QR_4 1787068350.628152000 -1.000000   2.22045e-16 0.0299999 2.57732e-17   5.12991e-10 9.48721e-19 0.0001   0.000707
HR_6 1787068350.638152000 0.825700   0.783247 0.247194 -0.0652099   0.0369239 -0.107093 0.0001   4.6e-05
QR_4 1787068350.638152000 -1.000000   2.22045e-16 0.0299999 2.57732e-17   5.12991e-10 9.48721e-19 0.0001   4.6e-05
HR_6 1787068350.648152000 0.826136   0.783749 0.24713 -0.0640174   0.0380485 -0.10524 0.0001   0.001171
QR_4 1787068350.648152000 -1.000000   2.22045e-16 0.0299999 2.57732e-17   5.12991e-10 9.48721e-19 0.0001   0.001171
HR_6 1787068350.658152000 0.826758   0.784482 0.247036 -0.0630804   0.0382937 -0.102855 0.0001   0.0022
QR_4 1787068350.658152000 -1.000000   2.22045e-16 0.0299999 2.57732e-17   5.12991e-10 9.48721e-19 0.0001   0.0022
HR_6 1787068350.668152000 0.826952   0.784716 0.247032 -0.0631407   0.0380595 -0.102345 0.0001   3.4e-05
QR_4 1787068350.668152000 -1.000000   2.22045e-16 0.0299999 2.57732e-17   5.12991e-10 9.48721e-19 0.0001   3.4e-05
HR_6 1787068350.678152000 0.827453   0.785323 0.246983 -0.0633224   0.0369799 -0.10109 0.0001   3.5e-05
QR_4 1787068350.678152000 -1.000000   2.22045e-16 0.0299999 2.57732e-17   5.12991e-10 9.48721e-19 0.0001   3.5e-05
HR_6 1787068350.688117000 0.828120   0.786103 0.246772 -0.0628112   0.0354141 -0.099439 0.0001   1e-06
QR_4 1787068350.688117000 -1.000000   2.22045e-16 0.0299999 2.57732e-17   5.12991e-10 9.48721e-19 0.0001   1e-06
HR_6 1787068350.698117000 0.828561   0.786595 0.246621 -0.0621908   0.035533 -0.0981746 0.0001   5.6e-05
QR_4 1787068350.698117000 -1.000000   2.22045e-16 0.0299999 2.57732e-17   5.12991e-10 9.48721e-19 0.0001   5.6e-05
HR_6 1787068350.708117000 0.828913   0.786983 0.246686 -0.0630642   0.0363904 -0.0975401 0.0001   5.2e-05
QR_4 1787068350.708117000 -1.000000   2.22045e-16 0.0299999 2.57732e-17   5.12991e-10 9.48721e-19 0.0001   5.2e-05
HR_6 1787068350.718117000 0.829318   0.787435 0.246849 -0.064398   0.0371383 -0.0967343 0.0001   6e-05
QR_4 1787068350.718117000 -1.000000   2.22045e-16 0.0299999 2.57732e-17   5.12991e-10 9.48721e-19 0.0001   6e-05
HR_6 1787068350.728117000 0.829700   0.787871 0.246983 -0.0652055   0.0375314 -0.0966372 0.0001   5.2e-05
QR_4 1787068350.728117000 -1.000000   2.22045e-16 0.0299999 2.57732e-17   5.12991e-10 9.48721e-19 0.0001   5.2e-05
HR_6 1787068350.738117000 0.830032   0.788252 0.247027 -0.0643751   0.0374183 -0.0965757 0.0001   4.9e-05
QR_4 1787068350.738117000 -1.000000   2.22045e-16 0.0299999 2.57732e-17   5.12991e-10 9.48721e-19 0.0001   4.9e-05
HR_6 1787068350.748117000 0.830504   0.788769 0.246956 -0.0627134   0.0368048 -0.0959389 0.0001   3.3e-05
QR_4 1787068350.748117000 -1.000000   2.22045e-16 0.0299999 2.57732e-17   5.12991e-10 9.48721e-19 0.0001   3.3e-05
HR_6 1787068350.758117000 0.830898   0.78922 0.246807 -0.0618583   0.0363975 -0.0954151 0.0001   0.000808
QR_4 1787068350.758117000 -1.000000   2.22045e-16 0.0299999 2.57732e-17   5.12991e-10 9.48721e-19 0.0001   0.000808
HR_6 1787068350.768117000 0.831283   0.789695 0.246643 -0.061665   0.0361132 -0.0953076 0.0001   6.2e-05
QR_4 1787068350.768117000 -1.000000   2.22045e-16 0.0299999 2.57732e-17   5.12991e-10 9.48721e-19 0.0001   6.2e-05
HR_6 1787068350.778117000 0.831701   0.790162 0.246644 -0.0630743   0.0361699 -0.0947351 0.0001   6.6e-05
QR_4 1787068350.778117000 -1.000000   2.22045e-16 0.0299999 2.57732e-17   5.12991e-10 9.48721e-19 0.0001   6.6e-05
HR_6 1787068350.788117000 0.831979   0.790507 0.246786 -0.0645039   0.036994 -0.0944582 0.0001   4.4e-05
QR_4 1787068350.788117000 -1.000000   2.22045e-16 0.0299999 2.57732e-17   5.12991e-10 9.48721e-19 0.0001   4.4e-05
HR_6 1787068350.798118000 0.832325   0.790957 0.246998 -0.0657808   0.03785 -0.0945845 0.0001   5.6e-05
QR_4 1787068350.798118000 -1.000000   2.22045e-16 0.0299999 2.57732e-17   5.12991e-10 9.48721e-19 0.0001   5.6e-05
HR_6 1787068350.808118000 0.832548   0.791203 0.247071 -0.0664535   0.0382311 -0.0942667 0.0001   0.000232
QR_4 1787068350.808118000 -1.000000   2.22045e-16 0.0299999 2.57732e-17   5.12991e-10 9.48721e-19 0.0001   0.000232
HR_6 1787068350.818118000 0.832872   0.791591 0.247203 -0.0670132   0.0390702 -0.0939241 0.0001   6.2e-05
QR_4 1787068350.818118000 -1.000000   2.22045e-16 0.0299999 2.57732e-17   5.12991e-10 9.48721e-19 0.0001   6.2e-05
HR_6 1787068350.828118000 0.833133   0.791912 0.247283 -0.0668948   0.0387244 -0.0939823 0.0001   8.5e-05
QR_4 1787068350.828118000 -1.000000   2.22045e-16 0.0299999 2.57732e-17   5.12991e-10 9.48721e-19 0.0001   8.5e-05
HR_6 1787068350.838118000 0.833447   0.792314 0.247271 -0.0643684   0.037227 -0.092992 0.0001   3e-05
QR_4 1787068350.838118000 -1.000000   2.22045e-16 0.0299999 2.57732e-17   5.12991e-10 9.48721e-19 0.0001   3e-05
HR_6 1787068350.848118000 0.833665   0.792614 0.247199 -0.0598093   0.0357181 -0.0906688 0.0001   0.000115
QR_4 1787068350.848118000 -1.000000   2.22045e-16 0.0299999 2.57732e-17   5.12991e-10 9.48721e-19 0.0001   0.000115
HR_6 1787068350.858118000 0.833950   0.792929 0.247021 -0.0498848   0.0330802 -0.0858776 0.0001   0.003469
QR_4 1787068350.858118000 -1.000000   2.22045e-16 0.0299999 2.57732e-17   5.12991e-10 9.48721e-19 0.0001   0.003469
HR_6 1787068350.868118000 0.834154   0.793123 0.246862 -0.0418969   0.0314493 -0.0822159 0.0001   9.5e-05
QR_4 1787068350.868118000 -1.000000   2.22045e-16 0.0299999 2.57732e-17   5.12991e-10 9.48721e-19 0.0001   9.5e-05
HR_6 1787068350.878118000 0.834482   0.79337 0.246475 -0.0263254   0.0297574 -0.0737925 0.0001   7.3e-05
QR_4 1787068350.878118000 -1.000000   2.22045e-16 0.0299999 2.57732e-17   5.12991e-10 9.48721e-19 0.0001   7.3e-05
HR_6 1787068350.888118000 0.834726   0.79353 0.246117 -0.0162703   0.0293076 -0.0682686 0.0001   0.001184
QR_4 1787068350.888118000 -1.000000   2.22045e-16 0.0299999 2.57732e-17   5.12991e-10 9.48721e-19 0.0001   0.001184
HR_6 1787068350.898119000 0.835082   0.793638 0.245637 -0.00149827   0.0292079 -0.0585608 0.0001   5.8e-05
QR_4 1787068350.898119000 -1.000000   2.22045e-16 0.0299999 2.57732e-17   5.12991e-10 9.48721e-19 0.0001   5.8e-05
HR_6 1787068350.908119000 0.835173   0.793474 0.245551 0.00798604   0.0287372 -0.04975 0.0001   0.000112
QR_4 1787068350.908119000 -1.000000   2.22045e-16 0.0299999 2.57732e-17   5.12991e-10 9.48721e-19 0.0001   0.000112
HR_6 1787068350.918119000 0.835192   0.79339 0.24553 0.0110132   0.0286072 -0.046025 0.0001   6.9e-05
QR_4 1787068350.918119000 -1.000000   2.22045e-16 0.0299999 2.57732e-17   5.12991e-10 9.48721e-19 0.0001   6.9e-05
HR_6 1787068350.928119000 0.835203   0.792984 0.245583 0.0185714   0.0285859 -0.0345695 0.0001   6.4e-05
QR_4 1787068350.928119000 -1.000000   2.22045e-16 0.0299999 2.57732e-17   5.12991e-10 9.48721e-19 0.0001   6.4e-05
HR_6 1787068350.938119000 0.835205   0.792601 0.245612 0.023636   0.0286958 -0.027554 0.0001   0.000456
QR_4 1787068350.938119000 -1.000000   2.22045e-16 0.0299999 2.57732e-17   5.12991e-10 9.48721e-19 0.0001   0.000456
HR_6 1787068350.948119000 0.835249   0.792201 0.245601 0.028964   0.028662 -0.0198024 0.0001   7.8e-05
QR_4 1787068350.948119000 -1.000000   2.22045e-16 0.0299999 2.57732e-17   5.12991e-10 9.48721e-19 0.0001   7.8e-05
HR_6 1787068350.958119000 0.835323   0.791606 0.245594 0.0358095   0.0291946 -0.00908682 0.0001   7e-05
QR_4 1787068350.958119000 -1.000000   2.22045e-16 0.0299999 2.57732e-17   5.12991e-10 9.48721e-19 0.0001   7e-05
HR_6 1787068350.968119000 0.835366   0.791088 0.245558 0.0419376   0.0291992 -0.000535132 0.0001   6.7e-05
QR_4 1787068350.968119000 -1.000000   2.22045e-16 0.0299999 2.57732e-17   5.12991e-10 9.48721e-19 0.0001   6.7e-05
HR_6 1787068350.978119000 0.835446   0.790326 0.245441 0.0502057   0.0284256 0.0106325 0.0001   6.4e-05
QR_4 1787068350.978119000 -1.000000   2.22045e-16 0.0299999 2.57732e-17   5.12991e-10 9.48721e-19 0.0001   6.4e-05
HR_6 1787068350.988119000 0.835518   0.789791 0.245787 0.0541265   0.0311799 0.0173783 0.0001   0.000701
QR_4 1787068350.988119000 -1.000000   2.22045e-16 0.0299999 2.57732e-17   5.12991e-10 9.48721e-19 0.0001   0.000701
HR_6 1787068350.998120000 0.835676   0.789235 0.246112 0.0571665   0.0330132 0.0236009 0.0001   6.6e-05
QR_4 1787068350.998120000 -1.000000   2.22045e-16 0.0299999 2.57732e-17   5.12991e-10 9.48721e-19 0.0001   6.6e-05
HR_6 1787068351.008120000 0.835887   0.788409 0.246672 0.0627677   0.0361438 0.0328682 0.0001   7.1e-05
QR_4 1787068351.008120000 -1.000000   2.22045e-16 0.0299999 2.57732e-17   5.12991e-10 9.48721e-19 0.0001   7.1e-05
HR_6 1787068351.018120000 0.836009   0.7878 0.247064 0.0668815   0.0383552 0.0384095 0.0001   0.000257
QR_4 1787068351.018120000 -1.000000   2.22045e-16 0.0299999 2.57732e-17   5.12991e-10 9.48721e-19 0.0001   0.000257
HR_6 1787068351.028120000 0.836020   0.787165 0.247532 0.0717123   0.0412596 0.0441812 0.0001   6.6e-05
QR_4 1787068351.028120000 -1.000000   2.22045e-16 0.0299999 2.57732e-17   5.12991e-10 9.48721e-19 0.0001   6.6e-05
HR_6 1787068351.038120000 0.835909   0.786207 0.248099 0.0775161   0.0444814 0.0517429 0.0001   7.1e-05
QR_4 1787068351.038120000 -1.000000   2.22045e-16 0.0299999 2.57732e-17   5.12991e-10 9.48721e-19 0.0001   7.1e-05
HR_6 1787068351.048120000 0.835801   0.785462 0.248556 0.0822554   0.0469373 0.0581734 0.0001   0.00051
QR_4 1787068351.048120000 -1.000000   2.22045e-16 0.0299999 2.57732e-17   5.12991e-10 9.48721e-19 0.0001   0.00051
HR_6 1787068351.058120000 0.835661   0.784749 0.24904 0.087734   0.0502077 0.0647212 0.0001   8.1e-05
QR_4 1787068351.058120000 -1.000000   2.22045e-16 0.0299999 2.57732e-17   5.12991e-10 9.48721e-19 0.0001   8.1e-05
HR_6 1787068351.068120000 0.835523   0.784026 0.249513 0.0930022   0.05302 0.0711017 0.0001   0.000104
QR_4 1787068351.068120000 -1.000000   2.22045e-16 0.0299999 2.57732e-17   5.12991e-10 9.48721e-19 0.0001   0.000104
HR_6 1787068351.078120000 0.835321   0.783345 0.250045 0.098552   0.055856 0.0780399 0.0001   9.3e-05
QR_4 1787068351.078120000 -1.000000   2.22045e-16 0.0299999 2.57732e-17   5.12991e-10 9.48721e-19 0.0001   9.3e-05
HR_6 1787068351.088120000 0.834952   0.782484 0.250734 0.105538   0.059243 0.0871249 0.0001   7e-05
QR_4 1787068351.088120000 -1.000000   2.22045e-16 0.0299999 2.57732e-17   5.12991e-10 9.48721e-19 0.0001   7e-05
HR_6 1787068351.098121000 0.834670   0.781928 0.251115 0.108761   0.0607572 0.0925141 0.0001   0.000124
QR_4 1787068351.098121000 -1.000000   2.22045e-16 0.0299999 2.57732e-17   5.12991e-10 9.48721e-19 0.0001   0.000124
HR_6 1787068351.108121000 0.834174   0.780953 0.251707 0.114133   0.061857 0.101693 0.0001   8.4e-05
QR_4 1787068351.108121000 -1.000000   2.22045e-16 0.0299999 2.57732e-17   5.12991e-10 9.48721e-19 0.0001   8.4e-05
HR_6 1787068351.118121000 0.833705   0.780187 0.252225 0.118625   0.0631385 0.108692 0.0001   6.8e-05
QR_4 1787068351.118121000 -1.000000   2.22045e-16 0.0299999 2.57732e-17   5.12991e-10 9.48721e-19 0.0001   6.8e-05
HR_6 1787068351.128121000 0.833193   0.779397 0.252699 0.122667   0.0642175 0.115986 0.0001   5.5e-05
QR_4 1787068351.128121000 -1.000000   2.22045e-16 0.0299999 2.57732e-17   5.12991e-10 9.48721e-19 0.0001   5.5e-05
HR_6 1787068351.138121000 0.832518   0.778392 0.253296 0.127453   0.0650331 0.125475 0.0001   4.1e-05
QR_4 1787068351.138121000 -1.000000   2.22045e-16 0.0299999 2.57732e-17   5.12991e-10 9.48721e-19 0.0001   4.1e-05
HR_6 1787068351.148121000 0.831979   0.777615 0.2538 0.131497   0.0660539 0.132224 0.0001   7e-05
QR_4 1787068351.148121000 -1.000000   2.22045e-16 0.0299999 2.57732e-17   5.12991e-10 9.48721e-19 0.0001   7e-05
HR_6 1787068351.158121000 0.831418   0.776823 0.254283 0.13475   0.0672445 0.139703 0.0001   0.000106
QR_4 1787068351.158121000 -1.000000   2.22045e-16 0.0299999 2.57732e-17   5.12991e-10 9.48721e-19 0.0001   0.000106
HR_6 1787068351.168121000 0.830714   0.775735 0.254815 0.137972   0.0670713 0.149812 0.0001   6.9e-05
QR_4 1787068351.168121000 -1.000000   2.22045e-16 0.0299999 2.57732e-17   5.12991e-10 9.48721e-19 0.0001   6.9e-05
HR_6 1787068351.178121000 0.830193   0.774774 0.255158 0.140616   0.0657988 0.158071 0.0001   0.000384
QR_4 1787068351.178121000 -1.000000   2.22045e-16 0.0299999 2.57732e-17   5.12991e-10 9.48721e-19 0.0001   0.000384
HR_6 1787068351.188121000 0.829517   0.773534 0.255633 0.143631   0.0646475 0.168477 0.0001   7.7e-05
QR_4 1787068351.188121000 -1.000000   2.22045e-16 0.0299999 2.57732e-17   5.12991e-10 9.48721e-19 0.0001   7.7e-05
HR_6 1787068351.198122000 0.828991   0.772499 0.256009 0.146094   0.0641905 0.176865 0.0001   0.000102
QR_4 1787068351.198122000 -1.000000   2.22045e-16 0.0299999 2.57732e-17   5.12991e-10 9.48721e-19 0.0001   0.000102
HR_6 1787068351.208122000 0.828126   0.770939 0.256577 0.150702   0.065007 0.188647 0.0001   0.001861
QR_4 1787068351.208122000 -1.000000   2.22045e-16 0.0299999 2.57732e-17   5.12991e-10 9.48721e-19 0.0001   0.001861
HR_6 1787068351.218122000 0.827499   0.769937 0.256999 0.15457   0.0661132 0.1961 0.0001   0.002372
QR_4 1787068351.218122000 -1.000000   2.22045e-16 0.0299999 2.57732e-17   5.12991e-10 9.48721e-19 0.0001   0.002372
HR_6 1787068351.228122000 0.826888   0.768863 0.257401 0.158191   0.0668828 0.203517 0.0001   0.000138
QR_4 1787068351.228122000 -1.000000   2.22045e-16 0.0299999 2.57732e-17   5.12991e-10 9.48721e-19 0.0001   0.000138
HR_6 1787068351.238122000 0.826108   0.767511 0.257962 0.162559   0.0674679 0.212018 0.0001   7.8e-05
QR_4 1787068351.238122000 -1.000000   2.22045e-16 0.0299999 2.57732e-17   5.12991e-10 9.48721e-19 0.0001   7.8e-05
HR_6 1787068351.248122000 0.825328   0.766097 0.258523 0.166064   0.0665523 0.221426 0.0001   0.000103
QR_4 1787068351.248122000 -1.000000   2.22045e-16 0.0299999 2.57732e-17   5.12991e-10 9.48721e-19 0.0001   0.000103
HR_6 1787068351.258122000 0.824859   0.765221 0.258873 0.167557   0.0652992 0.226976 0.0001   7.1e-05
QR_4 1787068351.258122000 -1.000000   2.22045e-16 0.0299999 2.57732e-17   5.12991e-10 9.48721e-19 0.0001   7.1e-05
HR_6 1787068351.268122000 0.823919   0.763386 0.259563 0.17053   0.0631171 0.237866 0.0001   6.5e-05
QR_4 1787068351.268122000 -1.000000   2.22045e-16 0.0299999 2.57732e-17   5.12991e-10 9.48721e-19 0.0001   6.5e-05
HR_6 1787068351.278122000 0.823007   0.761487 0.260182 0.173611   0.0614219 0.248941 0.0001   0.003388
QR_4 1787068351.278122000 -1.000000   2.22045e-16 0.0299999 2.57732e-17   5.12991e-10 9.48721e-19 0.0001   0.003388
HR_6 1787068351.288122000 0.822720   0.760829 0.260353 0.174744   0.0610532 0.25268 0.0001   5.6e-05
QR_4 1787068351.288122000 -1.000000   2.22045e-16 0.0299999 2.57732e-17   5.12991e-10 9.48721e-19 0.0001   5.6e-05
HR_6 1787068351.298123000 0.821834   0.75878 0.2609 0.178726   0.0606569 0.263812 0.0001   6e-05
QR_4 1787068351.298123000 -1.000000   2.22045e-16 0.0299999 2.57732e-17   5.12991e-10 9.48721e-19 0.0001   6e-05
HR_6 1787068351.308123000 0.821048   0.757113 0.26143 0.182932   0.0612464 0.272051 0.0001   0.002371
QR_4 1787068351.308123000 -1.000000   2.22045e-16 0.0299999 2.57732e-17   5.12991e-10 9.48721e-19 0.0001   0.002371
HR_6 1787068351.318123000 0.820437   0.755771 0.26188 0.186633   0.060851 0.278544 0.0001   5e-05
QR_4 1787068351.318123000 -1.000000   2.22045e-16 0.0299999 2.57732e-17   5.12991e-10 9.48721e-19 0.0001   5e-05
HR_6 1787068351.328123000 0.819655   0.754062 0.262573 0.191034   0.060105 0.286498 0.0001   6.4e-05
QR_4 1787068351.328123000 -1.000000   2.22045e-16 0.0299999 2.57732e-17   5.12991e-10 9.48721e-19 0.0001   6.4e-05
HR_6 1787068351.338123000 0.819193   0.753058 0.262986 0.193673   0.059419 0.291059 0.0001   8.5e-05
QR_4 1787068351.338123000 -1.000000   2.22045e-16 0.0299999 2.57732e-17   5.12991e-10 9.48721e-19 0.0001   8.5e-05
HR_6 1787068351.348123000 0.818509   0.751753 0.263548 0.197172   0.0587478 0.297145 0.0001   9.5e-05
QR_4 1787068351.348123000 -1.000000   2.22045e-16 0.0299999 2.57732e-17   5.12991e-10 9.48721e-19 0.0001   9.5e-05
HR_6 1787068351.358123000 0.817692   0.750061 0.264201 0.200763   0.057093 0.304594 0.0001   0.000998
QR_4 1787068351.358123000 -1.000000   2.22045e-16 0.0299999 2.57732e-17   5.12991e-10 9.48721e-19 0.0001   0.000998
HR_6 1787068351.368123000 0.816911   0.748322 0.264824 0.202502   0.0546797 0.312572 0.0001   9.6e-05
QR_4 1787068351.368123000 -1.000000   2.22045e-16 0.0299999 2.57732e-17   5.12991e-10 9.48721e-19 0.0001   9.6e-05
HR_6 1787068351.378123000 0.816319   0.746884 0.265248 0.203274   0.0514914 0.319647 0.0001   6.7e-05
QR_4 1787068351.378123000 -1.000000   2.22045e-16 0.0299999 2.57732e-17   5.12991e-10 9.48721e-19 0.0001   6.7e-05
HR_6 1787068351.388123000 0.815859   0.745361 0.265609 0.203574   0.0474081 0.326885 0.0001   8.9e-05
QR_4 1787068351.388123000 -1.000000   2.22045e-16 0.0299999 2.57732e-17   5.12991e-10 9.48721e-19 0.0001   8.9e-05
HR_6 1787068351.398124000 0.815210   0.743012 0.266199 0.205164   0.0440342 0.3375 0.0001   6.4e-05
QR_4 1787068351.398124000 -1.000000   2.22045e-16 0.0299999 2.57732e-17   5.12991e-10 9.48721e-19 0.0001   6.4e-05
HR_6 1787068351.408124000 0.814790   0.741354 0.266523 0.206122   0.0424931 0.344631 0.0001   4.8e-05
QR_4 1787068351.408124000 -1.000000   2.22045e-16 0.0299999 2.57732e-17   5.12991e-10 9.48721e-19 0.0001   4.8e-05
HR_6 1787068351.418124000 0.814556   0.740049 0.266718 0.206834   0.0412117 0.349869 0.0001   7.4e-05
QR_4 1787068351.418124000 -1.000000   2.22045e-16 0.0299999 2.57732e-17   5.12991e-10 9.48721e-19 0.0001   7.4e-05
HR_6 1787068351.428124000 0.814257   0.737763 0.267011 0.207319   0.0391498 0.358577 0.0001   0.000103
QR_4 1787068351.428124000 -1.000000   2.22045e-16 0.0299999 2.57732e-17   5.12991e-10 9.48721e-19 0.0001   0.000103
HR_6 1787068351.438124000 0.813991   0.735376 0.267251 0.20756   0.0369474 0.367631 0.0001   0.00083
QR_4 1787068351.438124000 -1.000000   2.22045e-16 0.0299999 2.57732e-17   5.12991e-10 9.48721e-19 0.0001   0.00083
HR_6 1787068351.448124000 0.813834   0.733903 0.267399 0.207951   0.0363113 0.373043 0.0001   0.000466
QR_4 1787068351.448124000 -1.000000   2.22045e-16 0.0299999 2.57732e-17   5.12991e-10 9.48721e-19 0.0001   0.000466
HR_6 1787068351.458124000 0.813653   0.731899 0.267563 0.20874   0.0357797 0.379862 0.0001   7.8e-05
QR_4 1787068351.458124000 -1.000000   2.22045e-16 0.0299999 2.57732e-17   5.12991e-10 9.48721e-19 0.0001   7.8e-05
HR_6 1787068351.468124000 0.813416   0.729297 0.267793 0.209504   0.0344781 0.388221 0.0001   9.7e-05
QR_4 1787068351.468124000 -1.000000   2.22045e-16 0.0299999 2.57732e-17   5.12991e-10 9.48721e-19 0.0001   9.7e-05
HR_6 1787068351.478124000 0.813184   0.727217 0.268021 0.210708   0.0345295 0.393944 0.0001   8.2e-05
QR_4 1787068351.478124000 -1.000000   2.22045e-16 0.0299999 2.57732e-17   5.12991e-10 9.48721e-19 0.0001   8.2e-05
HR_6 1787068351.488124000 0.812941   0.725051 0.268216 0.212094   0.0334127 0.399817 0.0001   8.5e-05
QR_4 1787068351.488124000 -1.000000   2.22045e-16 0.0299999 2.57732e-17   5.12991e-10 9.48721e-19 0.0001   8.5e-05
HR_6 1787068351.498125000 0.812571   0.722938 0.268595 0.215295   0.0336059 0.405636 0.0001   8.2e-05
QR_4 1787068351.498125000 -1.000000   2.22045e-16 0.0299999 2.57732e-17   5.12991e-10 9.48721e-19 0.0001   8.2e-05
HR_6 1787068351.508125000 0.812241   0.720763 0.268963 0.217058   0.0334436 0.410897 0.0001   0.002339
QR_4 1787068351.508125000 -1.000000   2.22045e-16 0.0299999 2.57732e-17   5.12991e-10 9.48721e-19 0.0001   0.002339
HR_6 1787068351.518125000 0.811976   0.718504 0.269292 0.216267   0.0324334 0.416333 0.0001   8e-05
QR_4 1787068351.518125000 -1.000000   2.22045e-16 0.0299999 2.57732e-17   5.12991e-10 9.48721e-19 0.0001   8e-05
HR_6 1787068351.528125000 0.811679   0.715605 0.269589 0.214407   0.0299152 0.423901 0.0001   0.000121
QR_4 1787068351.528125000 -1.000000   2.22045e-16 0.0299999 2.57732e-17   5.12991e-10 9.48721e-19 0.0001   0.000121
HR_6 1787068351.538125000 0.811555   0.713787 0.269692 0.212636   0.0280216 0.428659 0.0001   5.9e-05
QR_4 1787068351.538125000 -1.000000   2.22045e-16 0.0299999 2.57732e-17   5.12991e-10 9.48721e-19 0.0001   5.9e-05
HR_6 1787068351.548125000 0.811447   0.711287 0.26974 0.210079   0.0256943 0.435342 0.0001   7.1e-05
QR_4 1787068351.548125000 -1.000000   2.22045e-16 0.0299999 2.57732e-17   5.12991e-10 9.48721e-19 0.0001   7.1e-05
HR_6 1787068351.558125000 0.811358   0.708027 0.26961 0.207809   0.0217025 0.44339 0.0001   0.002988
QR_4 1787068351.558125000 -1.000000   2.22045e-16 0.0299999 2.57732e-17   5.12991e-10 9.48721e-19 0.0001   0.002988
HR_6 1787068351.568125000 0.811358   0.705976 0.269473 0.207011   0.0191031 0.44849 0.0001   0.000188
QR_4 1787068351.568125000 -1.000000   2.22045e-16 0.0299999 2.57732e-17   5.12991e-10 9.48721e-19 0.0001   0.000188
HR_6 1787068351.578125000 0.811328   0.701825 0.269389 0.207418   0.0168367 0.458144 0.0001   7.2e-05
QR_4 1787068351.578125000 -1.000000   2.22045e-16 0.0299999 2.57732e-17   5.12991e-10 9.48721e-19 0.0001   7.2e-05
HR_6 1787068351.588125000 0.811279   0.699792 0.269474 0.208616   0.0177009 0.462649 0.0001   5.1e-05
QR_4 1787068351.588125000 -1.000000   2.22045e-16 0.0299999 2.57732e-17   5.12991e-10 9.48721e-19 0.0001   5.1e-05
HR_6 1787068351.598126000 0.811268   0.696277 0.26956 0.209601   0.0182881 0.470898 0.0001   4.5e-05
QR_4 1787068351.598126000 -1.000000   2.22045e-16 0.0299999 2.57732e-17   5.12991e-10 9.48721e-19 0.0001   4.5e-05
HR_6 1787068351.608126000 0.811267   0.692681 0.269623 0.209741   0.0174269 0.477928 0.0001   3.2e-05
QR_4 1787068351.608126000 -1.000000   2.22045e-16 0.0299999 2.57732e-17   5.12991e-10 9.48721e-19 0.0001   3.2e-05
HR_6 1787068351.618126000 0.811234   0.689021 0.269762 0.209262   0.0155691 0.484106 0.0001   5.1e-05
QR_4 1787068351.618126000 -1.000000   2.22045e-16 0.0299999 2.57732e-17   5.12991e-10 9.48721e-19 0.0001   5.1e-05
HR_6 1787068351.628126000 0.811192   0.686039 0.26989 0.208641   0.0138247 0.489196 0.0001   6.8e-05
QR_4 1787068351.628126000 -1.000000   2.22045e-16 0.0299999 2.57732e-17   5.12991e-10 9.48721e-19 0.0001   6.8e-05
HR_6 1787068351.638126000 0.811190   0.682994 0.269985 0.207044   0.0117692 0.494176 0.0001   3.9e-05
QR_4 1787068351.638126000 -1.000000   2.22045e-16 0.0299999 2.57732e-17   5.12991e-10 9.48721e-19 0.0001   3.9e-05
HR_6 1787068351.648126000 0.811243   0.679045 0.269982 0.204187   0.00874208 0.500907 0.0001   6.3e-05
QR_4 1787068351.648126000 -1.000000   2.22045e-16 0.0299999 2.57732e-17   5.12991e-10 9.48721e-19 0.0001   6.3e-05
HR_6 1787068351.658126000 0.811364   0.675798 0.269895 0.201975   0.00544003 0.50652 0.0001   5.6e-05
QR_4 1787068351.658126000 -1.000000   2.22045e-16 0.0299999 2.57732e-17   5.12991e-10 9.48721e-19 0.0001   5.6e-05
HR_6 1787068351.668126000 0.811556   0.671728 0.269812 0.199331   0.00284047 0.513357 0.0001   0.000103
QR_4 1787068351.668126000 -1.000000   2.22045e-16 0.0299999 2.57732e-17   5.12991e-10 9.48721e-19 0.0001   0.000103
HR_6 1787068351.678126000 0.811721   0.667611 0.269732 0.196912   0.00207601 0.520689 0.0001   6.9e-05
QR_4 1787068351.678126000 -1.000000   2.22045e-16 0.0299999 2.57732e-17   5.12991e-10 9.48721e-19 0.0001   6.9e-05
HR_6 1787068351.688126000 0.811859   0.665049 0.269636 0.196112   0.000766982 0.525127 0.0001   5.9e-05
QR_4 1787068351.688126000 -1.000000   2.22045e-16 0.0299999 2.57732e-17   5.12991e-10 9.48721e-19 0.0001   5.9e-05
HR_6 1787068351.698127000 0.812065   0.660768 0.26965 0.196351   0.000470171 0.531579 0.0001   0.001086
QR_4 1787068351.698127000 -1.000000   2.22045e-16 0.0299999 2.57732e-17   5.12991e-10 9.48721e-19 0.0001   0.001086
HR_6 1787068351.708127000 0.812226   0.656438 0.269711 0.196802   0.000922446 0.538285 0.0001   8.2e-05
QR_4 1787068351.708127000 -1.000000   2.22045e-16 0.0299999 2.57732e-17   5.12991e-10 9.48721e-19 0.0001   8.2e-05
HR_6 1787068351.718127000 0.812347   0.652902 0.269706 0.196624   0.000467346 0.544159 0.0001   6.3e-05
QR_4 1787068351.718127000 -1.000000   2.22045e-16 0.0299999 2.57732e-17   5.12991e-10 9.48721e-19 0.0001   6.3e-05
HR_6 1787068351.728127000 0.812480   0.648408 0.269723 0.196528   -6.72124e-05 0.550887 0.0001   7.3e-05
QR_4 1787068351.728127000 -1.000000   2.22045e-16 0.0299999 2.57732e-17   5.12991e-10 9.48721e-19 0.0001   7.3e-05
HR_6 1787068351.738127000 0.812575   0.644757 0.269747 0.196468   -0.000450249 0.555736 0.0001   5.1e-05
QR_4 1787068351.738127000 -1.000000   2.22045e-16 0.0299999 2.57732e-17   5.12991e-10 9.48721e-19 0.0001   5.1e-05
HR_6 1787068351.748127000 0.812733   0.639156 0.269744 0.195218   -0.00182176 0.563781 0.0001   0.002673
QR_4 1787068351.748127000 -1.000000   2.22045e-16 0.0299999 2.57732e-17   5.12991e-10 9.48721e-19 0.0001   0.002673
HR_6 1787068351.758127000 0.812796   0.637258 0.269742 0.194744   -0.00241069 0.566383 0.0001   0.000104
QR_4 1787068351.758127000 -1.000000   2.22045e-16 0.0299999 2.57732e-17   5.12991e-10 9.48721e-19 0.0001   0.000104
HR_6 1787068351.768127000 0.812962   0.632505 0.26984 0.193901   -0.00389674 0.572499 0.0001   9.1e-05
QR_4 1787068351.768127000 -1.000000   2.22045e-16 0.0299999 2.57732e-17   5.12991e-10 9.48721e-19 0.0001   9.1e-05
HR_6 1787068351.778127000 0.813136   0.628592 0.26986 0.192423   -0.00528879 0.57793 0.0001   0.000124
QR_4 1787068351.778127000 -1.000000   2.22045e-16 0.0299999 2.57732e-17   5.12991e-10 9.48721e-19 0.0001   0.000124
HR_6 1787068351.788127000 0.813326   0.624637 0.269776 0.190183   -0.0067761 0.583454 0.0001   6.8e-05
QR_4 1787068351.788127000 -1.000000   2.22045e-16 0.0299999 2.57732e-17   5.12991e-10 9.48721e-19 0.0001   6.8e-05
HR_6 1787068351.798128000 0.813582   0.620625 0.269637 0.187838   -0.00868973 0.589717 0.0001   0.0002
QR_4 1787068351.798128000 -1.000000   2.22045e-16 0.0299999 2.57732e-17   5.12991e-10 9.48721e-19 0.0001   0.0002
HR_6 1787068351.808128000 0.814077   0.614398 0.269308 0.18386   -0.0115582 0.599382 0.0001   7.8e-05
QR_4 1787068351.808128000 -1.000000   2.22045e-16 0.0299999 2.57732e-17   5.12991e-10 9.48721e-19 0.0001   7.8e-05
HR_6 1787068351.818128000 0.814387   0.61019 0.269068 0.182003   -0.0127477 0.60553 0.0001   7.5e-05
QR_4 1787068351.818128000 -1.000000   2.22045e-16 0.0299999 2.57732e-17   5.12991e-10 9.48721e-19 0.0001   7.5e-05
HR_6 1787068351.828128000 0.814675   0.606009 0.268951 0.181687   -0.0117785 0.6116 0.0001   6.9e-05
QR_4 1787068351.828128000 -1.000000   2.22045e-16 0.0299999 2.57732e-17   5.12991e-10 9.48721e-19 0.0001   6.9e-05
HR_6 1787068351.838128000 0.815129   0.60066 0.268759 0.180934   -0.010866 0.619299 0.0001   7.8e-05
QR_4 1787068351.838128000 -1.000000   2.22045e-16 0.0299999 2.57732e-17   5.12991e-10 9.48721e-19 0.0001   7.8e-05
HR_6 1787068351.848128000 0.815448   0.596316 0.268613 0.180352   -0.00999877 0.624908 0.0001   0.000125
QR_4 1787068351.848128000 -1.000000   2.22045e-16 0.0299999 2.57732e-17   5.12991e-10 9.48721e-19 0.0001   0.000125
HR_6 1787068351.858128000 0.815675   0.593028 0.268535 0.17983   -0.00983306 0.628933 0.0001   7.1e-05
QR_4 1787068351.858128000 -1.000000   2.22045e-16 0.0299999 2.57732e-17   5.12991e-10 9.48721e-19 0.0001   7.1e-05
HR_6 1787068351.868128000 0.816014   0.587472 0.268472 0.178485   -0.0110049 0.635223 0.0001   0.000243
QR_4 1787068351.868128000 -1.000000   2.22045e-16 0.0299999 2.57732e-17   5.12991e-10 9.48721e-19 0.0001   0.000243
HR_6 1787068351.878128000 0.816364   0.5818 0.268403 0.176873   -0.0120597 0.641117 0.0001   0.001982
QR_4 1787068351.878128000 -1.000000   2.22045e-16 0.0299999 2.57732e-17   5.12991e-10 9.48721e-19 0.0001   0.001982
HR_6 1787068351.888128000 0.816702   0.57716 0.268262 0.175156   -0.0131315 0.645895 0.0001   4.1e-05
QR_4 1787068351.888128000 -1.000000   2.22045e-16 0.0299999 2.57732e-17   5.12991e-10 9.48721e-19 0.0001   4.1e-05
HR_6 1787068351.898129000 0.817082   0.572516 0.26808 0.172956   -0.014462 0.651272 0.0001   4.8e-05
QR_4 1787068351.898129000 -1.000000   2.22045e-16 0.0299999 2.57732e-17   5.12991e-10 9.48721e-19 0.0001   4.8e-05
HR_6 1787068351.908129000 0.817467   0.567787 0.267905 0.171048   -0.0153472 0.656635 0.0001   0.000395
QR_4 1787068351.908129000 -1.000000   2.22045e-16 0.0299999 2.57732e-17   5.12991e-10 9.48721e-19 0.0001   0.000395
HR_6 1787068351.918129000 0.817995   0.561744 0.267633 0.168289   -0.0155102 0.663117 0.0001   7.7e-05
QR_4 1787068351.918129000 -1.000000   2.22045e-16 0.0299999 2.57732e-17   5.12991e-10 9.48721e-19 0.0001   7.7e-05
HR_6 1787068351.928129000 0.818615   0.555594 0.267219 0.165186   -0.0165219 0.670236 0.0001   0.000175
QR_4 1787068351.928129000 -1.000000   2.22045e-16 0.0299999 2.57732e-17   5.12991e-10 9.48721e-19 0.0001   0.000175
HR_6 1787068351.938129000 0.819093   0.550617 0.266967 0.163675   -0.0166801 0.675985 0.0001   0.001064
QR_4 1787068351.938129000 -1.000000   2.22045e-16 0.0299999 2.57732e-17   5.12991e-10 9.48721e-19 0.0001   0.001064
HR_6 1787068351.948129000 0.819618   0.54441 0.266804 0.162593   -0.0156775 0.682195 0.0001   7e-05
QR_4 1787068351.948129000 -1.000000   2.22045e-16 0.0299999 2.57732e-17   5.12991e-10 9.48721e-19 0.0001   7e-05
HR_6 1787068351.958129000 0.820087   0.539364 0.266592 0.161267   -0.0153743 0.687639 0.0001   6.9e-05
QR_4 1787068351.958129000 -1.000000   2.22045e-16 0.0299999 2.57732e-17   5.12991e-10 9.48721e-19 0.0001   6.9e-05
HR_6 1787068351.968129000 0.820729   0.532923 0.266239 0.159131   -0.0153135 0.695566 0.0001   6.2e-05
QR_4 1787068351.968129000 -1.000000   2.22045e-16 0.0299999 2.57732e-17   5.12991e-10 9.48721e-19 0.0001   6.2e-05
HR_6 1787068351.978129000 0.821345   0.526499 0.265953 0.156981   -0.0152654 0.702096 0.0001   0.000102
QR_4 1787068351.978129000 -1.000000   2.22045e-16 0.0299999 2.57732e-17   5.12991e-10 9.48721e-19 0.0001   0.000102
HR_6 1787068351.988129000 0.821880   0.521316 0.265692 0.154931   -0.015488 0.707058 0.0001   6.2e-05
QR_4 1787068351.988129000 -1.000000   2.22045e-16 0.0299999 2.57732e-17   5.12991e-10 9.48721e-19 0.0001   6.2e-05
HR_6 1787068351.998130000 0.822647   0.513468 0.265363 0.152444   -0.0155676 0.71461 0.0001   5.8e-05
QR_4 1787068351.998130000 -1.000000   2.22045e-16 0.0299999 2.57732e-17   5.12991e-10 9.48721e-19 0.0001   5.8e-05
HR_6 1787068352.008130000 0.823027   0.50955 0.265215 0.151424   -0.0155005 0.717969 0.0001   0.000388
QR_4 1787068352.008130000 -1.000000   2.22045e-16 0.0299999 2.57732e-17   5.12991e-10 9.48721e-19 0.0001   0.000388
HR_6 1787068352.018130000 0.823700   0.502994 0.265052 0.150548   -0.0150749 0.723562 0.0001   6.3e-05
QR_4 1787068352.018130000 -1.000000   2.22045e-16 0.0299999 2.57732e-17   5.12991e-10 9.48721e-19 0.0001   6.3e-05
HR_6 1787068352.028130000 0.824352   0.496341 0.264949 0.150137   -0.0145005 0.729673 0.0001   8e-05
QR_4 1787068352.028130000 -1.000000   2.22045e-16 0.0299999 2.57732e-17   5.12991e-10 9.48721e-19 0.0001   8e-05
HR_6 1787068352.038130000 0.824910   0.490981 0.264801 0.149309   -0.0143073 0.734466 0.0001   4.6e-05
QR_4 1787068352.038130000 -1.000000   2.22045e-16 0.0299999 2.57732e-17   5.12991e-10 9.48721e-19 0.0001   4.6e-05
HR_6 1787068352.048130000 0.825611   0.484207 0.264625 0.147771   -0.0139398 0.740502 0.0001   4.1e-05
QR_4 1787068352.048130000 -1.000000   2.22045e-16 0.0299999 2.57732e-17   5.12991e-10 9.48721e-19 0.0001   4.1e-05
HR_6 1787068352.058130000 0.826348   0.47733 0.264369 0.14604   -0.014485 0.746378 0.0001   0.002364
QR_4 1787068352.058130000 -1.000000   2.22045e-16 0.0299999 2.57732e-17   5.12991e-10 9.48721e-19 0.0001   0.002364
HR_6 1787068352.068130000 0.826819   0.473177 0.264166 0.144463   -0.0147487 0.750074 0.0001   5e-05
QR_4 1787068352.068130000 -1.000000   2.22045e-16 0.0299999 2.57732e-17   5.12991e-10 9.48721e-19 0.0001   5e-05
HR_6 1787068352.078130000 0.827444   0.467583 0.263872 0.142301   -0.0148494 0.755134 0.0001   3.7e-05
QR_4 1787068352.078130000 -1.000000   2.22045e-16 0.0299999 2.57732e-17   5.12991e-10 9.48721e-19 0.0001   3.7e-05
HR_6 1787068352.088130000 0.828182   0.460613 0.263602 0.139992   -0.015027 0.761301 0.0001   8e-05
QR_4 1787068352.088130000 -1.000000   2.22045e-16 0.0299999 2.57732e-17   5.12991e-10 9.48721e-19 0.0001   8e-05
HR_6 1787068352.098131000 0.828977   0.453521 0.263235 0.137085   -0.0145799 0.767618 0.0001   4.5e-05
QR_4 1787068352.098131000 -1.000000   2.22045e-16 0.0299999 2.57732e-17   5.12991e-10 9.48721e-19 0.0001   4.5e-05
HR_6 1787068352.108131000 0.829693   0.447789 0.262853 0.134374   -0.0149058 0.772594 0.0001   0.00168
QR_4 1787068352.108131000 -1.000000   2.22045e-16 0.0299999 2.57732e-17   5.12991e-10 9.48721e-19 0.0001   0.00168
HR_6 1787068352.118131000 0.830650   0.44061 0.262347 0.131278   -0.0156283 0.778686 0.0001   5.5e-05
QR_4 1787068352.118131000 -1.000000   2.22045e-16 0.0299999 2.57732e-17   5.12991e-10 9.48721e-19 0.0001   5.5e-05
HR_6 1787068352.128131000 0.831594   0.433398 0.261908 0.128391   -0.0152132 0.784461 0.0001   9.5e-05
QR_4 1787068352.128131000 -1.000000   2.22045e-16 0.0299999 2.57732e-17   5.12991e-10 9.48721e-19 0.0001   9.5e-05
HR_6 1787068352.138131000 0.832485   0.426192 0.2615 0.125898   -0.0146432 0.790688 0.0001   4.7e-05
QR_4 1787068352.138131000 -1.000000   2.22045e-16 0.0299999 2.57732e-17   5.12991e-10 9.48721e-19 0.0001   4.7e-05
HR_6 1787068352.148131000 0.833370   0.418985 0.261155 0.123939   -0.0141605 0.797077 0.0001   4e-05
QR_4 1787068352.148131000 -1.000000   2.22045e-16 0.0299999 2.57732e-17   5.12991e-10 9.48721e-19 0.0001   4e-05
HR_6 1787068352.158131000 0.834243   0.411765 0.2609 0.122454   -0.0132452 0.802653 0.0001   0.00376
QR_4 1787068352.158131000 -1.000000   2.22045e-16 0.0299999 2.57732e-17   5.12991e-10 9.48721e-19 0.0001   0.00376
HR_6 1787068352.168131000 0.834787   0.407429 0.260768 0.121234   -0.0127751 0.805607 0.0001   5.2e-05
QR_4 1787068352.168131000 -1.000000   2.22045e-16 0.0299999 2.57732e-17   5.12991e-10 9.48721e-19 0.0001   5.2e-05
HR_6 1787068352.178131000 0.835735   0.400154 0.260466 0.119032   -0.0129493 0.811133 0.0001   4.3e-05
QR_4 1787068352.178131000 -1.000000   2.22045e-16 0.0299999 2.57732e-17   5.12991e-10 9.48721e-19 0.0001   4.3e-05
HR_6 1787068352.188131000 0.836937   0.391274 0.259919 0.114626   -0.0131312 0.817775 0.0001   3.7e-05
QR_4 1787068352.188131000 -1.000000   2.22045e-16 0.0299999 2.57732e-17   5.12991e-10 9.48721e-19 0.0001   3.7e-05
HR_6 1787068352.198132000 0.837792   0.385297 0.259451 0.1116   -0.0136333 0.822168 0.0001   2.3e-05
QR_4 1787068352.198132000 -1.000000   2.22045e-16 0.0299999 2.57732e-17   5.12991e-10 9.48721e-19 0.0001   2.3e-05
HR_6 1787068352.208132000 0.839085   0.376266 0.25872 0.107212   -0.0145002 0.829216 0.0001   0.00241
QR_4 1787068352.208132000 -1.000000   2.22045e-16 0.0299999 2.57732e-17   5.12991e-10 9.48721e-19 0.0001   0.00241
HR_6 1787068352.218132000 0.839682   0.371783 0.258447 0.105058   -0.014641 0.832595 0.0001   0.000464
QR_4 1787068352.218132000 -1.000000   2.22045e-16 0.0299999 2.57732e-17   5.12991e-10 9.48721e-19 0.0001   0.000464
HR_6 1787068352.228132000 0.840750   0.364243 0.257984 0.102002   -0.0148992 0.838568 0.0001   5.5e-05
QR_4 1787068352.228132000 -1.000000   2.22045e-16 0.0299999 2.57732e-17   5.12991e-10 9.48721e-19 0.0001   5.5e-05
HR_6 1787068352.238132000 0.841580   0.358241 0.25765 0.0996419   -0.0150882 0.84338 0.0001   0.001745
QR_4 1787068352.238132000 -1.000000   2.22045e-16 0.0299999 2.57732e-17   5.12991e-10 9.48721e-19 0.0001   0.001745
HR_6 1787068352.248132000 0.842506   0.350813 0.257335 0.0975153   -0.0142568 0.848853 0.0001   0.000171
QR_4 1787068352.248132000 -1.000000   2.22045e-16 0.0299999 2.57732e-17   5.12991e-10 9.48721e-19 0.0001   0.000171
HR_6 1787068352.258132000 0.843513   0.343292 0.256935 0.0954819   -0.0140791 0.854644 0.0001   0.00013
QR_4 1787068352.258132000 -1.000000   2.22045e-16 0.0299999 2.57732e-17   5.12991e-10 9.48721e-19 0.0001   0.00013
HR_6 1787068352.268132000 0.844474   0.335757 0.25658 0.0936887   -0.0136117 0.860085 0.0001   0.000173
QR_4 1787068352.268132000 -1.000000   2.22045e-16 0.0299999 2.57732e-17   5.12991e-10 9.48721e-19 0.0001   0.000173
HR_6 1787068352.278132000 0.845220   0.329815 0.256364 0.0924557   -0.0129396 0.864454 0.0001   0.001236
QR_4 1787068352.278132000 -1.000000   2.22045e-16 0.0299999 2.57732e-17   5.12991e-10 9.48721e-19 0.0001   0.001236
HR_6 1787068352.288132000 0.845965   0.323881 0.256086 0.0912195   -0.0123196 0.868969 0.0001   5.9e-05
QR_4 1787068352.288132000 -1.000000   2.22045e-16 0.0299999 2.57732e-17   5.12991e-10 9.48721e-19 0.0001   5.9e-05
HR_6 1787068352.298133000 0.847008   0.314962 0.255733 0.0893687   -0.0115475 0.874898 0.0001   0.001233
QR_4 1787068352.298133000 -1.000000   2.22045e-16 0.0299999 2.57732e-17   5.12991e-10 9.48721e-19 0.0001   0.001233
HR_6 1787068352.308133000 0.847477   0.310552 0.255651 0.089077   -0.0111589 0.877866 0.0001   0.000608
QR_4 1787068352.308133000 -1.000000   2.22045e-16 0.0299999 2.57732e-17   5.12991e-10 9.48721e-19 0.0001   0.000608
HR_6 1787068352.318133000 0.848428   0.301753 0.255463 0.0886427   -0.0101414 0.885043 0.0001   5.6e-05
QR_4 1787068352.318133000 -1.000000   2.22045e-16 0.0299999 2.57732e-17   5.12991e-10 9.48721e-19 0.0001   5.6e-05
HR_6 1787068352.328133000 0.848889   0.297353 0.255369 0.0881977   -0.00984407 0.888355 0.0001   7.3e-05
QR_4 1787068352.328133000 -1.000000   2.22045e-16 0.0299999 2.57732e-17   5.12991e-10 9.48721e-19 0.0001   7.3e-05
HR_6 1787068352.338133000 0.849500   0.291492 0.255193 0.0871002   -0.00959281 0.8932 0.0001   5.6e-05
QR_4 1787068352.338133000 -1.000000   2.22045e-16 0.0299999 2.57732e-17   5.12991e-10 9.48721e-19 0.0001   5.6e-05
HR_6 1787068352.348133000 0.850256   0.28416 0.254974 0.0859229   -0.00917061 0.899621 0.0001   7.6e-05
QR_4 1787068352.348133000 -1.000000   2.22045e-16 0.0299999 2.57732e-17   5.12991e-10 9.48721e-19 0.0001   7.6e-05
HR_6 1787068352.358133000 0.851119   0.275389 0.254745 0.0841685   -0.00929375 0.906872 0.0001   6.6e-05
QR_4 1787068352.358133000 -1.000000   2.22045e-16 0.0299999 2.57732e-17   5.12991e-10 9.48721e-19 0.0001   6.6e-05
HR_6 1787068352.368133000 0.851840   0.268072 0.254538 0.0832143   -0.00919099 0.912745 0.0001   0.00052
QR_4 1787068352.368133000 -1.000000   2.22045e-16 0.0299999 2.57732e-17   5.12991e-10 9.48721e-19 0.0001   0.00052
HR_6 1787068352.378133000 0.852520   0.260773 0.254354 0.0821123   -0.00896426 0.918675 0.0001   7e-05
QR_4 1787068352.378133000 -1.000000   2.22045e-16 0.0299999 2.57732e-17   5.12991e-10 9.48721e-19 0.0001   7e-05
HR_6 1787068352.388133000 0.853042   0.254949 0.254238 0.0812326   -0.00878531 0.92327 0.0001   0.002031
QR_4 1787068352.388133000 -1.000000   2.22045e-16 0.0299999 2.57732e-17   5.12991e-10 9.48721e-19 0.0001   0.002031
HR_6 1787068352.398134000 0.853581   0.24909 0.254056 0.079967   -0.00856037 0.927771 0.0001   6.1e-05
QR_4 1787068352.398134000 -1.000000   2.22045e-16 0.0299999 2.57732e-17   5.12991e-10 9.48721e-19 0.0001   6.1e-05
HR_6 1787068352.408134000 0.854260   0.241701 0.253712 0.0782076   -0.00841835 0.933535 0.0001   0.000185
QR_4 1787068352.408134000 -1.000000   2.22045e-16 0.0299999 2.57732e-17   5.12991e-10 9.48721e-19 0.0001   0.000185
HR_6 1787068352.418134000 0.854916   0.234341 0.253406 0.076614   -0.00803623 0.939216 0.0001   7.3e-05
QR_4 1787068352.418134000 -1.000000   2.22045e-16 0.0299999 2.57732e-17   5.12991e-10 9.48721e-19 0.0001   7.3e-05
HR_6 1787068352.428134000 0.855412   0.228482 0.25317 0.075404   -0.00719346 0.943991 0.0001   5.6e-05
QR_4 1787068352.428134000 -1.000000   2.22045e-16 0.0299999 2.57732e-17   5.12991e-10 9.48721e-19 0.0001   5.6e-05
HR_6 1787068352.438134000 0.856101   0.219682 0.252827 0.0740118   -0.00629305 0.951346 0.0001   4.6e-05
QR_4 1787068352.438134000 -1.000000   2.22045e-16 0.0299999 2.57732e-17   5.12991e-10 9.48721e-19 0.0001   4.6e-05
HR_6 1787068352.448134000 0.856482   0.213889 0.252709 0.0739746   -0.00514852 0.95602 0.0001   6.1e-05
QR_4 1787068352.448134000 -1.000000   2.22045e-16 0.0299999 2.57732e-17   5.12991e-10 9.48721e-19 0.0001   6.1e-05
HR_6 1787068352.458134000 0.856827   0.208118 0.252654 0.0740644   -0.00424883 0.959771 0.0001   6.1e-05
QR_4 1787068352.458134000 -1.000000   2.22045e-16 0.0299999 2.57732e-17   5.12991e-10 9.48721e-19 0.0001   6.1e-05
HR_6 1787068352.468134000 0.857256   0.200885 0.252569 0.0736524   -0.00410746 0.964 0.0001   6.2e-05
QR_4 1787068352.468134000 -1.000000   2.22045e-16 0.0299999 2.57732e-17   5.12991e-10 9.48721e-19 0.0001   6.2e-05
HR_6 1787068352.478134000 0.857552   0.195138 0.252596 0.0738086   -0.00401005 0.96713 0.0001   5e-05
QR_4 1787068352.478134000 -1.000000   2.22045e-16 0.0299999 2.57732e-17   5.12991e-10 9.48721e-19 0.0001   5e-05
HR_6 1787068352.488134000 0.857842   0.188001 0.252774 0.0742205   -0.00492433 0.970291 0.0001   3.3e-05
QR_4 1787068352.488134000 -1.000000   2.22045e-16 0.0299999 2.57732e-17   5.12991e-10 9.48721e-19 0.0001   3.3e-05
HR_6 1787068352.498135000 0.858173   0.180876 0.252921 0.0741912   -0.0060879 0.97329 0.0001   4.4e-05
QR_4 1787068352.498135000 -1.000000   2.22045e-16 0.0299999 2.57732e-17   5.12991e-10 9.48721e-19 0.0001   4.4e-05
HR_6 1787068352.508135000 0.858496   0.173717 0.252962 0.0740871   -0.00752588 0.976808 0.0001   8.3e-05
QR_4 1787068352.508135000 -1.000000   2.22045e-16 0.0299999 2.57732e-17   5.12991e-10 9.48721e-19 0.0001   8.3e-05
HR_6 1787068352.518135000 0.858727   0.16807 0.253058 0.0741679   -0.00797866 0.979605 0.0001   5.1e-05
QR_4 1787068352.518135000 -1.000000   2.22045e-16 0.0299999 2.57732e-17   5.12991e-10 9.48721e-19 0.0001   5.1e-05
HR_6 1787068352.528135000 0.859089   0.160959 0.253098 0.0744667   -0.00834373 0.983814 0.0001   5.7e-05
QR_4 1787068352.528135000 -1.000000   2.22045e-16 0.0299999 2.57732e-17   5.12991e-10 9.48721e-19 0.0001   5.7e-05
HR_6 1787068352.538135000 0.859406   0.153819 0.25316 0.0746366   -0.00833542 0.98802 0.0001   0.000128
QR_4 1787068352.538135000 -1.000000   2.22045e-16 0.0299999 2.57732e-17   5.12991e-10 9.48721e-19 0.0001   0.000128
HR_6 1787068352.548135000 0.859625   0.149525 0.253187 0.0748176   -0.00859033 0.990614 0.0001   0.001202
QR_4 1787068352.548135000 -1.000000   2.22045e-16 0.0299999 2.57732e-17   5.12991e-10 9.48721e-19 0.0001   0.001202
HR_6 1787068352.558135000 0.860106   0.140942 0.253254 0.0749   -0.00940425 0.996361 0.0001   4e-05
QR_4 1787068352.558135000 -1.000000   2.22045e-16 0.0299999 2.57732e-17   5.12991e-10 9.48721e-19 0.0001   4e-05
HR_6 1787068352.568135000 0.860373   0.135213 0.253309 0.0747293   -0.009818 0.999628 0.0001   0.000123
QR_4 1787068352.568135000 -1.000000   2.22045e-16 0.0299999 2.57732e-17   5.12991e-10 9.48721e-19 0.0001   0.000123
HR_6 1787068352.578135000 0.860579   0.130896 0.253387 0.0749871   -0.0106487 1.00203 0.0001   0.000559
QR_4 1787068352.578135000 -1.000000   2.22045e-16 0.0299999 2.57732e-17   5.12991e-10 9.48721e-19 0.0001   0.000559
HR_6 1787068352.588135000 0.860881   0.125164 0.253498 0.0748677   -0.0112747 1.00587 0.0001   0.000198
QR_4 1787068352.588135000 -1.000000   2.22045e-16 0.0299999 2.57732e-17   5.12991e-10 9.48721e-19 0.0001   0.000198
HR_6 1787068352.598136000 0.861207   0.119369 0.253605 0.0750894   -0.0126106 1.00942 0.0001   0.000134
QR_4 1787068352.598136000 -1.000000   2.22045e-16 0.0299999 2.57732e-17   5.12991e-10 9.48721e-19 0.0001   0.000134
HR_6 1787068352.608136000 0.861498   0.1122 0.253968 0.0761637   -0.0138413 1.01305 0.0001   4.3e-05
QR_4 1787068352.608136000 -1.000000   2.22045e-16 0.0299999 2.57732e-17   5.12991e-10 9.48721e-19 0.0001   4.3e-05
HR_6 1787068352.618136000 0.861848   0.104991 0.254259 0.0766163   -0.015152 1.01682 0.0001   4.4e-05
QR_4 1787068352.618136000 -1.000000   2.22045e-16 0.0299999 2.57732e-17   5.12991e-10 9.48721e-19 0.0001   4.4e-05
HR_6 1787068352.628136000 0.862159   0.0992071 0.254385 0.0761788   -0.0160035 1.01971 0.0001   0.000328
QR_4 1787068352.628136000 -1.000000   2.22045e-16 0.0299999 2.57732e-17   5.12991e-10 9.48721e-19 0.0001   0.000328
HR_6 1787068352.638136000 0.862481   0.0933952 0.254401 0.0759137   -0.0164087 1.02279 0.0001   4.1e-05
QR_4 1787068352.638136000 -1.000000   2.22045e-16 0.0299999 2.57732e-17   5.12991e-10 9.48721e-19 0.0001   4.1e-05
HR_6 1787068352.648136000 0.862857   0.0875806 0.254336 0.0755283   -0.0168374 1.02628 0.0001   2.5e-05
QR_4 1787068352.648136000 -1.000000   2.22045e-16 0.0299999 2.57732e-17   5.12991e-10 9.48721e-19 0.0001   2.5e-05
HR_6 1787068352.658136000 0.863497   0.0787947 0.254062 0.0744402   -0.0182214 1.03124 0.0001   4.6e-05
QR_4 1787068352.658136000 -1.000000   2.22045e-16 0.0299999 2.57732e-17   5.12991e-10 9.48721e-19 0.0001   4.6e-05
HR_6 1787068352.668136000 0.863759   0.074414 0.253984 0.0740304   -0.0180593 1.03412 0.0001   0.00122
QR_4 1787068352.668136000 -1.000000   2.22045e-16 0.0299999 2.57732e-17   5.12991e-10 9.48721e-19 0.0001   0.00122
HR_6 1787068352.678136000 0.864160   0.0671078 0.253894 0.0733186   -0.0177306 1.03896 0.0001   6.1e-05
QR_4 1787068352.678136000 -1.000000   2.22045e-16 0.0299999 2.57732e-17   5.12991e-10 9.48721e-19 0.0001   6.1e-05
HR_6 1787068352.688136000 0.864583   0.0597368 0.253723 0.0722901   -0.0179184 1.04334 0.0001   0.002312
QR_4 1787068352.688136000 -1.000000   2.22045e-16 0.0299999 2.57732e-17   5.12991e-10 9.48721e-19 0.0001   0.002312
HR_6 1787068352.698137000 0.864892   0.0538718 0.253648 0.0714512   -0.0184904 1.04665 0.0001   4.7e-05
QR_4 1787068352.698137000 -1.000000   2.22045e-16 0.0299999 2.57732e-17   5.12991e-10 9.48721e-19 0.0001   4.7e-05
HR_6 1787068352.708137000 0.865139   0.0480563 0.253639 0.0710931   -0.0187305 1.05053 0.0001   7.1e-05
QR_4 1787068352.708137000 -1.000000   2.22045e-16 0.0299999 2.57732e-17   5.12991e-10 9.48721e-19 0.0001   7.1e-05
HR_6 1787068352.718137000 0.865434   0.042209 0.253583 0.0704293   -0.0190126 1.05391 0.0001   2.9e-05
QR_4 1787068352.718137000 -1.000000   2.22045e-16 0.0299999 2.57732e-17   5.12991e-10 9.48721e-19 0.0001   2.9e-05
HR_6 1787068352.728137000 0.865863   0.0348155 0.253413 0.0690283   -0.0190543 1.05775 0.0001   2.5e-05
QR_4 1787068352.728137000 -1.000000   2.22045e-16 0.0299999 2.57732e-17   5.12991e-10 9.48721e-19 0.0001   2.5e-05
HR_6 1787068352.738137000 0.866210   0.0289117 0.253242 0.0682921   -0.0199948 1.06088 0.0001   8.2e-05
QR_4 1787068352.738137000 -1.000000   2.22045e-16 0.0299999 2.57732e-17   5.12991e-10 9.48721e-19 0.0001   8.2e-05
HR_6 1787068352.748137000 0.866562   0.0216398 0.253231 0.0674883   -0.0210903 1.06441 0.0001   0.00043
QR_4 1787068352.748137000 -1.000000   2.22045e-16 0.0299999 2.57732e-17   5.12991e-10 9.48721e-19 0.0001   0.00043
HR_6 1787068352.758137000 0.866938   0.0143217 0.253205 0.0667269   -0.0218708 1.06755 0.0001   0.000326
QR_4 1787068352.758137000 -1.000000   2.22045e-16 0.0299999 2.57732e-17   5.12991e-10 9.48721e-19 0.0001   0.000326
HR_6 1787068352.768137000 0.867192   0.00851316 0.25323 0.0665062   -0.0223187 1.07043 0.0001   0.001273
QR_4 1787068352.768137000 -1.000000   2.22045e-16 0.0299999 2.57732e-17   5.12991e-10 9.48721e-19 0.0001   0.001273
HR_6 1787068352.778137000 0.867447   0.00270561 0.253239 0.0658647   -0.0229618 1.07352 0.0001   0.000178
QR_4 1787068352.778137000 -1.000000   2.22045e-16 0.0299999 2.57732e-17   5.12991e-10 9.48721e-19 0.0001   0.000178
HR_6 1787068352.788137000 0.867784   -0.00466142 0.253146 0.0646917   -0.0236574 1.07744 0.0001   8e-05
QR_4 1787068352.788137000 -1.000000   2.22045e-16 0.0299999 2.57732e-17   5.12991e-10 9.48721e-19 0.0001   8e-05
HR_6 1787068352.798138000 0.868074   -0.0105735 0.253005 0.0636323   -0.0247291 1.08077 0.0001   6.2e-05
QR_4 1787068352.798138000 -1.000000   2.22045e-16 0.0299999 2.57732e-17   5.12991e-10 9.48721e-19 0.0001   6.2e-05
HR_6 1787068352.808138000 0.868408   -0.0179362 0.25285 0.0619029   -0.0262943 1.08516 0.0001   6.5e-05
QR_4 1787068352.808138000 -1.000000   2.22045e-16 0.0299999 2.57732e-17   5.12991e-10 9.48721e-19 0.0001   6.5e-05
HR_6 1787068352.818138000 0.868740   -0.0253166 0.252689 0.0601931   -0.0272052 1.08964 0.0001   6.6e-05
QR_4 1787068352.818138000 -1.000000   2.22045e-16 0.0299999 2.57732e-17   5.12991e-10 9.48721e-19 0.0001   6.6e-05
HR_6 1787068352.828138000 0.869000   -0.0311511 0.252629 0.0599181   -0.0272 1.09301 0.0001   5.3e-05
QR_4 1787068352.828138000 -1.000000   2.22045e-16 0.0299999 2.57732e-17   5.12991e-10 9.48721e-19 0.0001   5.3e-05
HR_6 1787068352.838138000 0.869317   -0.0383349 0.252588 0.0603719   -0.02613 1.09677 0.0001   4.4e-05
QR_4 1787068352.838138000 -1.000000   2.22045e-16 0.0299999 2.57732e-17   5.12991e-10 9.48721e-19 0.0001   4.4e-05
HR_6 1787068352.848138000 0.869621   -0.0455503 0.252536 0.0605479   -0.0247223 1.10059 0.0001   2e-05
QR_4 1787068352.848138000 -1.000000   2.22045e-16 0.0299999 2.57732e-17   5.12991e-10 9.48721e-19 0.0001   2e-05
HR_6 1787068352.858138000 0.869889   -0.0513238 0.25245 0.0614793   -0.0231006 1.10347 0.0001   7.4e-05
QR_4 1787068352.858138000 -1.000000   2.22045e-16 0.0299999 2.57732e-17   5.12991e-10 9.48721e-19 0.0001   7.4e-05
HR_6 1787068352.868138000 0.870138   -0.0570191 0.252399 0.0625281   -0.0207896 1.10617 0.0001   7.7e-05
QR_4 1787068352.868138000 -1.000000   2.22045e-16 0.0299999 2.57732e-17   5.12991e-10 9.48721e-19 0.0001   7.7e-05
HR_6 1787068352.878138000 0.870354   -0.062754 0.252323 0.0627964   -0.0190498 1.10885 0.0001   0.000233
QR_4 1787068352.878138000 -1.000000   2.22045e-16 0.0299999 2.57732e-17   5.12991e-10 9.48721e-19 0.0001   0.000233
HR_6 1787068352.888138000 0.870521   -0.0684327 0.252313 0.0636325   -0.0176674 1.11149 0.0001   5.5e-05
QR_4 1787068352.888138000 -1.000000   2.22045e-16 0.0299999 2.57732e-17   5.12991e-10 9.48721e-19 0.0001   5.5e-05
HR_6 1787068352.898139000 0.870688   -0.0755326 0.25233 0.0630392   -0.0169604 1.11506 0.0001   6.1e-05
QR_4 1787068352.898139000 -1.000000   2.22045e-16 0.0299999 2.57732e-17   5.12991e-10 9.48721e-19 0.0001   6.1e-05
HR_6 1787068352.908139000 0.870781   -0.0812854 0.252257 0.0616748   -0.0168376 1.11783 0.0001   6.5e-05
QR_4 1787068352.908139000 -1.000000   2.22045e-16 0.0299999 2.57732e-17   5.12991e-10 9.48721e-19 0.0001   6.5e-05
HR_6 1787068352.918139000 0.870930   -0.0885305 0.252055 0.0603408   -0.0182978 1.12168 0.0001   3.4e-05
QR_4 1787068352.918139000 -1.000000   2.22045e-16 0.0299999 2.57732e-17   5.12991e-10 9.48721e-19 0.0001   3.4e-05
HR_6 1787068352.928139000 0.871075   -0.0943008 0.251921 0.0599039   -0.0201044 1.12484 0.0001   4.9e-05
QR_4 1787068352.928139000 -1.000000   2.22045e-16 0.0299999 2.57732e-17   5.12991e-10 9.48721e-19 0.0001   4.9e-05
HR_6 1787068352.938139000 0.871091   -0.10281 0.251997 0.0587063   -0.020725 1.12917 0.0001   0.00325
QR_4 1787068352.938139000 -1.000000   2.22045e-16 0.0299999 2.57732e-17   5.12991e-10 9.48721e-19 0.0001   0.00325
HR_6 1787068352.948139000 0.871099   -0.107091 0.251964 0.057343   -0.0201112 1.13118 0.0001   4.5e-05
QR_4 1787068352.948139000 -1.000000   2.22045e-16 0.0299999 2.57732e-17   5.12991e-10 9.48721e-19 0.0001   4.5e-05
HR_6 1787068352.958139000 0.871211   -0.114209 0.251841 0.0557821   -0.0195794 1.1347 0.0001   5.2e-05
QR_4 1787068352.958139000 -1.000000   2.22045e-16 0.0299999 2.57732e-17   5.12991e-10 9.48721e-19 0.0001   5.2e-05
HR_6 1787068352.968139000 0.871303   -0.119929 0.251639 0.054532   -0.0189317 1.13762 0.0001   0.00222
QR_4 1787068352.968139000 -1.000000   2.22045e-16 0.0299999 2.57732e-17   5.12991e-10 9.48721e-19 0.0001   0.00222
HR_6 1787068352.978139000 0.871410   -0.125651 0.251344 0.053006   -0.018208 1.14077 0.0001   3e-05
QR_4 1787068352.978139000 -1.000000   2.22045e-16 0.0299999 2.57732e-17   5.12991e-10 9.48721e-19 0.0001   3e-05
HR_6 1787068352.988139000 0.871633   -0.132861 0.250897 0.0511306   -0.0172689 1.14437 0.0001   0.001307
QR_4 1787068352.988139000 -1.000000   2.22045e-16 0.0299999 2.57732e-17   5.12991e-10 9.48721e-19 0.0001   0.001307
HR_6 1787068352.998140000 0.871807   -0.13866 0.250444 0.0499627   -0.0169127 1.14729 0.0001   2.1e-05
QR_4 1787068352.998140000 -1.000000   2.22045e-16 0.0299999 2.57732e-17   5.12991e-10 9.48721e-19 0.0001   2.1e-05
HR_6 1787068353.008140000 0.872033   -0.145916 0.249813 0.0496254   -0.0157846 1.15097 0.0001   3.7e-05
QR_4 1787068353.008140000 -1.000000   2.22045e-16 0.0299999 2.57732e-17   5.12991e-10 9.48721e-19 0.0001   3.7e-05
HR_6 1787068353.018140000 0.872128   -0.151612 0.249643 0.0495928   -0.0139645 1.15368 0.0001   4.3e-05
QR_4 1787068353.018140000 -1.000000   2.22045e-16 0.0299999 2.57732e-17   5.12991e-10 9.48721e-19 0.0001   4.3e-05
HR_6 1787068353.028140000 0.872216   -0.157293 0.249516 0.0493338   -0.0125394 1.1568 0.0001   5.9e-05
QR_4 1787068353.028140000 -1.000000   2.22045e-16 0.0299999 2.57732e-17   5.12991e-10 9.48721e-19 0.0001   5.9e-05
HR_6 1787068353.038140000 0.872358   -0.164412 0.24933 0.0487093   -0.0117556 1.16129 0.0001   5.6e-05
QR_4 1787068353.038140000 -1.000000   2.22045e-16 0.0299999 2.57732e-17   5.12991e-10 9.48721e-19 0.0001   5.6e-05
HR_6 1787068353.048140000 0.872459   -0.171552 0.249195 0.0480676   -0.0114299 1.16459 0.0001   0.003222
QR_4 1787068353.048140000 -1.000000   2.22045e-16 0.0299999 2.57732e-17   5.12991e-10 9.48721e-19 0.0001   0.003222
HR_6 1787068353.058140000 0.872477   -0.177237 0.249206 0.047665   -0.012212 1.16654 0.0001   7.2e-05
QR_4 1787068353.058140000 -1.000000   2.22045e-16 0.0299999 2.57732e-17   5.12991e-10 9.48721e-19 0.0001   7.2e-05
HR_6 1787068353.068140000 0.872488   -0.184298 0.249275 0.0470907   -0.0137026 1.1698 0.0001   0.000114
QR_4 1787068353.068140000 -1.000000   2.22045e-16 0.0299999 2.57732e-17   5.12991e-10 9.48721e-19 0.0001   0.000114
HR_6 1787068353.078140000 0.872514   -0.192768 0.249349 0.0470077   -0.0149207 1.17331 0.0001   9.1e-05
QR_4 1787068353.078140000 -1.000000   2.22045e-16 0.0299999 2.57732e-17   5.12991e-10 9.48721e-19 0.0001   9.1e-05
HR_6 1787068353.088140000 0.872521   -0.198378 0.249396 0.0469958   -0.0149028 1.17579 0.0001   1.4e-05
QR_4 1787068353.088140000 -1.000000   2.22045e-16 0.0299999 2.57732e-17   5.12991e-10 9.48721e-19 0.0001   1.4e-05
HR_6 1787068353.098141000 0.872559   -0.206767 0.249344 0.0467659   -0.0141744 1.18064 0.0001   0.002625
QR_4 1787068353.098141000 -1.000000   2.22045e-16 0.0299999 2.57732e-17   5.12991e-10 9.48721e-19 0.0001   0.002625
HR_6 1787068353.108141000 0.872622   -0.212373 0.249208 0.046487   -0.0130785 1.18403 0.0001   0.00155
QR_4 1787068353.108141000 -1.000000   2.22045e-16 0.0299999 2.57732e-17   5.12991e-10 9.48721e-19 0.0001   0.00155
HR_6 1787068353.118141000 0.872685   -0.217995 0.248968 0.0465026   -0.0120732 1.18674 0.0001   3.2e-05
QR_4 1787068353.118141000 -1.000000   2.22045e-16 0.0299999 2.57732e-17   5.12991e-10 9.48721e-19 0.0001   3.2e-05
HR_6 1787068353.128141000 0.872633   -0.224849 0.248917 0.0463326   -0.0113099 1.19076 0.0001   7.7e-05
QR_4 1787068353.128141000 -1.000000   2.22045e-16 0.0299999 2.57732e-17   5.12991e-10 9.48721e-19 0.0001   7.7e-05
HR_6 1787068353.138141000 0.872576   -0.231716 0.248829 0.0458475   -0.00967691 1.19399 0.0001   5.7e-05
QR_4 1787068353.138141000 -1.000000   2.22045e-16 0.0299999 2.57732e-17   5.12991e-10 9.48721e-19 0.0001   5.7e-05
HR_6 1787068353.148141000 0.872543   -0.238625 0.248659 0.0452626   -0.00698933 1.19656 0.0001   6e-05
QR_4 1787068353.148141000 -1.000000   2.22045e-16 0.0299999 2.57732e-17   5.12991e-10 9.48721e-19 0.0001   6e-05
HR_6 1787068353.158141000 0.872556   -0.244151 0.248408 0.0447631   -0.00558975 1.19949 0.0001   5.4e-05
QR_4 1787068353.158141000 -1.000000   2.22045e-16 0.0299999 2.57732e-17   5.12991e-10 9.48721e-19 0.0001   5.4e-05
HR_6 1787068353.168141000 0.872603   -0.251127 0.247992 0.0436762   -0.00399133 1.20318 0.0001   0.000444
QR_4 1787068353.168141000 -1.000000   2.22045e-16 0.0299999 2.57732e-17   5.12991e-10 9.48721e-19 0.0001   0.000444
HR_6 1787068353.178141000 0.872664   -0.256756 0.247573 0.0430694   -0.00319814 1.20595 0.0001   1e-05
QR_4 1787068353.178141000 -1.000000   2.22045e-16 0.0299999 2.57732e-17   5.12991e-10 9.48721e-19 0.0001   1e-05
HR_6 1787068353.188140000 0.872663   -0.263637 0.247232 0.0420218   -0.00212904 1.21034 0.0001   3e-06
QR_4 1787068353.188140000 -1.000000   2.22045e-16 0.0299999 2.57732e-17   5.12991e-10 9.48721e-19 0.0001   3e-06
HR_6 1787068353.198141000 0.872630   -0.267704 0.247127 0.0415071   -0.00176543 1.21304 0.0001   2.8e-05
QR_4 1787068353.198141000 -1.000000   2.22045e-16 0.0299999 2.57732e-17   5.12991e-10 9.48721e-19 0.0001   2.8e-05
HR_6 1787068353.208141000 0.872468   -0.274393 0.247109 0.041364   -0.00176861 1.21638 0.0001   6e-05
QR_4 1787068353.208141000 -1.000000   2.22045e-16 0.0299999 2.57732e-17   5.12991e-10 9.48721e-19 0.0001   6e-05
HR_6 1787068353.218141000 0.872327   -0.281038 0.247102 0.0410728   -0.00184194 1.22033 0.0001   0.002191
QR_4 1787068353.218141000 -1.000000   2.22045e-16 0.0299999 2.57732e-17   5.12991e-10 9.48721e-19 0.0001   0.002191
HR_6 1787068353.228141000 0.872202   -0.286306 0.247184 0.0408098   -0.00241273 1.2237 0.0001   6.4e-05
QR_4 1787068353.228141000 -1.000000   2.22045e-16 0.0299999 2.57732e-17   5.12991e-10 9.48721e-19 0.0001   6.4e-05
HR_6 1787068353.238141000 0.872054   -0.292902 0.247201 0.0407825   -0.00307316 1.2273 0.0001   4.8e-05
QR_4 1787068353.238141000 -1.000000   2.22045e-16 0.0299999 2.57732e-17   5.12991e-10 9.48721e-19 0.0001   4.8e-05
HR_6 1787068353.248141000 0.871971   -0.299489 0.247131 0.0404437   -0.00318035 1.2316 0.0001   0.003219
QR_4 1787068353.248141000 -1.000000   2.22045e-16 0.0299999 2.57732e-17   5.12991e-10 9.48721e-19 0.0001   0.003219
HR_6 1787068353.258141000 0.871904   -0.303393 0.247119 0.0398069   -0.00299736 1.23427 0.0001   4.7e-05
QR_4 1787068353.258141000 -1.000000   2.22045e-16 0.0299999 2.57732e-17   5.12991e-10 9.48721e-19 0.0001   4.7e-05
HR_6 1787068353.268141000 0.871781   -0.31119 0.246963 0.0393285   -0.00262682 1.23899 0.0001   0.000125
QR_4 1787068353.268141000 -1.000000   2.22045e-16 0.0299999 2.57732e-17   5.12991e-10 9.48721e-19 0.0001   0.000125
HR_6 1787068353.278141000 0.871736   -0.315069 0.246884 0.0394754   -0.00234976 1.24146 0.0001   5.9e-05
QR_4 1787068353.278141000 -1.000000   2.22045e-16 0.0299999 2.57732e-17   5.12991e-10 9.48721e-19 0.0001   5.9e-05
HR_6 1787068353.288141000 0.871606   -0.321456 0.246917 0.0398924   -0.00136642 1.24534 0.0001   6.7e-05
QR_4 1787068353.288141000 -1.000000   2.22045e-16 0.0299999 2.57732e-17   5.12991e-10 9.48721e-19 0.0001   6.7e-05
HR_6 1787068353.298142000 0.871451   -0.327793 0.24692 0.040792   -0.000623052 1.24926 0.0001   2.7e-05
QR_4 1787068353.298142000 -1.000000   2.22045e-16 0.0299999 2.57732e-17   5.12991e-10 9.48721e-19 0.0001   2.7e-05
HR_6 1787068353.308142000 0.871286   -0.334105 0.246879 0.040916   0.000589844 1.25291 0.0001   0.001547
QR_4 1787068353.308142000 -1.000000   2.22045e-16 0.0299999 2.57732e-17   5.12991e-10 9.48721e-19 0.0001   0.001547
HR_6 1787068353.318142000 0.871175   -0.339171 0.246774 0.0406015   0.00164832 1.25543 0.0001   2.1e-05
QR_4 1787068353.318142000 -1.000000   2.22045e-16 0.0299999 2.57732e-17   5.12991e-10 9.48721e-19 0.0001   2.1e-05
HR_6 1787068353.328142000 0.871025   -0.345496 0.246581 0.0405004   0.0023058 1.25843 0.0001   0.000114
QR_4 1787068353.328142000 -1.000000   2.22045e-16 0.0299999 2.57732e-17   5.12991e-10 9.48721e-19 0.0001   0.000114
HR_6 1787068353.338142000 0.870881   -0.350503 0.246479 0.0404142   0.0033106 1.26032 0.0001   0.000479
QR_4 1787068353.338142000 -1.000000   2.22045e-16 0.0299999 2.57732e-17   5.12991e-10 9.48721e-19 0.0001   0.000479
HR_6 1787068353.348142000 0.870720   -0.356732 0.246327 0.0396189   0.00431696 1.26202 0.0001   0.002077
QR_4 1787068353.348142000 -1.000000   2.22045e-16 0.0299999 2.57732e-17   5.12991e-10 9.48721e-19 0.0001   0.002077
HR_6 1787068353.358142000 0.870574   -0.362963 0.246075 0.0387374   0.00449257 1.26389 0.0001   4.7e-05
QR_4 1787068353.358142000 -1.000000   2.22045e-16 0.0299999 2.57732e-17   5.12991e-10 9.48721e-19 0.0001   4.7e-05
HR_6 1787068353.368142000 0.870373   -0.369109 0.245898 0.037533   0.00435841 1.26617 0.0001   3.4e-05
QR_4 1787068353.368142000 -1.000000   2.22045e-16 0.0299999 2.57732e-17   5.12991e-10 9.48721e-19 0.0001   3.4e-05
HR_6 1787068353.378142000 0.870235   -0.372766 0.245822 0.0369319   0.00448727 1.26721 0.0001   5.1e-05
QR_4 1787068353.378142000 -1.000000   2.22045e-16 0.0299999 2.57732e-17   5.12991e-10 9.48721e-19 0.0001   5.1e-05
HR_6 1787068353.388142000 0.869917   -0.38002 0.245644 0.0360086   0.00478514 1.26902 0.0001   4.4e-05
QR_4 1787068353.388142000 -1.000000   2.22045e-16 0.0299999 2.57732e-17   5.12991e-10 9.48721e-19 0.0001   4.4e-05
HR_6 1787068353.398143000 0.869647   -0.386034 0.245417 0.0350393   0.00537284 1.27081 0.0001   0.003207
QR_4 1787068353.398143000 -1.000000   2.22045e-16 0.0299999 2.57732e-17   5.12991e-10 9.48721e-19 0.0001   0.003207
HR_6 1787068353.408143000 0.869507   -0.389651 0.245235 0.0344972   0.00601089 1.27199 0.0001   3.9e-05
QR_4 1787068353.408143000 -1.000000   2.22045e-16 0.0299999 2.57732e-17   5.12991e-10 9.48721e-19 0.0001   3.9e-05
HR_6 1787068353.418143000 0.869251   -0.394383 0.245102 0.0340689   0.00662541 1.27316 0.0001   7.2e-05
QR_4 1787068353.418143000 -1.000000   2.22045e-16 0.0299999 2.57732e-17   5.12991e-10 9.48721e-19 0.0001   7.2e-05
HR_6 1787068353.428143000 0.869052   -0.400265 0.24491 0.0343261   0.00872796 1.27536 0.0001   0.001325
QR_4 1787068353.428143000 -1.000000   2.22045e-16 0.0299999 2.57732e-17   5.12991e-10 9.48721e-19 0.0001   0.001325
HR_6 1787068353.438143000 0.868965   -0.404953 0.244749 0.0341066   0.0107417 1.27761 0.0001   0.001322
QR_4 1787068353.438143000 -1.000000   2.22045e-16 0.0299999 2.57732e-17   5.12991e-10 9.48721e-19 0.0001   0.001322
HR_6 1787068353.448143000 0.868901   -0.409633 0.244548 0.0342424   0.0133836 1.27986 0.0001   1.2e-05
QR_4 1787068353.448143000 -1.000000   2.22045e-16 0.0299999 2.57732e-17   5.12991e-10 9.48721e-19 0.0001   1.2e-05
HR_6 1787068353.458143000 0.868891   -0.415478 0.244223 0.0344922   0.0162847 1.28293 0.0001   3.4e-05
QR_4 1787068353.458143000 -1.000000   2.22045e-16 0.0299999 2.57732e-17   5.12991e-10 9.48721e-19 0.0001   3.4e-05
HR_6 1787068353.468143000 0.868805   -0.421319 0.243913 0.034083   0.018195 1.28555 0.0001   3.9e-05
QR_4 1787068353.468143000 -1.000000   2.22045e-16 0.0299999 2.57732e-17   5.12991e-10 9.48721e-19 0.0001   3.9e-05
HR_6 1787068353.478143000 0.868627   -0.425878 0.24378 0.0332018   0.0184587 1.2876 0.0001   3.4e-05
QR_4 1787068353.478143000 -1.000000   2.22045e-16 0.0299999 2.57732e-17   5.12991e-10 9.48721e-19 0.0001   3.4e-05
HR_6 1787068353.488143000 0.868443   -0.431541 0.243605 0.0320874   0.0178741 1.29064 0.0001   2.1e-05
QR_4 1787068353.488143000 -1.000000   2.22045e-16 0.0299999 2.57732e-17   5.12991e-10 9.48721e-19 0.0001   2.1e-05
HR_6 1787068353.498144000 0.868199   -0.435992 0.24356 0.0308507   0.0178261 1.2927 0.0001   0.000609
QR_4 1787068353.498144000 -1.000000   2.22045e-16 0.0299999 2.57732e-17   5.12991e-10 9.48721e-19 0.0001   0.000609
HR_6 1787068353.508144000 0.867968   -0.440409 0.243455 0.02925   0.0179939 1.29496 0.0001   5.4e-05
QR_4 1787068353.508144000 -1.000000   2.22045e-16 0.0299999 2.57732e-17   5.12991e-10 9.48721e-19 0.0001   5.4e-05
HR_6 1787068353.518144000 0.867844   -0.444793 0.243297 0.0274895   0.0170801 1.29713 0.0001   4.3e-05
QR_4 1787068353.518144000 -1.000000   2.22045e-16 0.0299999 2.57732e-17   5.12991e-10 9.48721e-19 0.0001   4.3e-05
HR_6 1787068353.528144000 0.867754   -0.449155 0.243048 0.0267436   0.0156454 1.29896 0.0001   2.6e-05
QR_4 1787068353.528144000 -1.000000   2.22045e-16 0.0299999 2.57732e-17   5.12991e-10 9.48721e-19 0.0001   2.6e-05
HR_6 1787068353.538144000 0.867502   -0.455546 0.242897 0.0259238   0.0143209 1.3016 0.0001   2.9e-05
QR_4 1787068353.538144000 -1.000000   2.22045e-16 0.0299999 2.57732e-17   5.12991e-10 9.48721e-19 0.0001   2.9e-05
HR_6 1787068353.548144000 0.867304   -0.459744 0.242862 0.0253772   0.0142414 1.30333 0.0001   0.000204
QR_4 1787068353.548144000 -1.000000   2.22045e-16 0.0299999 2.57732e-17   5.12991e-10 9.48721e-19 0.0001   0.000204
HR_6 1787068353.558144000 0.867009   -0.46489 0.242838 0.0249059   0.0141691 1.30545 0.0001   3.3e-05
QR_4 1787068353.558144000 -1.000000   2.22045e-16 0.0299999 2.57732e-17   5.12991e-10 9.48721e-19 0.0001   3.3e-05
HR_6 1787068353.568144000 0.866783   -0.468922 0.242797 0.0249184   0.0140489 1.30752 0.0001   3.4e-05
QR_4 1787068353.568144000 -1.000000   2.22045e-16 0.0299999 2.57732e-17   5.12991e-10 9.48721e-19 0.0001   3.4e-05
HR_6 1787068353.578144000 0.866473   -0.473936 0.242746 0.024381   0.0142233 1.31 0.0001   5.3e-05
QR_4 1787068353.578144000 -1.000000   2.22045e-16 0.0299999 2.57732e-17   5.12991e-10 9.48721e-19 0.0001   5.3e-05
HR_6 1787068353.588144000 0.866296   -0.477912 0.242635 0.0235279   0.0135194 1.31136 0.0001   6.1e-05
QR_4 1787068353.588144000 -1.000000   2.22045e-16 0.0299999 2.57732e-17   5.12991e-10 9.48721e-19 0.0001   6.1e-05
HR_6 1787068353.598145000 0.866058   -0.481826 0.242541 0.022485   0.01273 1.31278 0.0001   0.000155
QR_4 1787068353.598145000 -1.000000   2.22045e-16 0.0299999 2.57732e-17   5.12991e-10 9.48721e-19 0.0001   0.000155
HR_6 1787068353.608145000 0.865744   -0.487673 0.242385 0.0212179   0.0120758 1.31484 0.0001   9.8e-05
QR_4 1787068353.608145000 -1.000000   2.22045e-16 0.0299999 2.57732e-17   5.12991e-10 9.48721e-19 0.0001   9.8e-05
HR_6 1787068353.618145000 0.865566   -0.490557 0.242354 0.0207831   0.0120679 1.31597 0.0001   6.3e-05
QR_4 1787068353.618145000 -1.000000   2.22045e-16 0.0299999 2.57732e-17   5.12991e-10 9.48721e-19 0.0001   6.3e-05
HR_6 1787068353.628145000 0.865225   -0.495211 0.242276 0.0203727   0.0117537 1.31781 0.0001   4.5e-05
QR_4 1787068353.628145000 -1.000000   2.22045e-16 0.0299999 2.57732e-17   5.12991e-10 9.48721e-19 0.0001   4.5e-05
HR_6 1787068353.638145000 0.864999   -0.499746 0.242251 0.0195537   0.010655 1.31906 0.0001   7e-05
QR_4 1787068353.638145000 -1.000000   2.22045e-16 0.0299999 2.57732e-17   5.12991e-10 9.48721e-19 0.0001   7e-05
HR_6 1787068353.648145000 0.864721   -0.504187 0.242308 0.0191934   0.00954883 1.32044 0.0001   4.1e-05
QR_4 1787068353.648145000 -1.000000   2.22045e-16 0.0299999 2.57732e-17   5.12991e-10 9.48721e-19 0.0001   4.1e-05
HR_6 1787068353.658145000 0.864461   -0.507575 0.242416 0.0191728   0.0084985 1.32207 0.0001   0.00061
QR_4 1787068353.658145000 -1.000000   2.22045e-16 0.0299999 2.57732e-17   5.12991e-10 9.48721e-19 0.0001   0.00061
HR_6 1787068353.668145000 0.864224   -0.510939 0.242525 0.0187269   0.00659654 1.32365 0.0001   0.0005
QR_4 1787068353.668145000 -1.000000   2.22045e-16 0.0299999 2.57732e-17   5.12991e-10 9.48721e-19 0.0001   0.0005
HR_6 1787068353.678145000 0.863940   -0.514308 0.242643 0.0186092   0.00565734 1.32552 0.0001   0.000642
QR_4 1787068353.678145000 -1.000000   2.22045e-16 0.0299999 2.57732e-17   5.12991e-10 9.48721e-19 0.0001   0.000642
HR_6 1787068353.688145000 0.863640   -0.518436 0.242684 0.0188343   0.00493131 1.32794 0.0001   4.5e-05
QR_4 1787068353.688145000 -1.000000   2.22045e-16 0.0299999 2.57732e-17   5.12991e-10 9.48721e-19 0.0001   4.5e-05
HR_6 1787068353.698146000 0.863347   -0.521596 0.242862 0.0190957   0.00371585 1.33005 0.0001   0.0012
QR_4 1787068353.698146000 -1.000000   2.22045e-16 0.0299999 2.57732e-17   5.12991e-10 9.48721e-19 0.0001   0.0012
HR_6 1787068353.708146000 0.862947   -0.525525 0.243109 0.0192421   0.00281801 1.33336 0.0001   5.4e-05
QR_4 1787068353.708146000 -1.000000   2.22045e-16 0.0299999 2.57732e-17   5.12991e-10 9.48721e-19 0.0001   5.4e-05
HR_6 1787068353.718146000 0.862726   -0.527841 0.243198 0.0196854   0.00198964 1.3351 0.0001   6.9e-05
QR_4 1787068353.718146000 -1.000000   2.22045e-16 0.0299999 2.57732e-17   5.12991e-10 9.48721e-19 0.0001   6.9e-05
HR_6 1787068353.728146000 0.862329   -0.531552 0.24356 0.0205254   -0.000660998 1.33813 0.0001   3.1e-05
QR_4 1787068353.728146000 -1.000000   2.22045e-16 0.0299999 2.57732e-17   5.12991e-10 9.48721e-19 0.0001   3.1e-05
HR_6 1787068353.738146000 0.862035   -0.533712 0.243846 0.0209408   -0.00201334 1.3407 0.0001   7.2e-05
QR_4 1787068353.738146000 -1.000000   2.22045e-16 0.0299999 2.57732e-17   5.12991e-10 9.48721e-19 0.0001   7.2e-05
HR_6 1787068353.748146000 0.861505   -0.537999 0.244304 0.0222405   -0.00486326 1.34546 0.0001   3.7e-05
QR_4 1787068353.748146000 -1.000000   2.22045e-16 0.0299999 2.57732e-17   5.12991e-10 9.48721e-19 0.0001   3.7e-05
HR_6 1787068353.758146000 0.861098   -0.541573 0.24458 0.0231237   -0.00633334 1.34903 0.0001   6.3e-05
QR_4 1787068353.758146000 -1.000000   2.22045e-16 0.0299999 2.57732e-17   5.12991e-10 9.48721e-19 0.0001   6.3e-05
HR_6 1787068353.768146000 0.860733   -0.545047 0.244847 0.0241133   -0.00776478 1.35245 0.0001   1.6e-05
QR_4 1787068353.768146000 -1.000000   2.22045e-16 0.0299999 2.57732e-17   5.12991e-10 9.48721e-19 0.0001   1.6e-05
HR_6 1787068353.778146000 0.860511   -0.547771 0.24505 0.0242853   -0.00914334 1.35464 0.0001   3.2e-05
QR_4 1787068353.778146000 -1.000000   2.22045e-16 0.0299999 2.57732e-17   5.12991e-10 9.48721e-19 0.0001   3.2e-05
HR_6 1787068353.788146000 0.860291   -0.550491 0.245204 0.0241982   -0.0108275 1.35688 0.0001   7e-06
QR_4 1787068353.788146000 -1.000000   2.22045e-16 0.0299999 2.57732e-17   5.12991e-10 9.48721e-19 0.0001   7e-06
HR_6 1787068353.798147000 0.860013   -0.553145 0.245348 0.0245206   -0.0120686 1.35996 0.0001   4.5e-05
QR_4 1787068353.798147000 -1.000000   2.22045e-16 0.0299999 2.57732e-17   5.12991e-10 9.48721e-19 0.0001   4.5e-05
HR_6 1787068353.808147000 0.859769   -0.555796 0.245468 0.0248467   -0.0125722 1.36235 0.0001   4.1e-05
QR_4 1787068353.808147000 -1.000000   2.22045e-16 0.0299999 2.57732e-17   5.12991e-10 9.48721e-19 0.0001   4.1e-05
HR_6 1787068353.818147000 0.859496   -0.559137 0.245569 0.0254299   -0.0121491 1.36448 0.0001   2.7e-05
QR_4 1787068353.818147000 -1.000000   2.22045e-16 0.0299999 2.57732e-17   5.12991e-10 9.48721e-19 0.0001   2.7e-05
HR_6 1787068353.828147000 0.859318   -0.561763 0.245609 0.0261368   -0.0121388 1.36674 0.0001   5.9e-05
QR_4 1787068353.828147000 -1.000000   2.22045e-16 0.0299999 2.57732e-17   5.12991e-10 9.48721e-19 0.0001   5.9e-05
HR_6 1787068353.838147000 0.859133   -0.564312 0.245727 0.0265486   -0.0124527 1.36902 0.0001   0.000998
QR_4 1787068353.838147000 -1.000000   2.22045e-16 0.0299999 2.57732e-17   5.12991e-10 9.48721e-19 0.0001   0.000998
HR_6 1787068353.848147000 0.858878   -0.567491 0.245834 0.0268068   -0.0125209 1.3715 0.0001   2.5e-05
QR_4 1787068353.848147000 -1.000000   2.22045e-16 0.0299999 2.57732e-17   5.12991e-10 9.48721e-19 0.0001   2.5e-05
HR_6 1787068353.858147000 0.858651   -0.570617 0.245905 0.0272682   -0.0130846 1.37438 0.0001   4.3e-05
QR_4 1787068353.858147000 -1.000000   2.22045e-16 0.0299999 2.57732e-17   5.12991e-10 9.48721e-19 0.0001   4.3e-05
HR_6 1787068353.868147000 0.858484   -0.573058 0.246054 0.0277786   -0.0137263 1.37653 0.0001   1.4e-05
QR_4 1787068353.868147000 -1.000000   2.22045e-16 0.0299999 2.57732e-17   5.12991e-10 9.48721e-19 0.0001   1.4e-05
HR_6 1787068353.878147000 0.858147   -0.576679 0.246268 0.0285396   -0.0144323 1.3797 0.0001   5.5e-05
QR_4 1787068353.878147000 -1.000000   2.22045e-16 0.0299999 2.57732e-17   5.12991e-10 9.48721e-19 0.0001   5.5e-05
HR_6 1787068353.888147000 0.857980   -0.57843 0.246404 0.0289035   -0.0149593 1.38162 0.0001   3.6e-05
QR_4 1787068353.888147000 -1.000000   2.22045e-16 0.0299999 2.57732e-17   5.12991e-10 9.48721e-19 0.0001   3.6e-05
HR_6 1787068353.898148000 0.857671   -0.581998 0.246573 0.0294307   -0.0154687 1.38539 0.0001   4.7e-05
QR_4 1787068353.898148000 -1.000000   2.22045e-16 0.0299999 2.57732e-17   5.12991e-10 9.48721e-19 0.0001   4.7e-05
HR_6 1787068353.908148000 0.857448   -0.584399 0.24659 0.0299856   -0.0156198 1.38785 0.0001   6.7e-05
QR_4 1787068353.908148000 -1.000000   2.22045e-16 0.0299999 2.57732e-17   5.12991e-10 9.48721e-19 0.0001   6.7e-05
HR_6 1787068353.918148000 0.857235   -0.586732 0.246676 0.0303837   -0.0158104 1.39025 0.0001   1.5e-05
QR_4 1787068353.918148000 -1.000000   2.22045e-16 0.0299999 2.57732e-17   5.12991e-10 9.48721e-19 0.0001   1.5e-05
HR_6 1787068353.928148000 0.857033   -0.589647 0.246725 0.030305   -0.0157412 1.39283 0.0001   6.4e-05
QR_4 1787068353.928148000 -1.000000   2.22045e-16 0.0299999 2.57732e-17   5.12991e-10 9.48721e-19 0.0001   6.4e-05
HR_6 1787068353.938148000 0.856791   -0.592546 0.246713 0.0304605   -0.0159496 1.39548 0.0001   2.8e-05
QR_4 1787068353.938148000 -1.000000   2.22045e-16 0.0299999 2.57732e-17   5.12991e-10 9.48721e-19 0.0001   2.8e-05
HR_6 1787068353.948148000 0.856619   -0.59481 0.246781 0.0305557   -0.0163153 1.39751 0.0001   0.001362
QR_4 1787068353.948148000 -1.000000   2.22045e-16 0.0299999 2.57732e-17   5.12991e-10 9.48721e-19 0.0001   0.001362
HR_6 1787068353.958148000 0.856382   -0.597549 0.246989 0.0310409   -0.017636 1.39982 0.0001   3.3e-05
QR_4 1787068353.958148000 -1.000000   2.22045e-16 0.0299999 2.57732e-17   5.12991e-10 9.48721e-19 0.0001   3.3e-05
HR_6 1787068353.968148000 0.856114   -0.60021 0.247303 0.0309747   -0.0189997 1.40293 0.0001   0.00316
QR_4 1787068353.968148000 -1.000000   2.22045e-16 0.0299999 2.57732e-17   5.12991e-10 9.48721e-19 0.0001   0.00316
HR_6 1787068353.978148000 0.855916   -0.602322 0.247493 0.031222   -0.0200643 1.40533 0.0001   4e-05
QR_4 1787068353.978148000 -1.000000   2.22045e-16 0.0299999 2.57732e-17   5.12991e-10 9.48721e-19 0.0001   4e-05
HR_6 1787068353.988148000 0.855735   -0.604983 0.24761 0.0314869   -0.0209367 1.40785 0.0001   3e-05
QR_4 1787068353.988148000 -1.000000   2.22045e-16 0.0299999 2.57732e-17   5.12991e-10 9.48721e-19 0.0001   3e-05
HR_6 1787068353.998149000 0.855615   -0.607107 0.24759 0.0318855   -0.0219843 1.40931 0.0001   4.1e-05
QR_4 1787068353.998149000 -1.000000   2.22045e-16 0.0299999 2.57732e-17   5.12991e-10 9.48721e-19 0.0001   4.1e-05
HR_6 1787068354.008149000 0.855399   -0.609654 0.247702 0.0319365   -0.0233221 1.41081 0.0001   0.000296
QR_4 1787068354.008149000 -1.000000   2.22045e-16 0.0299999 2.57732e-17   5.12991e-10 9.48721e-19 0.0001   0.000296
HR_6 1787068354.018149000 0.855188   -0.612147 0.247808 0.0314337   -0.0244122 1.41208 0.0001   0.001005
QR_4 1787068354.018149000 -1.000000   2.22045e-16 0.0299999 2.57732e-17   5.12991e-10 9.48721e-19 0.0001   0.001005
HR_6 1787068354.028149000 0.855051   -0.614164 0.247804 0.0315603   -0.0249242 1.41362 0.0001   3.4e-05
QR_4 1787068354.028149000 -1.000000   2.22045e-16 0.0299999 2.57732e-17   5.12991e-10 9.48721e-19 0.0001   3.4e-05
HR_6 1787068354.038149000 0.854908   -0.616182 0.247772 0.031396   -0.0255047 1.41527 0.0001   0.000865
QR_4 1787068354.038149000 -1.000000   2.22045e-16 0.0299999 2.57732e-17   5.12991e-10 9.48721e-19 0.0001   0.000865
HR_6 1787068354.048149000 0.854696   -0.618654 0.247778 0.0313239   -0.0256641 1.41721 0.0001   2.9e-05
QR_4 1787068354.048149000 -1.000000   2.22045e-16 0.0299999 2.57732e-17   5.12991e-10 9.48721e-19 0.0001   2.9e-05
HR_6 1787068354.058149000 0.854550   -0.620118 0.247796 0.0311558   -0.0261431 1.41862 0.0001   2.6e-05
QR_4 1787068354.058149000 -1.000000   2.22045e-16 0.0299999 2.57732e-17   5.12991e-10 9.48721e-19 0.0001   2.6e-05
HR_6 1787068354.068149000 0.854289   -0.622566 0.247846 0.0309641   -0.0269929 1.42137 0.0001   3.6e-05
QR_4 1787068354.068149000 -1.000000   2.22045e-16 0.0299999 2.57732e-17   5.12991e-10 9.48721e-19 0.0001   3.6e-05
HR_6 1787068354.078149000 0.854052   -0.624483 0.247893 0.0308495   -0.0273851 1.42308 0.0001   0.001292
QR_4 1787068354.078149000 -1.000000   2.22045e-16 0.0299999 2.57732e-17   5.12991e-10 9.48721e-19 0.0001   0.001292
HR_6 1787068354.088149000 0.853691   -0.627291 0.24796 0.0309834   -0.027492 1.42583 0.0001   4e-05
QR_4 1787068354.088149000 -1.000000   2.22045e-16 0.0299999 2.57732e-17   5.12991e-10 9.48721e-19 0.0001   4e-05
HR_6 1787068354.098150000 0.853459   -0.629182 0.247978 0.03121   -0.0273993 1.42777 0.0001   7.3e-05
QR_4 1787068354.098150000 -1.000000   2.22045e-16 0.0299999 2.57732e-17   5.12991e-10 9.48721e-19 0.0001   7.3e-05
HR_6 1787068354.108150000 0.853244   -0.631053 0.247959 0.0312139   -0.0271768 1.42957 0.0001   0.000683
QR_4 1787068354.108150000 -1.000000   2.22045e-16 0.0299999 2.57732e-17   5.12991e-10 9.48721e-19 0.0001   0.000683
HR_6 1787068354.118150000 0.852978   -0.633326 0.247921 0.0311924   -0.0273834 1.43156 0.0001   3.5e-05
QR_4 1787068354.118150000 -1.000000   2.22045e-16 0.0299999 2.57732e-17   5.12991e-10 9.48721e-19 0.0001   3.5e-05
HR_6 1787068354.128150000 0.852817   -0.63471 0.247921 0.0307783   -0.0274788 1.433 0.0001   4.2e-05
QR_4 1787068354.128150000 -1.000000   2.22045e-16 0.0299999 2.57732e-17   5.12991e-10 9.48721e-19 0.0001   4.2e-05
HR_6 1787068354.138150000 0.852604   -0.637013 0.247861 0.0306929   -0.0270821 1.43595 0.0001   5e-05
QR_4 1787068354.138150000 -1.000000   2.22045e-16 0.0299999 2.57732e-17   5.12991e-10 9.48721e-19 0.0001   5e-05
HR_6 1787068354.148150000 0.852431   -0.639235 0.247813 0.0308911   -0.0267995 1.43906 0.0001   0.000669
QR_4 1787068354.148150000 -1.000000   2.22045e-16 0.0299999 2.57732e-17   5.12991e-10 9.48721e-19 0.0001   0.000669
HR_6 1787068354.158150000 0.852279   -0.641008 0.24779 0.0306396   -0.0265291 1.44144 0.0001   2.4e-05
QR_4 1787068354.158150000 -1.000000   2.22045e-16 0.0299999 2.57732e-17   5.12991e-10 9.48721e-19 0.0001   2.4e-05
HR_6 1787068354.168150000 0.852044   -0.643204 0.247744 0.0304743   -0.0262008 1.4441 0.0001   3.6e-05
QR_4 1787068354.168150000 -1.000000   2.22045e-16 0.0299999 2.57732e-17   5.12991e-10 9.48721e-19 0.0001   3.6e-05
HR_6 1787068354.178150000 0.851930   -0.645002 0.247679 0.030318   -0.0265012 1.44625 0.0001   0.000963
QR_4 1787068354.178150000 -1.000000   2.22045e-16 0.0299999 2.57732e-17   5.12991e-10 9.48721e-19 0.0001   0.000963
HR_6 1787068354.188150000 0.851785   -0.646776 0.247645 0.0297852   -0.027057 1.44797 0.0001   3.1e-05
QR_4 1787068354.188150000 -1.000000   2.22045e-16 0.0299999 2.57732e-17   5.12991e-10 9.48721e-19 0.0001   3.1e-05
HR_6 1787068354.198151000 0.851546   -0.648455 0.247718 0.0293714   -0.0277663 1.44968 0.0001   6e-05
QR_4 1787068354.198151000 -1.000000   2.22045e-16 0.0299999 2.57732e-17   5.12991e-10 9.48721e-19 0.0001   6e-05
HR_6 1787068354.208151000 0.851269   -0.650581 0.247728 0.0288982   -0.0282164 1.45176 0.0001   4.7e-05
QR_4 1787068354.208151000 -1.000000   2.22045e-16 0.0299999 2.57732e-17   5.12991e-10 9.48721e-19 0.0001   4.7e-05
HR_6 1787068354.218151000 0.851050   -0.652323 0.247652 0.0287834   -0.0278649 1.45388 0.0001   6.5e-05
QR_4 1787068354.218151000 -1.000000   2.22045e-16 0.0299999 2.57732e-17   5.12991e-10 9.48721e-19 0.0001   6.5e-05
HR_6 1787068354.228151000 0.850805   -0.65445 0.247528 0.028863   -0.0272785 1.45573 0.0001   7e-06
QR_4 1787068354.228151000 -1.000000   2.22045e-16 0.0299999 2.57732e-17   5.12991e-10 9.48721e-19 0.0001   7e-06
HR_6 1787068354.238151000 0.850541   -0.656461 0.247568 0.0286767   -0.0277518 1.45778 0.0001   0.002621
QR_4 1787068354.238151000 -1.000000   2.22045e-16 0.0299999 2.57732e-17   5.12991e-10 9.48721e-19 0.0001   0.002621
HR_6 1787068354.248151000 0.850433   -0.657265 0.247578 0.0286538   -0.028014 1.45884 0.0001   2e-06
QR_4 1787068354.248151000 -1.000000   2.22045e-16 0.0299999 2.57732e-17   5.12991e-10 9.48721e-19 0.0001   2e-06
HR_6 1787068354.258151000 0.850155   -0.659232 0.247577 0.0282605   -0.0285231 1.46147 0.0001   2.1e-05
QR_4 1787068354.258151000 -1.000000   2.22045e-16 0.0299999 2.57732e-17   5.12991e-10 9.48721e-19 0.0001   2.1e-05
HR_6 1787068354.268151000 0.849926   -0.660798 0.24751 0.0279956   -0.0285861 1.46308 0.0001   0.001181
QR_4 1787068354.268151000 -1.000000   2.22045e-16 0.0299999 2.57732e-17   5.12991e-10 9.48721e-19 0.0001   0.001181
HR_6 1787068354.278151000 0.849602   -0.662695 0.247435 0.0275916   -0.0284123 1.4657 0.0001   2.5e-05
QR_4 1787068354.278151000 -1.000000   2.22045e-16 0.0299999 2.57732e-17   5.12991e-10 9.48721e-19 0.0001   2.5e-05
HR_6 1787068354.288151000 0.849399   -0.664207 0.247357 0.0272357   -0.0278973 1.4681 0.0001   1.9e-05
QR_4 1787068354.288151000 -1.000000   2.22045e-16 0.0299999 2.57732e-17   5.12991e-10 9.48721e-19 0.0001   1.9e-05
HR_6 1787068354.298152000 0.849259   -0.665328 0.247246 0.0265639   -0.0268619 1.4703 0.0001   2.3e-05
QR_4 1787068354.298152000 -1.000000   2.22045e-16 0.0299999 2.57732e-17   5.12991e-10 9.48721e-19 0.0001   2.3e-05
HR_6 1787068354.308152000 0.849015   -0.667178 0.246923 0.0256323   -0.0253601 1.47406 0.0001   2e-05
QR_4 1787068354.308152000 -1.000000   2.22045e-16 0.0299999 2.57732e-17   5.12991e-10 9.48721e-19 0.0001   2e-05
HR_6 1787068354.318152000 0.848889   -0.668331 0.246672 0.0254174   -0.0248775 1.47583 0.0001   2.9e-05
QR_4 1787068354.318152000 -1.000000   2.22045e-16 0.0299999 2.57732e-17   5.12991e-10 9.48721e-19 0.0001   2.9e-05
HR_6 1787068354.328152000 0.848536   -0.670144 0.246521 0.0243274   -0.0251577 1.47848 0.0001   2.4e-05
QR_4 1787068354.328152000 -1.000000   2.22045e-16 0.0299999 2.57732e-17   5.12991e-10 9.48721e-19 0.0001   2.4e-05
HR_6 1787068354.338152000 0.848056   -0.671873 0.246461 0.0230056   -0.0267944 1.4816 0.0001   4.1e-05
QR_4 1787068354.338152000 -1.000000   2.22045e-16 0.0299999 2.57732e-17   5.12991e-10 9.48721e-19 0.0001   4.1e-05
HR_6 1787068354.348152000 0.847724   -0.672891 0.246421 0.0218882   -0.0283357 1.48359 0.0001   4.7e-05
QR_4 1787068354.348152000 -1.000000   2.22045e-16 0.0299999 2.57732e-17   5.12991e-10 9.48721e-19 0.0001   4.7e-05
HR_6 1787068354.358152000 0.847133   -0.674541 0.246505 0.0208707   -0.0305764 1.48662 0.0001   9e-06
QR_4 1787068354.358152000 -1.000000   2.22045e-16 0.0299999 2.57732e-17   5.12991e-10 9.48721e-19 0.0001   9e-06
HR_6 1787068354.368152000 0.846574   -0.676146 0.246613 0.02035   -0.032565 1.48999 0.0001   1.4e-05
QR_4 1787068354.368152000 -1.000000   2.22045e-16 0.0299999 2.57732e-17   5.12991e-10 9.48721e-19 0.0001   1.4e-05
HR_6 1787068354.378152000 0.846179   -0.677395 0.24671 0.0199665   -0.0335619 1.49226 0.0001   0.003095
QR_4 1787068354.378152000 -1.000000   2.22045e-16 0.0299999 2.57732e-17   5.12991e-10 9.48721e-19 0.0001   0.003095
HR_6 1787068354.388152000 0.845784   -0.678689 0.24676 0.0193654   -0.0342194 1.49486 0.0001   4.1e-05
QR_4 1787068354.388152000 -1.000000   2.22045e-16 0.0299999 2.57732e-17   5.12991e-10 9.48721e-19 0.0001   4.1e-05
HR_6 1787068354.398153000 0.845227   -0.680681 0.246712 0.0192602   -0.0346195 1.49865 0.0001   3.8e-05
QR_4 1787068354.398153000 -1.000000   2.22045e-16 0.0299999 2.57732e-17   5.12991e-10 9.48721e-19 0.0001   3.8e-05
HR_6 1787068354.408153000 0.844965   -0.681665 0.246671 0.019601   -0.0350298 1.5002 0.0001   1.2e-05
QR_4 1787068354.408153000 -1.000000   2.22045e-16 0.0299999 2.57732e-17   5.12991e-10 9.48721e-19 0.0001   1.2e-05
HR_6 1787068354.418153000 0.844556   -0.683215 0.24669 0.0190222   -0.035889 1.503 0.0001   2.5e-05
QR_4 1787068354.418153000 -1.000000   2.22045e-16 0.0299999 2.57732e-17   5.12991e-10 9.48721e-19 0.0001   2.5e-05
HR_6 1787068354.428153000 0.844193   -0.684786 0.246627 0.0185802   -0.0364403 1.50561 0.0001   2.3e-05
QR_4 1787068354.428153000 -1.000000   2.22045e-16 0.0299999 2.57732e-17   5.12991e-10 9.48721e-19 0.0001   2.3e-05
HR_6 1787068354.438153000 0.843881   -0.685972 0.246632 0.0180434   -0.0371805 1.50751 0.0001   1.8e-05
QR_4 1787068354.438153000 -1.000000   2.22045e-16 0.0299999 2.57732e-17   5.12991e-10 9.48721e-19 0.0001   1.8e-05
HR_6 1787068354.448153000 0.843642   -0.686853 0.246565 0.0175353   -0.0373089 1.50851 0.0001   1.5e-05
QR_4 1787068354.448153000 -1.000000   2.22045e-16 0.0299999 2.57732e-17   5.12991e-10 9.48721e-19 0.0001   1.5e-05
HR_6 1787068354.458153000 0.843264   -0.688293 0.246449 0.0168221   -0.0375492 1.51009 0.0001   1.6e-05
QR_4 1787068354.458153000 -1.000000   2.22045e-16 0.0299999 2.57732e-17   5.12991e-10 9.48721e-19 0.0001   1.6e-05
HR_6 1787068354.468153000 0.842892   -0.689953 0.246347 0.0156731   -0.0377336 1.51267 0.0001   7.2e-05
QR_4 1787068354.468153000 -1.000000   2.22045e-16 0.0299999 2.57732e-17   5.12991e-10 9.48721e-19 0.0001   7.2e-05
HR_6 1787068354.478153000 0.842664   -0.690961 0.246357 0.0158258   -0.0382504 1.51434 0.0001   0.000438
QR_4 1787068354.478153000 -1.000000   2.22045e-16 0.0299999 2.57732e-17   5.12991e-10 9.48721e-19 0.0001   0.000438
HR_6 1787068354.488153000 0.842394   -0.69202 0.246529 0.0157506   -0.0400699 1.51672 0.0001   1e-05
QR_4 1787068354.488153000 -1.000000   2.22045e-16 0.0299999 2.57732e-17   5.12991e-10 9.48721e-19 0.0001   1e-05
HR_6 1787068354.498154000 0.842213   -0.693116 0.246642 0.0153277   -0.0417506 1.51954 0.0001   3.6e-05
QR_4 1787068354.498154000 -1.000000   2.22045e-16 0.0299999 2.57732e-17   5.12991e-10 9.48721e-19 0.0001   3.6e-05
HR_6 1787068354.508154000 0.842043   -0.694111 0.246807 0.0152751   -0.0433456 1.52234 0.0001   3.8e-05
QR_4 1787068354.508154000 -1.000000   2.22045e-16 0.0299999 2.57732e-17   5.12991e-10 9.48721e-19 0.0001   3.8e-05
HR_6 1787068354.518154000 0.841965   -0.694821 0.246876 0.0156186   -0.0442428 1.52459 0.0001   6.2e-05
QR_4 1787068354.518154000 -1.000000   2.22045e-16 0.0299999 2.57732e-17   5.12991e-10 9.48721e-19 0.0001   6.2e-05
HR_6 1787068354.528154000 0.841839   -0.695521 0.247037 0.0159006   -0.0455876 1.52672 0.0001   2.1e-05
QR_4 1787068354.528154000 -1.000000   2.22045e-16 0.0299999 2.57732e-17   5.12991e-10 9.48721e-19 0.0001   2.1e-05
HR_6 1787068354.538154000 0.841684   -0.696629 0.247301 0.015696   -0.0472227 1.52949 0.0001   0.002468
QR_4 1787068354.538154000 -1.000000   2.22045e-16 0.0299999 2.57732e-17   5.12991e-10 9.48721e-19 0.0001   0.002468
HR_6 1787068354.548154000 0.841648   -0.696983 0.247359 0.0156466   -0.0476142 1.53046 0.0001   2.9e-05
QR_4 1787068354.548154000 -1.000000   2.22045e-16 0.0299999 2.57732e-17   5.12991e-10 9.48721e-19 0.0001   2.9e-05
HR_6 1787068354.558154000 0.841593   -0.698069 0.247415 0.0158021   -0.0477447 1.53273 0.0001   2.4e-05
QR_4 1787068354.558154000 -1.000000   2.22045e-16 0.0299999 2.57732e-17   5.12991e-10 9.48721e-19 0.0001   2.4e-05
HR_6 1787068354.568154000 0.841568   -0.698458 0.247395 0.0162964   -0.0477263 1.53334 0.0001   0.000279
QR_4 1787068354.568154000 -1.000000   2.22045e-16 0.0299999 2.57732e-17   5.12991e-10 9.48721e-19 0.0001   0.000279
HR_6 1787068354.578154000 0.841486   -0.69939 0.247416 0.0168506   -0.0480435 1.53497 0.0001   3.4e-05
QR_4 1787068354.578154000 -1.000000   2.22045e-16 0.0299999 2.57732e-17   5.12991e-10 9.48721e-19 0.0001   3.4e-05
HR_6 1787068354.588154000 0.841400   -0.700283 0.247495 0.0165317   -0.0491754 1.53675 0.0001   4.9e-05
QR_4 1787068354.588154000 -1.000000   2.22045e-16 0.0299999 2.57732e-17   5.12991e-10 9.48721e-19 0.0001   4.9e-05
HR_6 1787068354.598155000 0.841313   -0.701012 0.247522 0.0164626   -0.0500647 1.53806 0.0001   1.2e-05
QR_4 1787068354.598155000 -1.000000   2.22045e-16 0.0299999 2.57732e-17   5.12991e-10 9.48721e-19 0.0001   1.2e-05
HR_6 1787068354.608155000 0.841155   -0.701699 0.247574 0.0160175   -0.0509998 1.5396 0.0001   6.1e-05
QR_4 1787068354.608155000 -1.000000   2.22045e-16 0.0299999 2.57732e-17   5.12991e-10 9.48721e-19 0.0001   6.1e-05
HR_6 1787068354.618155000 0.840922   -0.702698 0.247693 0.0157952   -0.0525711 1.54166 0.0001   1.9e-05
QR_4 1787068354.618155000 -1.000000   2.22045e-16 0.0299999 2.57732e-17   5.12991e-10 9.48721e-19 0.0001   1.9e-05
HR_6 1787068354.628155000 0.840783   -0.703365 0.24775 0.0160441   -0.0531285 1.54294 0.0001   9.4e-05
QR_4 1787068354.628155000 -1.000000   2.22045e-16 0.0299999 2.57732e-17   5.12991e-10 9.48721e-19 0.0001   9.4e-05
HR_6 1787068354.638155000 0.840605   -0.704021 0.24776 0.0156755   -0.0537556 1.54444 0.0001   5.6e-05
QR_4 1787068354.638155000 -1.000000   2.22045e-16 0.0299999 2.57732e-17   5.12991e-10 9.48721e-19 0.0001   5.6e-05
HR_6 1787068354.648155000 0.840343   -0.70481 0.247797 0.0151656   -0.0554832 1.54604 0.0001   3.5e-05
QR_4 1787068354.648155000 -1.000000   2.22045e-16 0.0299999 2.57732e-17   5.12991e-10 9.48721e-19 0.0001   3.5e-05
HR_6 1787068354.658155000 0.840147   -0.70545 0.247844 0.0150543   -0.0561113 1.54748 0.0001   0.001143
QR_4 1787068354.658155000 -1.000000   2.22045e-16 0.0299999 2.57732e-17   5.12991e-10 9.48721e-19 0.0001   0.001143
HR_6 1787068354.668155000 0.839961   -0.706228 0.247948 0.0151139   -0.0569128 1.54964 0.0001   4.5e-05
QR_4 1787068354.668155000 -1.000000   2.22045e-16 0.0299999 2.57732e-17   5.12991e-10 9.48721e-19 0.0001   4.5e-05
HR_6 1787068354.678155000 0.839834   -0.706858 0.248009 0.0152958   -0.0576258 1.55119 0.0001   4.1e-05
QR_4 1787068354.678155000 -1.000000   2.22045e-16 0.0299999 2.57732e-17   5.12991e-10 9.48721e-19 0.0001   4.1e-05
HR_6 1787068354.688155000 0.839686   -0.707497 0.248025 0.0140461   -0.057837 1.55317 0.0001   0.001017
QR_4 1787068354.688155000 -1.000000   2.22045e-16 0.0299999 2.57732e-17   5.12991e-10 9.48721e-19 0.0001   0.001017
HR_6 1787068354.698156000 0.839517   -0.708302 0.247955 0.0123739   -0.0572406 1.55564 0.0001   3e-05
QR_4 1787068354.698156000 -1.000000   2.22045e-16 0.0299999 2.57732e-17   5.12991e-10 9.48721e-19 0.0001   3e-05
HR_6 1787068354.708156000 0.839424   -0.708997 0.247801 0.0123216   -0.0563009 1.55723 0.0001   2.3e-05
QR_4 1787068354.708156000 -1.000000   2.22045e-16 0.0299999 2.57732e-17   5.12991e-10 9.48721e-19 0.0001   2.3e-05
HR_6 1787068354.718156000 0.839312   -0.709924 0.247502 0.013694   -0.0547928 1.55913 0.0001   0.000163
QR_4 1787068354.718156000 -1.000000   2.22045e-16 0.0299999 2.57732e-17   5.12991e-10 9.48721e-19 0.0001   0.000163
HR_6 1787068354.728156000 0.839176   -0.710509 0.247448 0.013798   -0.0539875 1.5608 0.0001   1.6e-05
QR_4 1787068354.728156000 -1.000000   2.22045e-16 0.0299999 2.57732e-17   5.12991e-10 9.48721e-19 0.0001   1.6e-05
HR_6 1787068354.738156000 0.839029   -0.711101 0.247405 0.0136564   -0.0537422 1.56269 0.0001   1.2e-05
QR_4 1787068354.738156000 -1.000000   2.22045e-16 0.0299999 2.57732e-17   5.12991e-10 9.48721e-19 0.0001   1.2e-05
HR_6 1787068354.748156000 0.838765   -0.711901 0.247425 0.0131888   -0.0543744 1.56547 0.0001   1.2e-05
QR_4 1787068354.748156000 -1.000000   2.22045e-16 0.0299999 2.57732e-17   5.12991e-10 9.48721e-19 0.0001   1.2e-05
HR_6 1787068354.758156000 0.838506   -0.712643 0.247377 0.0128669   -0.0553231 1.5679 0.0001   0.003121
QR_4 1787068354.758156000 -1.000000   2.22045e-16 0.0299999 2.57732e-17   5.12991e-10 9.48721e-19 0.0001   0.003121
HR_6 1787068354.768155000 0.838261   -0.713222 0.247371 0.0122832   -0.0561642 1.56975 0.0001   2e-06
QR_4 1787068354.768155000 -1.000000   2.22045e-16 0.0299999 2.57732e-17   5.12991e-10 9.48721e-19 0.0001   2e-06
HR_6 1787068354.778155000 0.837895   -0.714114 0.247327 0.0110657   -0.05694 1.57226 0.0001   0.000615
QR_4 1787068354.778155000 -1.000000   2.22045e-16 0.0299999 2.57732e-17   5.12991e-10 9.48721e-19 0.0001   0.000615
HR_6 1787068354.788155000 0.837732   -0.71455 0.247292 0.0108801   -0.0579018 1.57328 0.0001   0.000328
QR_4 1787068354.788155000 -1.000000   2.22045e-16 0.0299999 2.57732e-17   5.12991e-10 9.48721e-19 0.0001   0.000328
HR_6 1787068354.798155000 0.837491   -0.71529 0.247333 0.0102385   -0.0597379 1.57468 0.0001   1.8e-05
QR_4 1787068354.798155000 -1.000000   2.22045e-16 0.0299999 2.57732e-17   5.12991e-10 9.48721e-19 0.0001   1.8e-05
HR_6 1787068354.808155000 0.837269   -0.715925 0.247362 0.00995552   -0.0602344 1.57548 0.0001   4.5e-05
QR_4 1787068354.808155000 -1.000000   2.22045e-16 0.0299999 2.57732e-17   5.12991e-10 9.48721e-19 0.0001   4.5e-05
HR_6 1787068354.818155000 0.837004   -0.716939 0.247319 0.00989007   -0.0593677 1.57648 0.0001   7e-06
QR_4 1787068354.818155000 -1.000000   2.22045e-16 0.0299999 2.57732e-17   5.12991e-10 9.48721e-19 0.0001   7e-06
HR_6 1787068354.828155000 0.836834   -0.717811 0.247198 0.0103407   -0.0581391 1.57741 0.0001   2.7e-05
QR_4 1787068354.828155000 -1.000000   2.22045e-16 0.0299999 2.57732e-17   5.12991e-10 9.48721e-19 0.0001   2.7e-05
HR_6 1787068354.838155000 0.836648   -0.718612 0.247137 0.00991136   -0.0580999 1.57898 0.0001   4.8e-05
QR_4 1787068354.838155000 -1.000000   2.22045e-16 0.0299999 2.57732e-17   5.12991e-10 9.48721e-19 0.0001   4.8e-05
HR_6 1787068354.848155000 0.836416   -0.719379 0.247096 0.00937851   -0.0585254 1.58078 0.0001   6e-06
QR_4 1787068354.848155000 -1.000000   2.22045e-16 0.0299999 2.57732e-17   5.12991e-10 9.48721e-19 0.0001   6e-06
HR_6 1787068354.858155000 0.836213   -0.719987 0.247039 0.00893303   -0.0586223 1.58223 0.0001   0.000189
QR_4 1787068354.858155000 -1.000000   2.22045e-16 0.0299999 2.57732e-17   5.12991e-10 9.48721e-19 0.0001   0.000189
HR_6 1787068354.868155000 0.835957   -0.720715 0.246945 0.00855263   -0.0585616 1.58421 0.0001   1.9e-05
QR_4 1787068354.868155000 -1.000000   2.22045e-16 0.0299999 2.57732e-17   5.12991e-10 9.48721e-19 0.0001   1.9e-05
HR_6 1787068354.878156000 0.835745   -0.721294 0.246903 0.00822354   -0.0587055 1.58567 0.0001   0.002256
QR_4 1787068354.878156000 -1.000000   2.22045e-16 0.0299999 2.57732e-17   5.12991e-10 9.48721e-19 0.0001   0.002256
HR_6 1787068354.888156000 0.835489   -0.721967 0.24681 0.00761933   -0.0585855 1.58718 0.0001   6e-06
QR_4 1787068354.888156000 -1.000000   2.22045e-16 0.0299999 2.57732e-17   5.12991e-10 9.48721e-19 0.0001   6e-06
HR_6 1787068354.898156000 0.835315   -0.722469 0.246758 0.00721844   -0.0588668 1.58878 0.0001   0.000194
QR_4 1787068354.898156000 -1.000000   2.22045e-16 0.0299999 2.57732e-17   5.12991e-10 9.48721e-19 0.0001   0.000194
HR_6 1787068354.908151000 0.835063   -0.723132 0.246619 0.00587513   -0.0598001 1.59033 0.0001   3e-06
QR_4 1787068354.908151000 -1.000000   2.22045e-16 0.0299999 2.57732e-17   5.12991e-10 9.48721e-19 0.0001   3e-06
HR_6 1787068354.918152000 0.834712   -0.723938 0.246467 0.00465346   -0.0609625 1.59195 0.0001   6.7e-05
QR_4 1787068354.918152000 -1.000000   2.22045e-16 0.0299999 2.57732e-17   5.12991e-10 9.48721e-19 0.0001   6.7e-05
HR_6 1787068354.928152000 0.834482   -0.724461 0.246423 0.0041523   -0.0614134 1.59321 0.0001   3.3e-05
QR_4 1787068354.928152000 -1.000000   2.22045e-16 0.0299999 2.57732e-17   5.12991e-10 9.48721e-19 0.0001   3.3e-05
HR_6 1787068354.938152000 0.834204   -0.72511 0.246361 0.00385682   -0.0612643 1.59517 0.0001   4.2e-05
QR_4 1787068354.938152000 -1.000000   2.22045e-16 0.0299999 2.57732e-17   5.12991e-10 9.48721e-19 0.0001   4.2e-05
HR_6 1787068354.948152000 0.833940   -0.725656 0.246356 0.00354517   -0.061803 1.59717 0.0001   5e-05
QR_4 1787068354.948152000 -1.000000   2.22045e-16 0.0299999 2.57732e-17   5.12991e-10 9.48721e-19 0.0001   5e-05
HR_6 1787068354.958152000 0.833741   -0.72613 0.246362 0.00324422   -0.0624533 1.59894 0.0001   0.000427
QR_4 1787068354.958152000 -1.000000   2.22045e-16 0.0299999 2.57732e-17   5.12991e-10 9.48721e-19 0.0001   0.000427
HR_6 1787068354.968152000 0.833425   -0.72688 0.246359 0.00294628   -0.0629018 1.602 0.0001   0.002234
QR_4 1787068354.968152000 -1.000000   2.22045e-16 0.0299999 2.57732e-17   5.12991e-10 9.48721e-19 0.0001   0.002234
HR_6 1787068354.978152000 0.833286   -0.727248 0.246367 0.00269856   -0.0632242 1.60348 0.0001   3.1e-05
QR_4 1787068354.978152000 -1.000000   2.22045e-16 0.0299999 2.57732e-17   5.12991e-10 9.48721e-19 0.0001   3.1e-05
HR_6 1787068354.988152000 0.833098   -0.727898 0.246371 0.00218108   -0.0639609 1.60518 0.0001   3.6e-05
QR_4 1787068354.988152000 -1.000000   2.22045e-16 0.0299999 2.57732e-17   5.12991e-10 9.48721e-19 0.0001   3.6e-05
HR_6 1787068354.998152000 0.832984   -0.728265 0.246399 0.00247102   -0.0642839 1.60663 0.0001   9e-06
QR_4 1787068354.998152000 -1.000000   2.22045e-16 0.0299999 2.57732e-17   5.12991e-10 9.48721e-19 0.0001   9e-06
HR_6 1787068355.008152000 0.832815   -0.728879 0.246469 0.0026636   -0.0647441 1.60923 0.0001   3.8e-05
QR_4 1787068355.008152000 -1.000000   2.22045e-16 0.0299999 2.57732e-17   5.12991e-10 9.48721e-19 0.0001   3.8e-05
HR_6 1787068355.018153000 0.832723   -0.729262 0.246479 0.00299022   -0.0641777 1.61046 0.0001   4.7e-05
QR_4 1787068355.018153000 -1.000000   2.22045e-16 0.0299999 2.57732e-17   5.12991e-10 9.48721e-19 0.0001   4.7e-05
HR_6 1787068355.028153000 0.832589   -0.729859 0.246463 0.00371236   -0.0624144 1.6134 0.0001   0.000367
QR_4 1787068355.028153000 -1.000000   2.22045e-16 0.0299999 2.57732e-17   5.12991e-10 9.48721e-19 0.0001   0.000367
HR_6 1787068355.038153000 0.832521   -0.730466 0.246406 0.00398673   -0.0613568 1.61616 0.0001   3.4e-05
QR_4 1787068355.038153000 -1.000000   2.22045e-16 0.0299999 2.57732e-17   5.12991e-10 9.48721e-19 0.0001   3.4e-05
HR_6 1787068355.048153000 0.832392   -0.730941 0.246405 0.00396258   -0.0612947 1.61818 0.0001   0.002229
QR_4 1787068355.048153000 -1.000000   2.22045e-16 0.0299999 2.57732e-17   5.12991e-10 9.48721e-19 0.0001   0.002229
HR_6 1787068355.058153000 0.832209   -0.731423 0.2464 0.00363514   -0.0618629 1.62008 0.0001   6.3e-05
QR_4 1787068355.058153000 -1.000000   2.22045e-16 0.0299999 2.57732e-17   5.12991e-10 9.48721e-19 0.0001   6.3e-05
HR_6 1787068355.068153000 0.832055   -0.731939 0.246387 0.00301018   -0.0628361 1.62163 0.0001   6e-05
QR_4 1787068355.068153000 -1.000000   2.22045e-16 0.0299999 2.57732e-17   5.12991e-10 9.48721e-19 0.0001   6e-05
HR_6 1787068355.078153000 0.831869   -0.732445 0.246386 0.00271472   -0.0638306 1.62317 0.0001   3.8e-05
QR_4 1787068355.078153000 -1.000000   2.22045e-16 0.0299999 2.57732e-17   5.12991e-10 9.48721e-19 0.0001   3.8e-05
HR_6 1787068355.088153000 0.831620   -0.733068 0.246411 0.00224985   -0.0647937 1.62469 0.0001   3.4e-05
QR_4 1787068355.088153000 -1.000000   2.22045e-16 0.0299999 2.57732e-17   5.12991e-10 9.48721e-19 0.0001   3.4e-05
HR_6 1787068355.098153000 0.831425   -0.733682 0.246387 0.00175032   -0.0654131 1.62635 0.0001   5.7e-05
QR_4 1787068355.098153000 -1.000000   2.22045e-16 0.0299999 2.57732e-17   5.12991e-10 9.48721e-19 0.0001   5.7e-05
HR_6 1787068355.108153000 0.831206   -0.734405 0.246351 0.00123374   -0.066196 1.62872 0.0001   3.8e-05
QR_4 1787068355.108153000 -1.000000   2.22045e-16 0.0299999 2.57732e-17   5.12991e-10 9.48721e-19 0.0001   3.8e-05
HR_6 1787068355.118154000 0.831009   -0.734992 0.246336 0.000652617   -0.0669486 1.63057 0.0001   4.3e-05
QR_4 1787068355.118154000 -1.000000   2.22045e-16 0.0299999 2.57732e-17   5.12991e-10 9.48721e-19 0.0001   4.3e-05
HR_6 1787068355.128154000 0.830929   -0.735234 0.246331 0.00064631   -0.0669314 1.63135 0.0001   3e-05
QR_4 1787068355.128154000 -1.000000   2.22045e-16 0.0299999 2.57732e-17   5.12991e-10 9.48721e-19 0.0001   3e-05
HR_6 1787068355.138154000 0.830736   -0.735986 0.246315 0.000559295   -0.0669379 1.63392 0.0001   2.3e-05
QR_4 1787068355.138154000 -1.000000   2.22045e-16 0.0299999 2.57732e-17   5.12991e-10 9.48721e-19 0.0001   2.3e-05
HR_6 1787068355.148154000 0.830566   -0.736581 0.246333 0.00025405   -0.0675818 1.63602 0.0001   5e-05
QR_4 1787068355.148154000 -1.000000   2.22045e-16 0.0299999 2.57732e-17   5.12991e-10 9.48721e-19 0.0001   5e-05
HR_6 1787068355.158154000 0.830422   -0.737055 0.246343 -1.70585e-05   -0.0683968 1.63745 0.0001   3.5e-05
QR_4 1787068355.158154000 -1.000000   2.22045e-16 0.0299999 2.57732e-17   5.12991e-10 9.48721e-19 0.0001   3.5e-05
HR_6 1787068355.168154000 0.830391   -0.737601 0.246434 0.000151797   -0.0690154 1.6388 0.0001   0.002252
QR_4 1787068355.168154000 -1.000000   2.22045e-16 0.0299999 2.57732e-17   5.12991e-10 9.48721e-19 0.0001   0.002252
HR_6 1787068355.178154000 0.830383   -0.737821 0.246457 9.31718e-05   -0.0691864 1.63923 0.0001   2e-05
QR_4 1787068355.178154000 -1.000000   2.22045e-16 0.0299999 2.57732e-17   5.12991e-10 9.48721e-19 0.0001   2e-05
HR_6 1787068355.188154000 0.830431   -0.738362 0.246558 0.00110803   -0.0687187 1.64033 0.0001   4e-05
QR_4 1787068355.188154000 -1.000000   2.22045e-16 0.0299999 2.57732e-17   5.12991e-10 9.48721e-19 0.0001   4e-05
HR_6 1787068355.198154000 0.830520   -0.73875 0.246665 0.00177735   -0.0686188 1.6412 0.0001   2.6e-05
QR_4 1787068355.198154000 -1.000000   2.22045e-16 0.0299999 2.57732e-17   5.12991e-10 9.48721e-19 0.0001   2.6e-05
HR_6 1787068355.208154000 0.830655   -0.739336 0.246752 0.00239253   -0.0684264 1.64246 0.0001   9e-06
QR_4 1787068355.208154000 -1.000000   2.22045e-16 0.0299999 2.57732e-17   5.12991e-10 9.48721e-19 0.0001   9e-06
HR_6 1787068355.218155000 0.830738   -0.739822 0.246856 0.00256214   -0.068703 1.64379 0.0001   2.1e-05
QR_4 1787068355.218155000 -1.000000   2.22045e-16 0.0299999 2.57732e-17   5.12991e-10 9.48721e-19 0.0001   2.1e-05
HR_6 1787068355.228155000 0.830824   -0.740399 0.246915 0.0029642   -0.0692326 1.64517 0.0001   0.001431
QR_4 1787068355.228155000 -1.000000   2.22045e-16 0.0299999 2.57732e-17   5.12991e-10 9.48721e-19 0.0001   0.001431
HR_6 1787068355.238155000 0.830844   -0.74088 0.246997 0.00323003   -0.0695779 1.64696 0.0001   3.9e-05
QR_4 1787068355.238155000 -1.000000   2.22045e-16 0.0299999 2.57732e-17   5.12991e-10 9.48721e-19 0.0001   3.9e-05
HR_6 1787068355.248155000 0.830848   -0.741357 0.247116 0.00309063   -0.0699829 1.64872 0.0001   5.2e-05
QR_4 1787068355.248155000 -1.000000   2.22045e-16 0.0299999 2.57732e-17   5.12991e-10 9.48721e-19 0.0001   5.2e-05
HR_6 1787068355.258155000 0.830887   -0.741759 0.247112 0.00369368   -0.0702189 1.64986 0.0001   5.2e-05
QR_4 1787068355.258155000 -1.000000   2.22045e-16 0.0299999 2.57732e-17   5.12991e-10 9.48721e-19 0.0001   5.2e-05
HR_6 1787068355.268155000 0.830908   -0.74214 0.247194 0.00397517   -0.07064 1.65114 0.0001   3.5e-05
QR_4 1787068355.268155000 -1.000000   2.22045e-16 0.0299999 2.57732e-17   5.12991e-10 9.48721e-19 0.0001   3.5e-05
HR_6 1787068355.278155000 0.830948   -0.74263 0.24731 0.0041724   -0.0708955 1.65218 0.0001   4e-05
QR_4 1787068355.278155000 -1.000000   2.22045e-16 0.0299999 2.57732e-17   5.12991e-10 9.48721e-19 0.0001   4e-05
HR_6 1787068355.288155000 0.830972   -0.743033 0.247348 0.00468866   -0.0706161 1.65304 0.0001   6.7e-05
QR_4 1787068355.288155000 -1.000000   2.22045e-16 0.0299999 2.57732e-17   5.12991e-10 9.48721e-19 0.0001   6.7e-05
HR_6 1787068355.298155000 0.830930   -0.743595 0.247322 0.00437305   -0.0711509 1.65411 0.0001   2.9e-05
QR_4 1787068355.298155000 -1.000000   2.22045e-16 0.0299999 2.57732e-17   5.12991e-10 9.48721e-19 0.0001   2.9e-05
HR_6 1787068355.308155000 0.830880   -0.744009 0.247324 0.00415424   -0.0716139 1.65473 0.0001   0.000236
QR_4 1787068355.308155000 -1.000000   2.22045e-16 0.0299999 2.57732e-17   5.12991e-10 9.48721e-19 0.0001   0.000236
HR_6 1787068355.318156000 0.830811   -0.744441 0.247287 0.0037621   -0.0719647 1.65557 0.0001   2.7e-05
QR_4 1787068355.318156000 -1.000000   2.22045e-16 0.0299999 2.57732e-17   5.12991e-10 9.48721e-19 0.0001   2.7e-05
HR_6 1787068355.328155000 0.830627   -0.744972 0.247221 0.00291905   -0.0727894 1.65664 0.0001   3e-06
QR_4 1787068355.328155000 -1.000000   2.22045e-16 0.0299999 2.57732e-17   5.12991e-10 9.48721e-19 0.0001   3e-06
HR_6 1787068355.338156000 0.830566   -0.745309 0.247154 0.00247307   -0.0729899 1.65721 0.0001   6e-05
QR_4 1787068355.338156000 -1.000000   2.22045e-16 0.0299999 2.57732e-17   5.12991e-10 9.48721e-19 0.0001   6e-05
HR_6 1787068355.348156000 0.830445   -0.745844 0.24703 0.00175468   -0.0730873 1.6579 0.0001   2.6e-05
QR_4 1787068355.348156000 -1.000000   2.22045e-16 0.0299999 2.57732e-17   5.12991e-10 9.48721e-19 0.0001   2.6e-05
HR_6 1787068355.358156000 0.830265   -0.746312 0.246981 0.00111374   -0.0735371 1.659 0.0001   8e-06
QR_4 1787068355.358156000 -1.000000   2.22045e-16 0.0299999 2.57732e-17   5.12991e-10 9.48721e-19 0.0001   8e-06
HR_6 1787068355.368156000 0.830115   -0.746771 0.246908 0.000653074   -0.0738809 1.66003 0.0001   0.001194
QR_4 1787068355.368156000 -1.000000   2.22045e-16 0.0299999 2.57732e-17   5.12991e-10 9.48721e-19 0.0001   0.001194
HR_6 1787068355.378154000 0.829978   -0.747246 0.24686 0.000125246   -0.0736859 1.66141 0.0001   1e-06
QR_4 1787068355.378154000 -1.000000   2.22045e-16 0.0299999 2.57732e-17   5.12991e-10 9.48721e-19 0.0001   1e-06
HR_6 1787068355.388154000 0.829841   -0.747638 0.246786 2.06137e-05   -0.0736458 1.66244 0.0001   3.2e-05
QR_4 1787068355.388154000 -1.000000   2.22045e-16 0.0299999 2.57732e-17   5.12991e-10 9.48721e-19 0.0001   3.2e-05
HR_6 1787068355.398154000 0.829744   -0.748002 0.246751 -8.8472e-05   -0.0734527 1.66333 0.0001   0.000442
QR_4 1787068355.398154000 -1.000000   2.22045e-16 0.0299999 2.57732e-17   5.12991e-10 9.48721e-19 0.0001   0.000442
HR_6 1787068355.408154000 0.829713   -0.748327 0.246741 7.54177e-05   -0.0730011 1.66396 0.0001   0.000409
QR_4 1787068355.408154000 -1.000000   2.22045e-16 0.0299999 2.57732e-17   5.12991e-10 9.48721e-19 0.0001   0.000409
HR_6 1787068355.418154000 0.829678   -0.748832 0.246782 1.89211e-05   -0.0735894 1.66544 0.0001   4e-05
QR_4 1787068355.418154000 -1.000000   2.22045e-16 0.0299999 2.57732e-17   5.12991e-10 9.48721e-19 0.0001   4e-05
HR_6 1787068355.428154000 0.829670   -0.749339 0.246885 -6.17339e-05   -0.0748532 1.66624 0.0001   3.2e-05
QR_4 1787068355.428154000 -1.000000   2.22045e-16 0.0299999 2.57732e-17   5.12991e-10 9.48721e-19 0.0001   3.2e-05
HR_6 1787068355.438154000 0.829646   -0.74976 0.246957 0.000417578   -0.0748114 1.66617 0.0001   0.001185
QR_4 1787068355.438154000 -1.000000   2.22045e-16 0.0299999 2.57732e-17   5.12991e-10 9.48721e-19 0.0001   0.001185
HR_6 1787068355.448154000 0.829677   -0.75019 0.246993 0.000981348   -0.0740813 1.66619 0.0001   2.8e-05
QR_4 1787068355.448154000 -1.000000   2.22045e-16 0.0299999 2.57732e-17   5.12991e-10 9.48721e-19 0.0001   2.8e-05
HR_6 1787068355.458154000 0.829779   -0.750698 0.246948 0.000702758   -0.0728925 1.66657 0.0001   3e-05
QR_4 1787068355.458154000 -1.000000   2.22045e-16 0.0299999 2.57732e-17   5.12991e-10 9.48721e-19 0.0001   3e-05
HR_6 1787068355.468154000 0.829855   -0.751007 0.246877 0.00108796   -0.07225 1.66651 0.0001   9e-06
QR_4 1787068355.468154000 -1.000000   2.22045e-16 0.0299999 2.57732e-17   5.12991e-10 9.48721e-19 0.0001   9e-06
HR_6 1787068355.478153000 0.829933   -0.751424 0.246914 0.00161594   -0.0720736 1.66645 0.0001   3e-06
QR_4 1787068355.478153000 -1.000000   2.22045e-16 0.0299999 2.57732e-17   5.12991e-10 9.48721e-19 0.0001   3e-06
HR_6 1787068355.488154000 0.829960   -0.751791 0.246973 0.00153228   -0.0722871 1.66654 0.0001   2.3e-05
QR_4 1787068355.488154000 -1.000000   2.22045e-16 0.0299999 2.57732e-17   5.12991e-10 9.48721e-19 0.0001   2.3e-05
HR_6 1787068355.498154000 0.830000   -0.752129 0.246997 0.00163073   -0.0731365 1.66675 0.0001   5.7e-05
QR_4 1787068355.498154000 -1.000000   2.22045e-16 0.0299999 2.57732e-17   5.12991e-10 9.48721e-19 0.0001   5.7e-05
HR_6 1787068355.508153000 0.830080   -0.752526 0.247015 0.00129402   -0.0730766 1.66741 0.0001   3e-06
QR_4 1787068355.508153000 -1.000000   2.22045e-16 0.0299999 2.57732e-17   5.12991e-10 9.48721e-19 0.0001   3e-06
HR_6 1787068355.518154000 0.830112   -0.752908 0.246983 0.00152226   -0.0724075 1.66758 0.0001   0.000532
QR_4 1787068355.518154000 -1.000000   2.22045e-16 0.0299999 2.57732e-17   5.12991e-10 9.48721e-19 0.0001   0.000532
HR_6 1787068355.528154000 0.830143   -0.753379 0.246925 0.00198738   -0.0716457 1.66767 0.0001   2.4e-05
QR_4 1787068355.528154000 -1.000000   2.22045e-16 0.0299999 2.57732e-17   5.12991e-10 9.48721e-19 0.0001   2.4e-05
HR_6 1787068355.538154000 0.830200   -0.753861 0.246839 0.00168145   -0.0710879 1.66829 0.0001   4.5e-05
QR_4 1787068355.538154000 -1.000000   2.22045e-16 0.0299999 2.57732e-17   5.12991e-10 9.48721e-19 0.0001   4.5e-05
HR_6 1787068355.548147000 0.830200   -0.754231 0.246807 0.00132369   -0.0707442 1.66888 0.0001   2e-06
QR_4 1787068355.548147000 -1.000000   2.22045e-16 0.0299999 2.57732e-17   5.12991e-10 9.48721e-19 0.0001   2e-06
HR_6 1787068355.558147000 0.830164   -0.754646 0.246787 0.00134555   -0.0714979 1.6694 0.0001   0.000617
QR_4 1787068355.558147000 -1.000000   2.22045e-16 0.0299999 2.57732e-17   5.12991e-10 9.48721e-19 0.0001   0.000617
HR_6 1787068355.568147000 0.830123   -0.754957 0.24681 0.00103983   -0.0722048 1.67008 0.0001   0.000376
QR_4 1787068355.568147000 -1.000000   2.22045e-16 0.0299999 2.57732e-17   5.12991e-10 9.48721e-19 0.0001   0.000376
HR_6 1787068355.578147000 0.830109   -0.755342 0.246838 0.000791161   -0.0728795 1.67096 0.0001   2e-05
QR_4 1787068355.578147000 -1.000000   2.22045e-16 0.0299999 2.57732e-17   5.12991e-10 9.48721e-19 0.0001   2e-05
HR_6 1787068355.588147000 0.830099   -0.755642 0.246886 0.000603251   -0.0731833 1.67164 0.0001   4.9e-05
QR_4 1787068355.588147000 -1.000000   2.22045e-16 0.0299999 2.57732e-17   5.12991e-10 9.48721e-19 0.0001   4.9e-05
HR_6 1787068355.598147000 0.830125   -0.756056 0.246919 0.00117646   -0.0734505 1.6723 0.0001   4.8e-05
QR_4 1787068355.598147000 -1.000000   2.22045e-16 0.0299999 2.57732e-17   5.12991e-10 9.48721e-19 0.0001   4.8e-05
HR_6 1787068355.608147000 0.830162   -0.756318 0.246972 0.000959053   -0.0738226 1.6732 0.0001   5.2e-05
QR_4 1787068355.608147000 -1.000000   2.22045e-16 0.0299999 2.57732e-17   5.12991e-10 9.48721e-19 0.0001   5.2e-05
HR_6 1787068355.618147000 0.830178   -0.756546 0.246955 0.000830958   -0.0738011 1.67373 0.0001   0.001218
QR_4 1787068355.618147000 -1.000000   2.22045e-16 0.0299999 2.57732e-17   5.12991e-10 9.48721e-19 0.0001   0.001218
HR_6 1787068355.628147000 0.830132   -0.756947 0.24693 0.000878951   -0.0737151 1.67465 0.0001   4.1e-05
QR_4 1787068355.628147000 -1.000000   2.22045e-16 0.0299999 2.57732e-17   5.12991e-10 9.48721e-19 0.0001   4.1e-05
HR_6 1787068355.638147000 0.830130   -0.757259 0.246924 0.00101948   -0.0732286 1.67516 0.0001   0.000132
QR_4 1787068355.638147000 -1.000000   2.22045e-16 0.0299999 2.57732e-17   5.12991e-10 9.48721e-19 0.0001   0.000132
HR_6 1787068355.648147000 0.830124   -0.757657 0.246878 0.00133336   -0.0725053 1.67589 0.0001   4.5e-05
QR_4 1787068355.648147000 -1.000000   2.22045e-16 0.0299999 2.57732e-17   5.12991e-10 9.48721e-19 0.0001   4.5e-05
HR_6 1787068355.658148000 0.830035   -0.758118 0.246845 0.00117292   -0.0717034 1.67717 0.0001   0.002546
QR_4 1787068355.658148000 -1.000000   2.22045e-16 0.0299999 2.57732e-17   5.12991e-10 9.48721e-19 0.0001   0.002546
HR_6 1787068355.668148000 0.829988   -0.758339 0.246836 0.00115757   -0.0718631 1.67801 0.0001   4.2e-05
QR_4 1787068355.668148000 -1.000000   2.22045e-16 0.0299999 2.57732e-17   5.12991e-10 9.48721e-19 0.0001   4.2e-05
HR_6 1787068355.678148000 0.829878   -0.758818 0.246805 0.00116747   -0.0715701 1.67904 0.0001   2.1e-05
QR_4 1787068355.678148000 -1.000000   2.22045e-16 0.0299999 2.57732e-17   5.12991e-10 9.48721e-19 0.0001   2.1e-05
HR_6 1787068355.688148000 0.829763   -0.759209 0.246781 0.00130455   -0.0710031 1.68007 0.0001   0.000798
QR_4 1787068355.688148000 -1.000000   2.22045e-16 0.0299999 2.57732e-17   5.12991e-10 9.48721e-19 0.0001   0.000798
HR_6 1787068355.698148000 0.829687   -0.759559 0.246713 0.00139582   -0.0698459 1.68121 0.0001   5.1e-05
QR_4 1787068355.698148000 -1.000000   2.22045e-16 0.0299999 2.57732e-17   5.12991e-10 9.48721e-19 0.0001   5.1e-05
HR_6 1787068355.708148000 0.829610   -0.759775 0.24665 0.00098941   -0.0692136 1.68179 0.0001   0.001196
QR_4 1787068355.708148000 -1.000000   2.22045e-16 0.0299999 2.57732e-17   5.12991e-10 9.48721e-19 0.0001   0.001196
HR_6 1787068355.718148000 0.829455   -0.760166 0.246451 0.000366036   -0.0685712 1.68248 0.0001   3.9e-05
QR_4 1787068355.718148000 -1.000000   2.22045e-16 0.0299999 2.57732e-17   5.12991e-10 9.48721e-19 0.0001   3.9e-05
HR_6 1787068355.728148000 0.829292   -0.760561 0.246354 -4.29713e-05   -0.0686516 1.68301 0.0001   2.3e-05
QR_4 1787068355.728148000 -1.000000   2.22045e-16 0.0299999 2.57732e-17   5.12991e-10 9.48721e-19 0.0001   2.3e-05
HR_6 1787068355.738148000 0.829253   -0.76073 0.246417 9.15436e-05   -0.0691096 1.68333 0.0001   0.000994
QR_4 1787068355.738148000 -1.000000   2.22045e-16 0.0299999 2.57732e-17   5.12991e-10 9.48721e-19 0.0001   0.000994
HR_6 1787068355.748141000 0.829295   -0.761042 0.246513 0.000396656   -0.0699475 1.68397 0.0001   1e-06
QR_4 1787068355.748141000 -1.000000   2.22045e-16 0.0299999 2.57732e-17   5.12991e-10 9.48721e-19 0.0001   1e-06
HR_6 1787068355.758141000 0.829362   -0.761239 0.246526 0.000156193   -0.0698305 1.68423 0.0001   0.00014
QR_4 1787068355.758141000 -1.000000   2.22045e-16 0.0299999 2.57732e-17   5.12991e-10 9.48721e-19 0.0001   0.00014
HR_6 1787068355.768141000 0.829471   -0.76158 0.246472 -0.000606415   -0.0689454 1.68429 0.0001   4.5e-05
QR_4 1787068355.768141000 -1.000000   2.22045e-16 0.0299999 2.57732e-17   5.12991e-10 9.48721e-19 0.0001   4.5e-05
HR_6 1787068355.778141000 0.829616   -0.761921 0.24645 0.000649036   -0.0689471 1.68342 0.0001   3.4e-05
QR_4 1787068355.778141000 -1.000000   2.22045e-16 0.0299999 2.57732e-17   5.12991e-10 9.48721e-19 0.0001   3.4e-05
HR_6 1787068355.788141000 0.829680   -0.762049 0.246538 0.000886465   -0.0694142 1.68358 0.0001   0.000496
QR_4 1787068355.788141000 -1.000000   2.22045e-16 0.0299999 2.57732e-17   5.12991e-10 9.48721e-19 0.0001   0.000496
HR_6 1787068355.798141000 0.829795   -0.762319 0.246651 0.00103289   -0.0692138 1.68403 0.0001   0.001021
QR_4 1787068355.798141000 -1.000000   2.22045e-16 0.0299999 2.57732e-17   5.12991e-10 9.48721e-19 0.0001   0.001021
HR_6 1787068355.808141000 0.829921   -0.762576 0.246701 0.000703585   -0.0687975 1.68372 0.0001   3.1e-05
QR_4 1787068355.808141000 -1.000000   2.22045e-16 0.0299999 2.57732e-17   5.12991e-10 9.48721e-19 0.0001   3.1e-05
HR_6 1787068355.818141000 0.830084   -0.762944 0.246648 -0.000981773   -0.0674795 1.68269 0.0001   3.4e-05
QR_4 1787068355.818141000 -1.000000   2.22045e-16 0.0299999 2.57732e-17   5.12991e-10 9.48721e-19 0.0001   3.4e-05
HR_6 1787068355.828141000 0.830238   -0.763359 0.246429 -0.0025382   -0.0656858 1.68154 0.0001   3.7e-05
QR_4 1787068355.828141000 -1.000000   2.22045e-16 0.0299999 2.57732e-17   5.12991e-10 9.48721e-19 0.0001   3.7e-05
HR_6 1787068355.838141000 0.830345   -0.763575 0.246439 -0.0030899   -0.0646491 1.67899 0.0001   2.6e-05
QR_4 1787068355.838141000 -1.000000   2.22045e-16 0.0299999 2.57732e-17   5.12991e-10 9.48721e-19 0.0001   2.6e-05
HR_6 1787068355.848141000 0.830356   -0.763732 0.246438 -0.00462471   -0.0614031 1.67472 0.0001   4.7e-05
QR_4 1787068355.848141000 -1.000000   2.22045e-16 0.0299999 2.57732e-17   5.12991e-10 9.48721e-19 0.0001   4.7e-05
HR_6 1787068355.858142000 0.830296   -0.763741 0.246414 -0.0066978   -0.0570179 1.66961 0.0001   5.4e-05
QR_4 1787068355.858142000 -1.000000   2.22045e-16 0.0299999 2.57732e-17   5.12991e-10 9.48721e-19 0.0001   5.4e-05
HR_6 1787068355.868142000 0.830129   -0.763573 0.246396 -0.00967045   -0.0510171 1.66316 0.0001   3e-06
QR_4 1787068355.868142000 -1.000000   2.22045e-16 0.0299999 2.57732e-17   5.12991e-10 9.48721e-19 0.0001   3e-06
HR_6 1787068355.878142000 0.829774   -0.763162 0.246342 -0.014818   -0.0406474 1.65281 0.0001   2.4e-05
QR_4 1787068355.878142000 -1.000000   2.22045e-16 0.0299999 2.57732e-17   5.12991e-10 9.48721e-19 0.0001   2.4e-05
HR_6 1787068355.888142000 0.829308   -0.762315 0.246278 -0.022298   -0.0262753 1.63752 0.0001   0.002155
QR_4 1787068355.888142000 -1.000000   2.22045e-16 0.0299999 2.57732e-17   5.12991e-10 9.48721e-19 0.0001   0.002155
HR_6 1787068355.898139000 0.828985   -0.761581 0.246153 -0.0280085   -0.0149123 1.62576 0.0001   2e-06
QR_4 1787068355.898139000 -1.000000   2.22045e-16 0.0299999 2.57732e-17   5.12991e-10 9.48721e-19 0.0001   2e-06
HR_6 1787068355.908140000 0.828577   -0.760511 0.245897 -0.0356221   0.000587569 1.6103 0.0001   6.1e-05
QR_4 1787068355.908140000 -1.000000   2.22045e-16 0.0299999 2.57732e-17   5.12991e-10 9.48721e-19 0.0001   6.1e-05
HR_6 1787068355.918140000 0.828355   -0.75953 0.245585 -0.0418551   0.013811 1.59695 0.0001   7.2e-05
QR_4 1787068355.918140000 -1.000000   2.22045e-16 0.0299999 2.57732e-17   5.12991e-10 9.48721e-19 0.0001   7.2e-05
HR_6 1787068355.928140000 0.828197   -0.758452 0.245176 -0.0480051   0.0273776 1.58306 0.0001   7.2e-05
QR_4 1787068355.928140000 -1.000000   2.22045e-16 0.0299999 2.57732e-17   5.12991e-10 9.48721e-19 0.0001   7.2e-05
HR_6 1787068355.938140000 0.827419   -0.757334 0.245612 -0.0469649   0.0334177 1.5724 0.0001   3.4e-05
QR_4 1787068355.938140000 -1.000000   2.22045e-16 0.0299999 2.57732e-17   5.12991e-10 9.48721e-19 0.0001   3.4e-05
HR_6 1787068355.948140000 0.826387   -0.756368 0.245973 -0.04494   0.0341802 1.56282 0.0001   2.1e-05
QR_4 1787068355.948140000 -1.000000   2.22045e-16 0.0299999 2.57732e-17   5.12991e-10 9.48721e-19 0.0001   2.1e-05
HR_6 1787068355.958140000 0.825719   -0.755817 0.245992 -0.0456026   0.0334775 1.55732 0.0001   5.1e-05
QR_4 1787068355.958140000 -1.000000   2.22045e-16 0.0299999 2.57732e-17   5.12991e-10 9.48721e-19 0.0001   5.1e-05
HR_6 1787068355.968140000 0.824543   -0.754853 0.245717 -0.05086   0.0313608 1.54805 0.0001   7.5e-05
QR_4 1787068355.968140000 -1.000000   2.22045e-16 0.0299999 2.57732e-17   5.12991e-10 9.48721e-19 0.0001   7.5e-05
HR_6 1787068355.978140000 0.823286   -0.75421 0.245904 -0.0578755   0.0326794 1.54218 0.0001   6.5e-05
QR_4 1787068355.978140000 -1.000000   2.22045e-16 0.0299999 2.57732e-17   5.12991e-10 9.48721e-19 0.0001   6.5e-05
HR_6 1787068355.988140000 0.822251   -0.753732 0.246381 -0.0626537   0.03543 1.54059 0.0001   4.8e-05
QR_4 1787068355.988140000 -1.000000   2.22045e-16 0.0299999 2.57732e-17   5.12991e-10 9.48721e-19 0.0001   4.8e-05
HR_6 1787068355.998140000 0.820776   -0.752895 0.246964 -0.0685596   0.0388428 1.5399 0.0001   6.6e-05
QR_4 1787068355.998140000 -1.000000   2.22045e-16 0.0299999 2.57732e-17   5.12991e-10 9.48721e-19 0.0001   6.6e-05
HR_6 1787068356.008141000 0.819540   -0.752136 0.247458 -0.0736371   0.0417802 1.53961 0.0001   6e-05
QR_4 1787068356.008141000 -1.000000   2.22045e-16 0.0299999 2.57732e-17   5.12991e-10 9.48721e-19 0.0001   6e-05
HR_6 1787068356.018141000 0.817902   -0.7512 0.248057 -0.0797395   0.0453976 1.53818 0.0001   5.5e-05
QR_4 1787068356.018141000 -1.000000   2.22045e-16 0.0299999 2.57732e-17   5.12991e-10 9.48721e-19 0.0001   5.5e-05
HR_6 1787068356.028141000 0.816865   -0.750588 0.248372 -0.0828756   0.0471727 1.53688 0.0001   5.1e-05
QR_4 1787068356.028141000 -1.000000   2.22045e-16 0.0299999 2.57732e-17   5.12991e-10 9.48721e-19 0.0001   5.1e-05
HR_6 1787068356.038141000 0.815042   -0.749622 0.248914 -0.0875785   0.0503903 1.53298 0.0001   2.5e-05
QR_4 1787068356.038141000 -1.000000   2.22045e-16 0.0299999 2.57732e-17   5.12991e-10 9.48721e-19 0.0001   2.5e-05
HR_6 1787068356.048141000 0.813104   -0.748673 0.249388 -0.0917156   0.0532792 1.52764 0.0001   3e-05
QR_4 1787068356.048141000 -1.000000   2.22045e-16 0.0299999 2.57732e-17   5.12991e-10 9.48721e-19 0.0001   3e-05
HR_6 1787068356.058141000 0.811425   -0.747996 0.249704 -0.0946238   0.0552374 1.52225 0.0001   3.2e-05
QR_4 1787068356.058141000 -1.000000   2.22045e-16 0.0299999 2.57732e-17   5.12991e-10 9.48721e-19 0.0001   3.2e-05
HR_6 1787068356.068141000 0.809667   -0.747319 0.249923 -0.0975011   0.0566902 1.51624 0.0001   1.4e-05
QR_4 1787068356.068141000 -1.000000   2.22045e-16 0.0299999 2.57732e-17   5.12991e-10 9.48721e-19 0.0001   1.4e-05
HR_6 1787068356.078141000 0.807355   -0.746568 0.250177 -0.100923   0.0583982 1.50803 0.0001   2.8e-05
QR_4 1787068356.078141000 -1.000000   2.22045e-16 0.0299999 2.57732e-17   5.12991e-10 9.48721e-19 0.0001   2.8e-05
HR_6 1787068356.088141000 0.804970   -0.745831 0.250433 -0.104225   0.0601184 1.49926 0.0001   2.5e-05
QR_4 1787068356.088141000 -1.000000   2.22045e-16 0.0299999 2.57732e-17   5.12991e-10 9.48721e-19 0.0001   2.5e-05
HR_6 1787068356.098141000 0.803041   -0.745121 0.250683 -0.107078   0.0617751 1.49233 0.0001   0.00133
QR_4 1787068356.098141000 -1.000000   2.22045e-16 0.0299999 2.57732e-17   5.12991e-10 9.48721e-19 0.0001   0.00133
HR_6 1787068356.108142000 0.800666   -0.744211 0.251015 -0.111125   0.0640326 1.4839 0.0001   4.4e-05
QR_4 1787068356.108142000 -1.000000   2.22045e-16 0.0299999 2.57732e-17   5.12991e-10 9.48721e-19 0.0001   4.4e-05
HR_6 1787068356.118142000 0.798703   -0.74343 0.251273 -0.11428   0.0657974 1.477 0.0001   0.000119
QR_4 1787068356.118142000 -1.000000   2.22045e-16 0.0299999 2.57732e-17   5.12991e-10 9.48721e-19 0.0001   0.000119
HR_6 1787068356.128142000 0.796231   -0.742379 0.251651 -0.118789   0.0684083 1.4689 0.0001   0.000649
QR_4 1787068356.128142000 -1.000000   2.22045e-16 0.0299999 2.57732e-17   5.12991e-10 9.48721e-19 0.0001   0.000649
HR_6 1787068356.138142000 0.793746   -0.741307 0.252005 -0.123227   0.0709084 1.46058 0.0001   2.6e-05
QR_4 1787068356.138142000 -1.000000   2.22045e-16 0.0299999 2.57732e-17   5.12991e-10 9.48721e-19 0.0001   2.6e-05
HR_6 1787068356.148142000 0.792277   -0.740614 0.252226 -0.125966   0.0724769 1.4559 0.0001   0.001036
QR_4 1787068356.148142000 -1.000000   2.22045e-16 0.0299999 2.57732e-17   5.12991e-10 9.48721e-19 0.0001   0.001036
HR_6 1787068356.158142000 0.789834   -0.739526 0.252594 -0.130724   0.0751484 1.44796 0.0001   2.5e-05
QR_4 1787068356.158142000 -1.000000   2.22045e-16 0.0299999 2.57732e-17   5.12991e-10 9.48721e-19 0.0001   2.5e-05
HR_6 1787068356.168142000 0.787922   -0.738589 0.252878 -0.134382   0.0772353 1.44174 0.0001   8.9e-05
QR_4 1787068356.168142000 -1.000000   2.22045e-16 0.0299999 2.57732e-17   5.12991e-10 9.48721e-19 0.0001   8.9e-05
HR_6 1787068356.178142000 0.785530   -0.737403 0.253222 -0.138918   0.0798 1.43382 0.0001   0.000101
QR_4 1787068356.178142000 -1.000000   2.22045e-16 0.0299999 2.57732e-17   5.12991e-10 9.48721e-19 0.0001   0.000101
HR_6 1787068356.188142000 0.783155   -0.736195 0.253559 -0.143312   0.0823431 1.42572 0.0001   6.7e-05
QR_4 1787068356.188142000 -1.000000   2.22045e-16 0.0299999 2.57732e-17   5.12991e-10 9.48721e-19 0.0001   6.7e-05
HR_6 1787068356.198142000 0.782181   -0.735708 0.253669 -0.144995   0.0831904 1.4223 0.0001   4.5e-05
QR_4 1787068356.198142000 -1.000000   2.22045e-16 0.0299999 2.57732e-17   5.12991e-10 9.48721e-19 0.0001   4.5e-05
HR_6 1787068356.208143000 0.779344   -0.734239 0.254068 -0.150513   0.0863059 1.41236 0.0001   4.5e-05
QR_4 1787068356.208143000 -1.000000   2.22045e-16 0.0299999 2.57732e-17   5.12991e-10 9.48721e-19 0.0001   4.5e-05
HR_6 1787068356.218143000 0.777467   -0.733227 0.254331 -0.154215   0.0883946 1.40611 0.0001   4.4e-05
QR_4 1787068356.218143000 -1.000000   2.22045e-16 0.0299999 2.57732e-17   5.12991e-10 9.48721e-19 0.0001   4.4e-05
HR_6 1787068356.228143000 0.775638   -0.732173 0.254603 -0.158113   0.0905918 1.40032 0.0001   3.7e-05
QR_4 1787068356.228143000 -1.000000   2.22045e-16 0.0299999 2.57732e-17   5.12991e-10 9.48721e-19 0.0001   3.7e-05
HR_6 1787068356.238143000 0.773416   -0.730842 0.254944 -0.163088   0.0933937 1.39344 0.0001   0.00122
QR_4 1787068356.238143000 -1.000000   2.22045e-16 0.0299999 2.57732e-17   5.12991e-10 9.48721e-19 0.0001   0.00122
HR_6 1787068356.248143000 0.771674   -0.729782 0.255218 -0.167112   0.0956778 1.38813 0.0001   4.4e-05
QR_4 1787068356.248143000 -1.000000   2.22045e-16 0.0299999 2.57732e-17   5.12991e-10 9.48721e-19 0.0001   4.4e-05
HR_6 1787068356.258143000 0.769579   -0.728426 0.25555 -0.172172   0.0985207 1.38249 0.0001   0.000172
QR_4 1787068356.258143000 -1.000000   2.22045e-16 0.0299999 2.57732e-17   5.12991e-10 9.48721e-19 0.0001   0.000172
HR_6 1787068356.268143000 0.767950   -0.727355 0.255819 -0.176359   0.100871 1.37787 0.0001   5.7e-05
QR_4 1787068356.268143000 -1.000000   2.22045e-16 0.0299999 2.57732e-17   5.12991e-10 9.48721e-19 0.0001   5.7e-05
HR_6 1787068356.278143000 0.766007   -0.726034 0.256139 -0.181436   0.103715 1.37262 0.0001   5.7e-05
QR_4 1787068356.278143000 -1.000000   2.22045e-16 0.0299999 2.57732e-17   5.12991e-10 9.48721e-19 0.0001   5.7e-05
HR_6 1787068356.288143000 0.764483   -0.724983 0.256387 -0.185468   0.105972 1.36839 0.0001   0.001211
QR_4 1787068356.288143000 -1.000000   2.22045e-16 0.0299999 2.57732e-17   5.12991e-10 9.48721e-19 0.0001   0.001211
HR_6 1787068356.298143000 0.762579   -0.723687 0.256672 -0.190313   0.108647 1.3628 0.0001   5.1e-05
QR_4 1787068356.298143000 -1.000000   2.22045e-16 0.0299999 2.57732e-17   5.12991e-10 9.48721e-19 0.0001   5.1e-05
HR_6 1787068356.308144000 0.760430   -0.722135 0.257024 -0.196313   0.111994 1.35711 0.0001   0.003128
QR_4 1787068356.308144000 -1.000000   2.22045e-16 0.0299999 2.57732e-17   5.12991e-10 9.48721e-19 0.0001   0.003128
HR_6 1787068356.318144000 0.759384   -0.721396 0.257201 -0.199416   0.113725 1.35435 0.0001   4.9e-05
QR_4 1787068356.318144000 -1.000000   2.22045e-16 0.0299999 2.57732e-17   5.12991e-10 9.48721e-19 0.0001   4.9e-05
HR_6 1787068356.328144000 0.757693   -0.720172 0.257516 -0.205038   0.116858 1.35081 0.0001   4.2e-05
QR_4 1787068356.328144000 -1.000000   2.22045e-16 0.0299999 2.57732e-17   5.12991e-10 9.48721e-19 0.0001   4.2e-05
HR_6 1787068356.338144000 0.756398   -0.719176 0.257769 -0.209697   0.11945 1.34821 0.0001   0.001033
QR_4 1787068356.338144000 -1.000000   2.22045e-16 0.0299999 2.57732e-17   5.12991e-10 9.48721e-19 0.0001   0.001033
HR_6 1787068356.348144000 0.754829   -0.717944 0.258073 -0.215572   0.12275 1.34534 0.0001   0.001285
QR_4 1787068356.348144000 -1.000000   2.22045e-16 0.0299999 2.57732e-17   5.12991e-10 9.48721e-19 0.0001   0.001285
HR_6 1787068356.358144000 0.753609   -0.716945 0.258309 -0.220185   0.125306 1.34346 0.0001   0.000496
QR_4 1787068356.358144000 -1.000000   2.22045e-16 0.0299999 2.57732e-17   5.12991e-10 9.48721e-19 0.0001   0.000496
HR_6 1787068356.368144000 0.752154   -0.715693 0.258615 -0.226349   0.128712 1.34169 0.0001   3.6e-05
QR_4 1787068356.368144000 -1.000000   2.22045e-16 0.0299999 2.57732e-17   5.12991e-10 9.48721e-19 0.0001   3.6e-05
HR_6 1787068356.378144000 0.751004   -0.714722 0.258829 -0.230802   0.131168 1.34026 0.0001   0.000766
QR_4 1787068356.378144000 -1.000000   2.22045e-16 0.0299999 2.57732e-17   5.12991e-10 9.48721e-19 0.0001   0.000766
HR_6 1787068356.388144000 0.749871   -0.713757 0.259002 -0.234772   0.133456 1.33801 0.0001   4.7e-05
QR_4 1787068356.388144000 -1.000000   2.22045e-16 0.0299999 2.57732e-17   5.12991e-10 9.48721e-19 0.0001   4.7e-05
HR_6 1787068356.398144000 0.748511   -0.712608 0.259244 -0.240244   0.136426 1.33549 0.0001   0.000218
QR_4 1787068356.398144000 -1.000000   2.22045e-16 0.0299999 2.57732e-17   5.12991e-10 9.48721e-19 0.0001   0.000218
HR_6 1787068356.408145000 0.747191   -0.711496 0.25946 -0.245179   0.139128 1.3326 0.0001   5.4e-05
QR_4 1787068356.408145000 -1.000000   2.22045e-16 0.0299999 2.57732e-17   5.12991e-10 9.48721e-19 0.0001   5.4e-05
HR_6 1787068356.418145000 0.745931   -0.710425 0.259652 -0.249724   0.141616 1.33012 0.0001   3.3e-05
QR_4 1787068356.418145000 -1.000000   2.22045e-16 0.0299999 2.57732e-17   5.12991e-10 9.48721e-19 0.0001   3.3e-05
HR_6 1787068356.428145000 0.745198   -0.709787 0.259765 -0.252452   0.143106 1.32887 0.0001   0.002155
QR_4 1787068356.428145000 -1.000000   2.22045e-16 0.0299999 2.57732e-17   5.12991e-10 9.48721e-19 0.0001   0.002155
HR_6 1787068356.438145000 0.744005   -0.708735 0.259959 -0.257298   0.145752 1.32716 0.0001   5.7e-05
QR_4 1787068356.438145000 -1.000000   2.22045e-16 0.0299999 2.57732e-17   5.12991e-10 9.48721e-19 0.0001   5.7e-05
HR_6 1787068356.448145000 0.743101   -0.707897 0.260121 -0.261489   0.148036 1.32653 0.0001   6.4e-05
QR_4 1787068356.448145000 -1.000000   2.22045e-16 0.0299999 2.57732e-17   5.12991e-10 9.48721e-19 0.0001   6.4e-05
HR_6 1787068356.458145000 0.742225   -0.707072 0.260274 -0.265572   0.150257 1.3259 0.0001   5.3e-05
QR_4 1787068356.458145000 -1.000000   2.22045e-16 0.0299999 2.57732e-17   5.12991e-10 9.48721e-19 0.0001   5.3e-05
HR_6 1787068356.468145000 0.741107   -0.706086 0.260447 -0.270353   0.152853 1.32462 0.0001   0.000152
QR_4 1787068356.468145000 -1.000000   2.22045e-16 0.0299999 2.57732e-17   5.12991e-10 9.48721e-19 0.0001   0.000152
HR_6 1787068356.478145000 0.740067   -0.705158 0.260602 -0.274813   0.155269 1.32343 0.0001   4.8e-05
QR_4 1787068356.478145000 -1.000000   2.22045e-16 0.0299999 2.57732e-17   5.12991e-10 9.48721e-19 0.0001   4.8e-05
HR_6 1787068356.488145000 0.738902   -0.704078 0.260776 -0.280059   0.158105 1.32182 0.0001   0.001558
QR_4 1787068356.488145000 -1.000000   2.22045e-16 0.0299999 2.57732e-17   5.12991e-10 9.48721e-19 0.0001   0.001558
HR_6 1787068356.498145000 0.738334   -0.703562 0.26086 -0.282669   0.159513 1.32135 0.0001   5.3e-05
QR_4 1787068356.498145000 -1.000000   2.22045e-16 0.0299999 2.57732e-17   5.12991e-10 9.48721e-19 0.0001   5.3e-05
HR_6 1787068356.508146000 0.737594   -0.702879 0.260964 -0.285988   0.161296 1.3207 0.0001   6.2e-05
QR_4 1787068356.508146000 -1.000000   2.22045e-16 0.0299999 2.57732e-17   5.12991e-10 9.48721e-19 0.0001   6.2e-05
HR_6 1787068356.518146000 0.736882   -0.702212 0.261059 -0.289117   0.16298 1.31991 0.0001   5.8e-05
QR_4 1787068356.518146000 -1.000000   2.22045e-16 0.0299999 2.57732e-17   5.12991e-10 9.48721e-19 0.0001   5.8e-05
HR_6 1787068356.528146000 0.736007   -0.701413 0.261174 -0.293073   0.165105 1.31832 0.0001   4.7e-05
QR_4 1787068356.528146000 -1.000000   2.22045e-16 0.0299999 2.57732e-17   5.12991e-10 9.48721e-19 0.0001   4.7e-05
HR_6 1787068356.538146000 0.735137   -0.700614 0.26128 -0.296861   0.167137 1.31719 0.0001   0.002437
QR_4 1787068356.538146000 -1.000000   2.22045e-16 0.0299999 2.57732e-17   5.12991e-10 9.48721e-19 0.0001   0.002437
HR_6 1787068356.548146000 0.734445   -0.69997 0.261366 -0.30003   0.168833 1.3165 0.0001   3.1e-05
QR_4 1787068356.548146000 -1.000000   2.22045e-16 0.0299999 2.57732e-17   5.12991e-10 9.48721e-19 0.0001   3.1e-05
HR_6 1787068356.558146000 0.733565   -0.699168 0.261459 -0.303914   0.170963 1.31528 0.0001   0.000207
QR_4 1787068356.558146000 -1.000000   2.22045e-16 0.0299999 2.57732e-17   5.12991e-10 9.48721e-19 0.0001   0.000207
HR_6 1787068356.568146000 0.732836   -0.698531 0.261531 -0.307082   0.172611 1.31432 0.0001   3.1e-05
QR_4 1787068356.568146000 -1.000000   2.22045e-16 0.0299999 2.57732e-17   5.12991e-10 9.48721e-19 0.0001   3.1e-05
HR_6 1787068356.578146000 0.731930   -0.697695 0.261634 -0.311349   0.174877 1.31328 0.0001   1.4e-05
QR_4 1787068356.578146000 -1.000000   2.22045e-16 0.0299999 2.57732e-17   5.12991e-10 9.48721e-19 0.0001   1.4e-05
HR_6 1787068356.588146000 0.730983   -0.696851 0.261721 -0.315164   0.176911 1.31163 0.0001   3.6e-05
QR_4 1787068356.588146000 -1.000000   2.22045e-16 0.0299999 2.57732e-17   5.12991e-10 9.48721e-19 0.0001   3.6e-05
HR_6 1787068356.598146000 0.730050   -0.696009 0.261807 -0.319124   0.179011 1.30998 0.0001   2e-05
QR_4 1787068356.598146000 -1.000000   2.22045e-16 0.0299999 2.57732e-17   5.12991e-10 9.48721e-19 0.0001   2e-05
HR_6 1787068356.608147000 0.729185   -0.695156 0.261895 -0.323438   0.181289 1.30857 0.0001   2.4e-05
QR_4 1787068356.608147000 -1.000000   2.22045e-16 0.0299999 2.57732e-17   5.12991e-10 9.48721e-19 0.0001   2.4e-05
HR_6 1787068356.618147000 0.728645   -0.694658 0.261944 -0.325997   0.182641 1.30773 0.0001   0.000226
QR_4 1787068356.618147000 -1.000000   2.22045e-16 0.0299999 2.57732e-17   5.12991e-10 9.48721e-19 0.0001   0.000226
HR_6 1787068356.628147000 0.727721   -0.693792 0.262024 -0.330274   0.184886 1.30638 0.0001   1.6e-05
QR_4 1787068356.628147000 -1.000000   2.22045e-16 0.0299999 2.57732e-17   5.12991e-10 9.48721e-19 0.0001   1.6e-05
HR_6 1787068356.638147000 0.726770   -0.692903 0.262097 -0.334438   0.187088 1.30462 0.0001   2.5e-05
QR_4 1787068356.638147000 -1.000000   2.22045e-16 0.0299999 2.57732e-17   5.12991e-10 9.48721e-19 0.0001   2.5e-05
HR_6 1787068356.648147000 0.725814   -0.692028 0.262156 -0.338188   0.189055 1.30313 0.0001   0.000107
QR_4 1787068356.648147000 -1.000000   2.22045e-16 0.0299999 2.57732e-17   5.12991e-10 9.48721e-19 0.0001   0.000107
HR_6 1787068356.658147000 0.724859   -0.691157 0.262214 -0.342121   0.191116 1.30174 0.0001   1.4e-05
QR_4 1787068356.658147000 -1.000000   2.22045e-16 0.0299999 2.57732e-17   5.12991e-10 9.48721e-19 0.0001   1.4e-05
HR_6 1787068356.668147000 0.723923   -0.690298 0.262272 -0.346419   0.19336 1.30064 0.0001   4.8e-05
QR_4 1787068356.668147000 -1.000000   2.22045e-16 0.0299999 2.57732e-17   5.12991e-10 9.48721e-19 0.0001   4.8e-05
HR_6 1787068356.678147000 0.723368   -0.689791 0.262302 -0.349107   0.194711 1.29974 0.0001   0.000397
QR_4 1787068356.678147000 -1.000000   2.22045e-16 0.0299999 2.57732e-17   5.12991e-10 9.48721e-19 0.0001   0.000397
HR_6 1787068356.688147000 0.722468   -0.68894 0.262345 -0.35335   0.196966 1.29842 0.0001   5e-06
QR_4 1787068356.688147000 -1.000000   2.22045e-16 0.0299999 2.57732e-17   5.12991e-10 9.48721e-19 0.0001   5e-06
HR_6 1787068356.698147000 0.721581   -0.688083 0.262389 -0.35728   0.199028 1.2969 0.0001   1e-05
QR_4 1787068356.698147000 -1.000000   2.22045e-16 0.0299999 2.57732e-17   5.12991e-10 9.48721e-19 0.0001   1e-05
HR_6 1787068356.708148000 0.720860   -0.687417 0.262416 -0.360133   0.200507 1.29554 0.0001   0.003168
QR_4 1787068356.708148000 -1.000000   2.22045e-16 0.0299999 2.57732e-17   5.12991e-10 9.48721e-19 0.0001   0.003168
HR_6 1787068356.718148000 0.720012   -0.686606 0.262451 -0.363912   0.20244 1.29358 0.0001   1.2e-05
QR_4 1787068356.718148000 -1.000000   2.22045e-16 0.0299999 2.57732e-17   5.12991e-10 9.48721e-19 0.0001   1.2e-05
HR_6 1787068356.728148000 0.719160   -0.685799 0.262479 -0.3679   0.2045 1.29238 0.0001   1.2e-05
QR_4 1787068356.728148000 -1.000000   2.22045e-16 0.0299999 2.57732e-17   5.12991e-10 9.48721e-19 0.0001   1.2e-05
HR_6 1787068356.738148000 0.718471   -0.685151 0.262509 -0.37118   0.20613 1.29166 0.0001   8e-05
QR_4 1787068356.738148000 -1.000000   2.22045e-16 0.0299999 2.57732e-17   5.12991e-10 9.48721e-19 0.0001   8e-05
HR_6 1787068356.748148000 0.717811   -0.684495 0.262506 -0.374231   0.207825 1.2911 0.0001   3.4e-05
QR_4 1787068356.748148000 -1.000000   2.22045e-16 0.0299999 2.57732e-17   5.12991e-10 9.48721e-19 0.0001   3.4e-05
HR_6 1787068356.758148000 0.716978   -0.683704 0.262523 -0.378084   0.209798 1.28958 0.0001   5e-05
QR_4 1787068356.758148000 -1.000000   2.22045e-16 0.0299999 2.57732e-17   5.12991e-10 9.48721e-19 0.0001   5e-05
HR_6 1787068356.768148000 0.716318   -0.683081 0.262537 -0.380976   0.211255 1.2888 0.0001   3.8e-05
QR_4 1787068356.768148000 -1.000000   2.22045e-16 0.0299999 2.57732e-17   5.12991e-10 9.48721e-19 0.0001   3.8e-05
HR_6 1787068356.778148000 0.715511   -0.682316 0.262545 -0.384777   0.213187 1.28772 0.0001   2.6e-05
QR_4 1787068356.778148000 -1.000000   2.22045e-16 0.0299999 2.57732e-17   5.12991e-10 9.48721e-19 0.0001   2.6e-05
HR_6 1787068356.788148000 0.714874   -0.681724 0.262555 -0.387719   0.214649 1.28686 0.0001   4.4e-05
QR_4 1787068356.788148000 -1.000000   2.22045e-16 0.0299999 2.57732e-17   5.12991e-10 9.48721e-19 0.0001   4.4e-05
HR_6 1787068356.798148000 0.714250   -0.68111 0.262543 -0.39057   0.216191 1.28603 0.0001   4.4e-05
QR_4 1787068356.798148000 -1.000000   2.22045e-16 0.0299999 2.57732e-17   5.12991e-10 9.48721e-19 0.0001   4.4e-05
HR_6 1787068356.808149000 0.713491   -0.680378 0.262542 -0.394263   0.218063 1.28515 0.0001   5.1e-05
QR_4 1787068356.808149000 -1.000000   2.22045e-16 0.0299999 2.57732e-17   5.12991e-10 9.48721e-19 0.0001   5.1e-05
HR_6 1787068356.818149000 0.712902   -0.679802 0.26254 -0.397356   0.219623 1.28384 0.0001   6.8e-05
QR_4 1787068356.818149000 -1.000000   2.22045e-16 0.0299999 2.57732e-17   5.12991e-10 9.48721e-19 0.0001   6.8e-05
HR_6 1787068356.828149000 0.712143   -0.679093 0.262531 -0.40084   0.221345 1.28226 0.0001   5.4e-05
QR_4 1787068356.828149000 -1.000000   2.22045e-16 0.0299999 2.57732e-17   5.12991e-10 9.48721e-19 0.0001   5.4e-05
HR_6 1787068356.838149000 0.711570   -0.678537 0.262523 -0.40361   0.222743 1.28163 0.0001   4.9e-05
QR_4 1787068356.838149000 -1.000000   2.22045e-16 0.0299999 2.57732e-17   5.12991e-10 9.48721e-19 0.0001   4.9e-05
HR_6 1787068356.848149000 0.710846   -0.677872 0.262518 -0.407062   0.224424 1.28029 0.0001   6.8e-05
QR_4 1787068356.848149000 -1.000000   2.22045e-16 0.0299999 2.57732e-17   5.12991e-10 9.48721e-19 0.0001   6.8e-05
HR_6 1787068356.858149000 0.710415   -0.677446 0.262505 -0.409126   0.225485 1.27943 0.0001   4.2e-05
QR_4 1787068356.858149000 -1.000000   2.22045e-16 0.0299999 2.57732e-17   5.12991e-10 9.48721e-19 0.0001   4.2e-05
HR_6 1787068356.868149000 0.709535   -0.6766 0.262483 -0.41331   0.227581 1.27811 0.0001   3.7e-05
QR_4 1787068356.868149000 -1.000000   2.22045e-16 0.0299999 2.57732e-17   5.12991e-10 9.48721e-19 0.0001   3.7e-05
HR_6 1787068356.878149000 0.708977   -0.676056 0.262463 -0.415925   0.228911 1.2775 0.0001   4.9e-05
QR_4 1787068356.878149000 -1.000000   2.22045e-16 0.0299999 2.57732e-17   5.12991e-10 9.48721e-19 0.0001   4.9e-05
HR_6 1787068356.888149000 0.708299   -0.675402 0.26244 -0.419173   0.230529 1.2767 0.0001   0.00046
QR_4 1787068356.888149000 -1.000000   2.22045e-16 0.0299999 2.57732e-17   5.12991e-10 9.48721e-19 0.0001   0.00046
HR_6 1787068356.898149000 0.707978   -0.675263 0.262682 -0.420726   0.229683 1.27711 0.0001   3.6e-05
QR_4 1787068356.898149000 -1.000000   2.22045e-16 0.0299999 2.57732e-17   5.12991e-10 9.48721e-19 0.0001   3.6e-05
HR_6 1787068356.908150000 0.707880   -0.675441 0.262776 -0.421259   0.229331 1.27683 0.0001   5.2e-05
QR_4 1787068356.908150000 -1.000000   2.22045e-16 0.0299999 2.57732e-17   5.12991e-10 9.48721e-19 0.0001   5.2e-05
HR_6 1787068356.918150000 0.707950   -0.67573 0.262782 -0.421201   0.22927 1.27638 0.0001   0.001835
QR_4 1787068356.918150000 -1.000000   2.22045e-16 0.0299999 2.57732e-17   5.12991e-10 9.48721e-19 0.0001   0.001835
HR_6 1787068356.928150000 0.708161   -0.675989 0.262758 -0.420584   0.229143 1.27485 0.0001   6.6e-05
QR_4 1787068356.928150000 -1.000000   2.22045e-16 0.0299999 2.57732e-17   5.12991e-10 9.48721e-19 0.0001   6.6e-05
HR_6 1787068356.938150000 0.708435   -0.676153 0.262635 -0.420379   0.229836 1.2721 0.0001   3.3e-05
QR_4 1787068356.938150000 -1.000000   2.22045e-16 0.0299999 2.57732e-17   5.12991e-10 9.48721e-19 0.0001   3.3e-05
HR_6 1787068356.948150000 0.708569   -0.676282 0.262611 -0.420054   0.229962 1.27198 0.0001   0.001429
QR_4 1787068356.948150000 -1.000000   2.22045e-16 0.0299999 2.57732e-17   5.12991e-10 9.48721e-19 0.0001   0.001429
HR_6 1787068356.958150000 0.708987   -0.676678 0.262561 -0.418876   0.229626 1.27101 0.0001   1.1e-05
QR_4 1787068356.958150000 -1.000000   2.22045e-16 0.0299999 2.57732e-17   5.12991e-10 9.48721e-19 0.0001   1.1e-05
HR_6 1787068356.968150000 0.709225   -0.676793 0.262509 -0.41859   0.22983 1.26982 0.0001   4.9e-05
QR_4 1787068356.968150000 -1.000000   2.22045e-16 0.0299999 2.57732e-17   5.12991e-10 9.48721e-19 0.0001   4.9e-05
HR_6 1787068356.978150000 0.709498   -0.676841 0.262426 -0.418331   0.230239 1.26839 0.0001   3.9e-05
QR_4 1787068356.978150000 -1.000000   2.22045e-16 0.0299999 2.57732e-17   5.12991e-10 9.48721e-19 0.0001   3.9e-05
HR_6 1787068356.988150000 0.709572   -0.676867 0.262428 -0.418253   0.230191 1.26793 0.0001   0.000126
QR_4 1787068356.988150000 -1.000000   2.22045e-16 0.0299999 2.57732e-17   5.12991e-10 9.48721e-19 0.0001   0.000126
HR_6 1787068356.998150000 0.709486   -0.67679 0.26243 -0.418611   0.230343 1.26781 0.0001   2.2e-05
QR_4 1787068356.998150000 -1.000000   2.22045e-16 0.0299999 2.57732e-17   5.12991e-10 9.48721e-19 0.0001   2.2e-05
HR_6 1787068357.008151000 0.709405   -0.676747 0.262449 -0.419124   0.23036 1.26773 0.0001   1.7e-05
QR_4 1787068357.008151000 -1.000000   2.22045e-16 0.0299999 2.57732e-17   5.12991e-10 9.48721e-19 0.0001   1.7e-05
HR_6 1787068357.018151000 0.709465   -0.676997 0.262455 -0.419122   0.230323 1.26725 0.0001   0.002225
QR_4 1787068357.018151000 -1.000000   2.22045e-16 0.0299999 2.57732e-17   5.12991e-10 9.48721e-19 0.0001   0.002225
HR_6 1787068357.028151000 0.709586   -0.677202 0.262502 -0.419039   0.229992 1.26627 0.0001   4.3e-05
QR_4 1787068357.028151000 -1.000000   2.22045e-16 0.0299999 2.57732e-17   5.12991e-10 9.48721e-19 0.0001   4.3e-05
HR_6 1787068357.038151000 0.709679   -0.677326 0.262479 -0.419224   0.23023 1.26407 0.0001   5e-05
QR_4 1787068357.038151000 -1.000000   2.22045e-16 0.0299999 2.57732e-17   5.12991e-10 9.48721e-19 0.0001   5e-05
HR_6 1787068357.048151000 0.709806   -0.677529 0.26245 -0.419133   0.230468 1.26318 0.0001   5.4e-05
QR_4 1787068357.048151000 -1.000000   2.22045e-16 0.0299999 2.57732e-17   5.12991e-10 9.48721e-19 0.0001   5.4e-05
HR_6 1787068357.058151000 0.709994   -0.677846 0.262461 -0.418608   0.230161 1.26264 0.0001   6.4e-05
QR_4 1787068357.058151000 -1.000000   2.22045e-16 0.0299999 2.57732e-17   5.12991e-10 9.48721e-19 0.0001   6.4e-05
HR_6 1787068357.068151000 0.710145   -0.678009 0.26246 -0.418228   0.229996 1.26194 0.0001   6.5e-05
QR_4 1787068357.068151000 -1.000000   2.22045e-16 0.0299999 2.57732e-17   5.12991e-10 9.48721e-19 0.0001   6.5e-05
HR_6 1787068357.078151000 0.710307   -0.678118 0.26245 -0.417898   0.22991 1.26019 0.0001   4.2e-05
QR_4 1787068357.078151000 -1.000000   2.22045e-16 0.0299999 2.57732e-17   5.12991e-10 9.48721e-19 0.0001   4.2e-05
HR_6 1787068357.088151000 0.710326   -0.678132 0.262449 -0.418021   0.229971 1.25962 0.0001   4.7e-05
QR_4 1787068357.088151000 -1.000000   2.22045e-16 0.0299999 2.57732e-17   5.12991e-10 9.48721e-19 0.0001   4.7e-05
HR_6 1787068357.098151000 0.710249   -0.678051 0.262445 -0.418583   0.230251 1.25899 0.0001   0.000683
QR_4 1787068357.098151000 -1.000000   2.22045e-16 0.0299999 2.57732e-17   5.12991e-10 9.48721e-19 0.0001   0.000683
HR_6 1787068357.108152000 0.710114   -0.678026 0.262474 -0.419242   0.230446 1.25834 0.0001   5e-05
QR_4 1787068357.108152000 -1.000000   2.22045e-16 0.0299999 2.57732e-17   5.12991e-10 9.48721e-19 0.0001   5e-05
HR_6 1787068357.118152000 0.710147   -0.678147 0.262498 -0.419133   0.230125 1.25841 0.0001   2.3e-05
QR_4 1787068357.118152000 -1.000000   2.22045e-16 0.0299999 2.57732e-17   5.12991e-10 9.48721e-19 0.0001   2.3e-05
HR_6 1787068357.128152000 0.710220   -0.678192 0.262436 -0.418713   0.230334 1.2579 0.0001   5.5e-05
QR_4 1787068357.128152000 -1.000000   2.22045e-16 0.0299999 2.57732e-17   5.12991e-10 9.48721e-19 0.0001   5.5e-05
HR_6 1787068357.138152000 0.710167   -0.678138 0.262434 -0.419011   0.230481 1.25773 0.0001   2.9e-05
QR_4 1787068357.138152000 -1.000000   2.22045e-16 0.0299999 2.57732e-17   5.12991e-10 9.48721e-19 0.0001   2.9e-05
HR_6 1787068357.148152000 0.710182   -0.678248 0.262442 -0.419031   0.230444 1.25754 0.0001   2.6e-05
QR_4 1787068357.148152000 -1.000000   2.22045e-16 0.0299999 2.57732e-17   5.12991e-10 9.48721e-19 0.0001   2.6e-05
HR_6 1787068357.158152000 0.710251   -0.678468 0.262452 -0.418859   0.230302 1.25721 0.0001   3.4e-05
QR_4 1787068357.158152000 -1.000000   2.22045e-16 0.0299999 2.57732e-17   5.12991e-10 9.48721e-19 0.0001   3.4e-05
HR_6 1787068357.168152000 0.710296   -0.678553 0.26246 -0.41883   0.230241 1.25652 0.0001   7.3e-05
QR_4 1787068357.168152000 -1.000000   2.22045e-16 0.0299999 2.57732e-17   5.12991e-10 9.48721e-19 0.0001   7.3e-05
HR_6 1787068357.178152000 0.710353   -0.678612 0.262468 -0.419259   0.230533 1.25533 0.0001   1.5e-05
QR_4 1787068357.178152000 -1.000000   2.22045e-16 0.0299999 2.57732e-17   5.12991e-10 9.48721e-19 0.0001   1.5e-05
HR_6 1787068357.188152000 0.710643   -0.679023 0.262569 -0.419926   0.230062 1.25496 0.0001   1.5e-05
QR_4 1787068357.188152000 -1.000000   2.22045e-16 0.0299999 2.57732e-17   5.12991e-10 9.48721e-19 0.0001   1.5e-05
HR_6 1787068357.198152000 0.711001   -0.679679 0.262581 -0.420051   0.229904 1.25386 0.0001   9e-06
QR_4 1787068357.198152000 -1.000000   2.22045e-16 0.0299999 2.57732e-17   5.12991e-10 9.48721e-19 0.0001   9e-06
HR_6 1787068357.208153000 0.711556   -0.680448 0.262597 -0.418839   0.229267 1.25076 0.0001   5.7e-05
QR_4 1787068357.208153000 -1.000000   2.22045e-16 0.0299999 2.57732e-17   5.12991e-10 9.48721e-19 0.0001   5.7e-05
HR_6 1787068357.218153000 0.711984   -0.680903 0.262574 -0.418354   0.229199 1.24756 0.0001   3.2e-05
QR_4 1787068357.218153000 -1.000000   2.22045e-16 0.0299999 2.57732e-17   5.12991e-10 9.48721e-19 0.0001   3.2e-05
HR_6 1787068357.228153000 0.712420   -0.681285 0.262532 -0.418354   0.229471 1.24378 0.0001   1.7e-05
QR_4 1787068357.228153000 -1.000000   2.22045e-16 0.0299999 2.57732e-17   5.12991e-10 9.48721e-19 0.0001   1.7e-05
HR_6 1787068357.238153000 0.712909   -0.681635 0.262431 -0.418548   0.230212 1.23901 0.0001   1.5e-05
QR_4 1787068357.238153000 -1.000000   2.22045e-16 0.0299999 2.57732e-17   5.12991e-10 9.48721e-19 0.0001   1.5e-05
HR_6 1787068357.248153000 0.713180   -0.681878 0.262428 -0.41894   0.230409 1.23613 0.0001   1.1e-05
QR_4 1787068357.248153000 -1.000000   2.22045e-16 0.0299999 2.57732e-17   5.12991e-10 9.48721e-19 0.0001   1.1e-05
HR_6 1787068357.258153000 0.713281   -0.68196 0.262431 -0.418758   0.230315 1.2354 0.0001   8e-06
QR_4 1787068357.258153000 -1.000000   2.22045e-16 0.0299999 2.57732e-17   5.12991e-10 9.48721e-19 0.0001   8e-06
HR_6 1787068357.268153000 0.713296   -0.681973 0.262432 -0.418758   0.230315 1.23517 0.0001   6.4e-05
QR_4 1787068357.268153000 -1.000000   2.22045e-16 0.0299999 2.57732e-17   5.12991e-10 9.48721e-19 0.0001   6.4e-05
HR_6 1787068357.278153000 0.713279   -0.681958 0.262433 -0.418861   0.230359 1.23512 0.0001   0.001539
QR_4 1787068357.278153000 -1.000000   2.22045e-16 0.0299999 2.57732e-17   5.12991e-10 9.48721e-19 0.0001   0.001539
HR_6 1787068357.288153000 0.713243   -0.681965 0.262446 -0.419207   0.230438 1.23471 0.0001   0.001418
QR_4 1787068357.288153000 -1.000000   2.22045e-16 0.0299999 2.57732e-17   5.12991e-10 9.48721e-19 0.0001   0.001418
HR_6 1787068357.298153000 0.713325   -0.682129 0.262428 -0.419055   0.230485 1.23442 0.0001   0.000549
QR_4 1787068357.298153000 -1.000000   2.22045e-16 0.0299999 2.57732e-17   5.12991e-10 9.48721e-19 0.0001   0.000549
HR_6 1787068357.308154000 0.713497   -0.682635 0.262431 -0.418981   0.230457 1.23349 0.0001   2.6e-05
QR_4 1787068357.308154000 -1.000000   2.22045e-16 0.0299999 2.57732e-17   5.12991e-10 9.48721e-19 0.0001   2.6e-05
HR_6 1787068357.318154000 0.713658   -0.683203 0.262479 -0.419022   0.230171 1.2319 0.0001   0.000252
QR_4 1787068357.318154000 -1.000000   2.22045e-16 0.0299999 2.57732e-17   5.12991e-10 9.48721e-19 0.0001   0.000252
HR_6 1787068357.328154000 0.713862   -0.683603 0.262534 -0.418983   0.229812 1.22944 0.0001   5.8e-05
QR_4 1787068357.328154000 -1.000000   2.22045e-16 0.0299999 2.57732e-17   5.12991e-10 9.48721e-19 0.0001   5.8e-05
HR_6 1787068357.338154000 0.714084   -0.683941 0.26255 -0.419409   0.229904 1.2259 0.0001   0.000206
QR_4 1787068357.338154000 -1.000000   2.22045e-16 0.0299999 2.57732e-17   5.12991e-10 9.48721e-19 0.0001   0.000206
HR_6 1787068357.348154000 0.714201   -0.684186 0.262574 -0.419979   0.230252 1.22376 0.0001   2.9e-05
QR_4 1787068357.348154000 -1.000000   2.22045e-16 0.0299999 2.57732e-17   5.12991e-10 9.48721e-19 0.0001   2.9e-05
HR_6 1787068357.358154000 0.714469   -0.684917 0.262655 -0.420231   0.229497 1.22344 0.0001   0.001494
QR_4 1787068357.358154000 -1.000000   2.22045e-16 0.0299999 2.57732e-17   5.12991e-10 9.48721e-19 0.0001   0.001494
HR_6 1787068357.368154000 0.714682   -0.685502 0.262699 -0.418414   0.228406 1.22286 0.0001   1.8e-05
QR_4 1787068357.368154000 -1.000000   2.22045e-16 0.0299999 2.57732e-17   5.12991e-10 9.48721e-19 0.0001   1.8e-05
HR_6 1787068357.378154000 0.714902   -0.685918 0.262728 -0.417872   0.227984 1.22084 0.0001   4.3e-05
QR_4 1787068357.378154000 -1.000000   2.22045e-16 0.0299999 2.57732e-17   5.12991e-10 9.48721e-19 0.0001   4.3e-05
HR_6 1787068357.388154000 0.715056   -0.686103 0.26273 -0.418238   0.228141 1.21866 0.0001   2.2e-05
QR_4 1787068357.388154000 -1.000000   2.22045e-16 0.0299999 2.57732e-17   5.12991e-10 9.48721e-19 0.0001   2.2e-05
HR_6 1787068357.398154000 0.715205   -0.686209 0.262699 -0.419624   0.228973 1.2148 0.0001   7e-05
QR_4 1787068357.398154000 -1.000000   2.22045e-16 0.0299999 2.57732e-17   5.12991e-10 9.48721e-19 0.0001   7e-05
HR_6 1787068357.408155000 0.715248   -0.686214 0.262631 -0.420645   0.229957 1.21192 0.0001   3.5e-05
QR_4 1787068357.408155000 -1.000000   2.22045e-16 0.0299999 2.57732e-17   5.12991e-10 9.48721e-19 0.0001   3.5e-05
HR_6 1787068357.418155000 0.715319   -0.686364 0.262629 -0.420385   0.229857 1.21181 0.0001   1.4e-05
QR_4 1787068357.418155000 -1.000000   2.22045e-16 0.0299999 2.57732e-17   5.12991e-10 9.48721e-19 0.0001   1.4e-05
HR_6 1787068357.428155000 0.715484   -0.686692 0.262589 -0.419971   0.229927 1.21142 0.0001   6.4e-05
QR_4 1787068357.428155000 -1.000000   2.22045e-16 0.0299999 2.57732e-17   5.12991e-10 9.48721e-19 0.0001   6.4e-05
HR_6 1787068357.438155000 0.715588   -0.686871 0.262589 -0.419815   0.229856 1.21085 0.0001   2.8e-05
QR_4 1787068357.438155000 -1.000000   2.22045e-16 0.0299999 2.57732e-17   5.12991e-10 9.48721e-19 0.0001   2.8e-05
HR_6 1787068357.448155000 0.715726   -0.686974 0.26255 -0.419785   0.230093 1.20944 0.0001   0.00014
QR_4 1787068357.448155000 -1.000000   2.22045e-16 0.0299999 2.57732e-17   5.12991e-10 9.48721e-19 0.0001   0.00014
HR_6 1787068357.458155000 0.715863   -0.687209 0.262512 -0.41944   0.23021 1.20908 0.0001   0.000272
QR_4 1787068357.458155000 -1.000000   2.22045e-16 0.0299999 2.57732e-17   5.12991e-10 9.48721e-19 0.0001   0.000272
HR_6 1787068357.468155000 0.716077   -0.687441 0.262514 -0.419285   0.230127 1.20751 0.0001   7.2e-05
QR_4 1787068357.468155000 -1.000000   2.22045e-16 0.0299999 2.57732e-17   5.12991e-10 9.48721e-19 0.0001   7.2e-05
HR_6 1787068357.478155000 0.716289   -0.687701 0.262467 -0.419238   0.230336 1.2064 0.0001   0.001281
QR_4 1787068357.478155000 -1.000000   2.22045e-16 0.0299999 2.57732e-17   5.12991e-10 9.48721e-19 0.0001   0.001281
HR_6 1787068357.488155000 0.716431   -0.68802 0.262438 -0.419006   0.230417 1.2058 0.0001   0.000321
QR_4 1787068357.488155000 -1.000000   2.22045e-16 0.0299999 2.57732e-17   5.12991e-10 9.48721e-19 0.0001   0.000321
HR_6 1787068357.498155000 0.716796   -0.688572 0.262479 -0.41849   0.229932 1.20381 0.0001   3.2e-05
QR_4 1787068357.498155000 -1.000000   2.22045e-16 0.0299999 2.57732e-17   5.12991e-10 9.48721e-19 0.0001   3.2e-05
HR_6 1787068357.508156000 0.717056   -0.688843 0.26248 -0.419094   0.230202 1.20053 0.0001   4.2e-05
QR_4 1787068357.508156000 -1.000000   2.22045e-16 0.0299999 2.57732e-17   5.12991e-10 9.48721e-19 0.0001   4.2e-05
HR_6 1787068357.518156000 0.717286   -0.689203 0.262495 -0.419497   0.230225 1.19926 0.0001   0.001995
QR_4 1787068357.518156000 -1.000000   2.22045e-16 0.0299999 2.57732e-17   5.12991e-10 9.48721e-19 0.0001   0.001995
HR_6 1787068357.528156000 0.717555   -0.689797 0.262448 -0.419114   0.230361 1.19815 0.0001   3.3e-05
QR_4 1787068357.528156000 -1.000000   2.22045e-16 0.0299999 2.57732e-17   5.12991e-10 9.48721e-19 0.0001   3.3e-05
HR_6 1787068357.538156000 0.717871   -0.69062 0.262436 -0.418253   0.230054 1.19644 0.0001   5.1e-05
QR_4 1787068357.538156000 -1.000000   2.22045e-16 0.0299999 2.57732e-17   5.12991e-10 9.48721e-19 0.0001   5.1e-05
HR_6 1787068357.548156000 0.718145   -0.691157 0.262533 -0.417304   0.229011 1.19512 0.0001   3.2e-05
QR_4 1787068357.548156000 -1.000000   2.22045e-16 0.0299999 2.57732e-17   5.12991e-10 9.48721e-19 0.0001   3.2e-05
HR_6 1787068357.558156000 0.718384   -0.691464 0.262537 -0.417369   0.229021 1.19259 0.0001   5.8e-05
QR_4 1787068357.558156000 -1.000000   2.22045e-16 0.0299999 2.57732e-17   5.12991e-10 9.48721e-19 0.0001   5.8e-05
HR_6 1787068357.568156000 0.718505   -0.691569 0.262475 -0.418177   0.229787 1.18948 0.0001   4.6e-05
QR_4 1787068357.568156000 -1.000000   2.22045e-16 0.0299999 2.57732e-17   5.12991e-10 9.48721e-19 0.0001   4.6e-05
HR_6 1787068357.578156000 0.718632   -0.691571 0.262431 -0.41907   0.230559 1.18699 0.0001   4.4e-05
QR_4 1787068357.578156000 -1.000000   2.22045e-16 0.0299999 2.57732e-17   5.12991e-10 9.48721e-19 0.0001   4.4e-05
HR_6 1787068357.588156000 0.718690   -0.691908 0.262444 -0.419071   0.230482 1.18642 0.0001   0.002196
QR_4 1787068357.588156000 -1.000000   2.22045e-16 0.0299999 2.57732e-17   5.12991e-10 9.48721e-19 0.0001   0.002196
HR_6 1787068357.598156000 0.718725   -0.692312 0.262476 -0.419201   0.230338 1.18572 0.0001   4.2e-05
QR_4 1787068357.598156000 -1.000000   2.22045e-16 0.0299999 2.57732e-17   5.12991e-10 9.48721e-19 0.0001   4.2e-05
HR_6 1787068357.608157000 0.718862   -0.692734 0.262542 -0.419109   0.229881 1.18417 0.0001   3.4e-05
QR_4 1787068357.608157000 -1.000000   2.22045e-16 0.0299999 2.57732e-17   5.12991e-10 9.48721e-19 0.0001   3.4e-05
HR_6 1787068357.618157000 0.718949   -0.692943 0.262593 -0.419798   0.229861 1.18187 0.0001   2.9e-05
QR_4 1787068357.618157000 -1.000000   2.22045e-16 0.0299999 2.57732e-17   5.12991e-10 9.48721e-19 0.0001   2.9e-05
HR_6 1787068357.628157000 0.718980   -0.693368 0.262668 -0.420587   0.229602 1.18071 0.0001   9.6e-05
QR_4 1787068357.628157000 -1.000000   2.22045e-16 0.0299999 2.57732e-17   5.12991e-10 9.48721e-19 0.0001   9.6e-05
HR_6 1787068357.638157000 0.719092   -0.693864 0.262776 -0.420238   0.228764 1.17928 0.0001   0.002525
QR_4 1787068357.638157000 -1.000000   2.22045e-16 0.0299999 2.57732e-17   5.12991e-10 9.48721e-19 0.0001   0.002525
HR_6 1787068357.648157000 0.719189   -0.694101 0.262823 -0.420409   0.228544 1.17763 0.0001   2.1e-05
QR_4 1787068357.648157000 -1.000000   2.22045e-16 0.0299999 2.57732e-17   5.12991e-10 9.48721e-19 0.0001   2.1e-05
HR_6 1787068357.658157000 0.719285   -0.694304 0.262848 -0.421474   0.228867 1.17433 0.0001   3.6e-05
QR_4 1787068357.658157000 -1.000000   2.22045e-16 0.0299999 2.57732e-17   5.12991e-10 9.48721e-19 0.0001   3.6e-05
HR_6 1787068357.668157000 0.719344   -0.694524 0.262855 -0.421814   0.229009 1.17319 0.0001   8e-06
QR_4 1787068357.668157000 -1.000000   2.22045e-16 0.0299999 2.57732e-17   5.12991e-10 9.48721e-19 0.0001   8e-06
HR_6 1787068357.678157000 0.719468   -0.694998 0.262852 -0.421726   0.22899 1.17231 0.0001   4.6e-05
QR_4 1787068357.678157000 -1.000000   2.22045e-16 0.0299999 2.57732e-17   5.12991e-10 9.48721e-19 0.0001   4.6e-05
HR_6 1787068357.688157000 0.719729   -0.695477 0.262899 -0.421264   0.228489 1.17037 0.0001   1.5e-05
QR_4 1787068357.688157000 -1.000000   2.22045e-16 0.0299999 2.57732e-17   5.12991e-10 9.48721e-19 0.0001   1.5e-05
HR_6 1787068357.698157000 0.719875   -0.695726 0.262864 -0.420978   0.22859 1.16788 0.0001   8e-06
QR_4 1787068357.698157000 -1.000000   2.22045e-16 0.0299999 2.57732e-17   5.12991e-10 9.48721e-19 0.0001   8e-06
HR_6 1787068357.708158000 0.720076   -0.695909 0.262823 -0.421548   0.229334 1.1648 0.0001   2.3e-05
QR_4 1787068357.708158000 -1.000000   2.22045e-16 0.0299999 2.57732e-17   5.12991e-10 9.48721e-19 0.0001   2.3e-05
HR_6 1787068357.718158000 0.720274   -0.696407 0.262842 -0.421214   0.228886 1.16447 0.0001   6e-06
QR_4 1787068357.718158000 -1.000000   2.22045e-16 0.0299999 2.57732e-17   5.12991e-10 9.48721e-19 0.0001   6e-06
HR_6 1787068357.728158000 0.720414   -0.696727 0.262896 -0.42027   0.228117 1.16433 0.0001   0.000793
QR_4 1787068357.728158000 -1.000000   2.22045e-16 0.0299999 2.57732e-17   5.12991e-10 9.48721e-19 0.0001   0.000793
HR_6 1787068357.738156000 0.720549   -0.697006 0.262902 -0.419654   0.227803 1.16337 0.0001   2e-06
QR_4 1787068357.738156000 -1.000000   2.22045e-16 0.0299999 2.57732e-17   5.12991e-10 9.48721e-19 0.0001   2e-06
HR_6 1787068357.748157000 0.720631   -0.69708 0.262895 -0.419996   0.228005 1.16207 0.0001   0.00117
QR_4 1787068357.748157000 -1.000000   2.22045e-16 0.0299999 2.57732e-17   5.12991e-10 9.48721e-19 0.0001   0.00117
HR_6 1787068357.758157000 0.720685   -0.697038 0.26283 -0.42141   0.229052 1.15908 0.0001   1.1e-05
QR_4 1787068357.758157000 -1.000000   2.22045e-16 0.0299999 2.57732e-17   5.12991e-10 9.48721e-19 0.0001   1.1e-05
HR_6 1787068357.768157000 0.720720   -0.697213 0.262851 -0.421979   0.229148 1.1582 0.0001   4e-05
QR_4 1787068357.768157000 -1.000000   2.22045e-16 0.0299999 2.57732e-17   5.12991e-10 9.48721e-19 0.0001   4e-05
HR_6 1787068357.778157000 0.720778   -0.697455 0.262851 -0.421922   0.229124 1.1578 0.0001   2.7e-05
QR_4 1787068357.778157000 -1.000000   2.22045e-16 0.0299999 2.57732e-17   5.12991e-10 9.48721e-19 0.0001   2.7e-05
HR_6 1787068357.788157000 0.720926   -0.698042 0.262847 -0.42177   0.229082 1.15682 0.0001   3.3e-05
QR_4 1787068357.788157000 -1.000000   2.22045e-16 0.0299999 2.57732e-17   5.12991e-10 9.48721e-19 0.0001   3.3e-05
HR_6 1787068357.798157000 0.721199   -0.698758 0.262853 -0.421364   0.228864 1.15516 0.0001   1.5e-05
QR_4 1787068357.798157000 -1.000000   2.22045e-16 0.0299999 2.57732e-17   5.12991e-10 9.48721e-19 0.0001   1.5e-05
HR_6 1787068357.808157000 0.721407   -0.699059 0.262877 -0.421258   0.228669 1.1533 0.0001   2.2e-05
QR_4 1787068357.808157000 -1.000000   2.22045e-16 0.0299999 2.57732e-17   5.12991e-10 9.48721e-19 0.0001   2.2e-05
HR_6 1787068357.818157000 0.721717   -0.699385 0.262857 -0.421897   0.229081 1.14937 0.0001   4.8e-05
QR_4 1787068357.818157000 -1.000000   2.22045e-16 0.0299999 2.57732e-17   5.12991e-10 9.48721e-19 0.0001   4.8e-05
HR_6 1787068357.828157000 0.721918   -0.699788 0.262807 -0.421478   0.229124 1.14891 0.0001   1.6e-05
QR_4 1787068357.828157000 -1.000000   2.22045e-16 0.0299999 2.57732e-17   5.12991e-10 9.48721e-19 0.0001   1.6e-05
HR_6 1787068357.838157000 0.722134   -0.700199 0.262727 -0.420248   0.22909 1.1482 0.0001   7.5e-05
QR_4 1787068357.838157000 -1.000000   2.22045e-16 0.0299999 2.57732e-17   5.12991e-10 9.48721e-19 0.0001   7.5e-05
HR_6 1787068357.848158000 0.722389   -0.700445 0.262674 -0.419935   0.229295 1.14626 0.0001   4.7e-05
QR_4 1787068357.848158000 -1.000000   2.22045e-16 0.0299999 2.57732e-17   5.12991e-10 9.48721e-19 0.0001   4.7e-05
HR_6 1787068357.858158000 0.722466   -0.700467 0.262645 -0.420086   0.229547 1.14548 0.0001   2.2e-05
QR_4 1787068357.858158000 -1.000000   2.22045e-16 0.0299999 2.57732e-17   5.12991e-10 9.48721e-19 0.0001   2.2e-05
HR_6 1787068357.868158000 0.722700   -0.70078 0.262623 -0.420004   0.22965 1.14458 0.0001   4e-06
QR_4 1787068357.868158000 -1.000000   2.22045e-16 0.0299999 2.57732e-17   5.12991e-10 9.48721e-19 0.0001   4e-06
HR_6 1787068357.878158000 0.722841   -0.700989 0.262622 -0.419406   0.229395 1.14408 0.0001   1.7e-05
QR_4 1787068357.878158000 -1.000000   2.22045e-16 0.0299999 2.57732e-17   5.12991e-10 9.48721e-19 0.0001   1.7e-05
HR_6 1787068357.888158000 0.722936   -0.701046 0.262586 -0.419537   0.229686 1.14298 0.0001   9e-06
QR_4 1787068357.888158000 -1.000000   2.22045e-16 0.0299999 2.57732e-17   5.12991e-10 9.48721e-19 0.0001   9e-06
HR_6 1787068357.898158000 0.723099   -0.701153 0.262562 -0.419813   0.230043 1.14179 0.0001   5.5e-05
QR_4 1787068357.898158000 -1.000000   2.22045e-16 0.0299999 2.57732e-17   5.12991e-10 9.48721e-19 0.0001   5.5e-05
HR_6 1787068357.908158000 0.723242   -0.701353 0.262566 -0.419529   0.229892 1.14084 0.0001   0.00319
QR_4 1787068357.908158000 -1.000000   2.22045e-16 0.0299999 2.57732e-17   5.12991e-10 9.48721e-19 0.0001   0.00319
HR_6 1787068357.918158000 0.723326   -0.701495 0.262573 -0.419615   0.229884 1.13968 0.0001   0.000653
QR_4 1787068357.918158000 -1.000000   2.22045e-16 0.0299999 2.57732e-17   5.12991e-10 9.48721e-19 0.0001   0.000653
HR_6 1787068357.928158000 0.723396   -0.701684 0.262607 -0.420143   0.229982 1.13837 0.0001   1.1e-05
QR_4 1787068357.928158000 -1.000000   2.22045e-16 0.0299999 2.57732e-17   5.12991e-10 9.48721e-19 0.0001   1.1e-05
HR_6 1787068357.938158000 0.723526   -0.702206 0.262618 -0.42021   0.229779 1.13762 0.0001   0.000566
QR_4 1787068357.938158000 -1.000000   2.22045e-16 0.0299999 2.57732e-17   5.12991e-10 9.48721e-19 0.0001   0.000566
HR_6 1787068357.948159000 0.723660   -0.702634 0.262627 -0.419787   0.229537 1.13645 0.0001   8.2e-05
QR_4 1787068357.948159000 -1.000000   2.22045e-16 0.0299999 2.57732e-17   5.12991e-10 9.48721e-19 0.0001   8.2e-05
HR_6 1787068357.958156000 0.723829   -0.702961 0.262666 -0.420145   0.229456 1.13378 0.0001   3e-06
QR_4 1787068357.958156000 -1.000000   2.22045e-16 0.0299999 2.57732e-17   5.12991e-10 9.48721e-19 0.0001   3e-06
HR_6 1787068357.968132000 0.723960   -0.703168 0.262664 -0.420363   0.229612 1.1321 0.0001   1e-06
QR_4 1787068357.968132000 -1.000000   2.22045e-16 0.0299999 2.57732e-17   5.12991e-10 9.48721e-19 0.0001   1e-06
HR_6 1787068357.978132000 0.723983   -0.703281 0.262701 -0.420496   0.229438 1.13142 0.0001   4e-05
QR_4 1787068357.978132000 -1.000000   2.22045e-16 0.0299999 2.57732e-17   5.12991e-10 9.48721e-19 0.0001   4e-05
HR_6 1787068357.988132000 0.723928   -0.703359 0.262747 -0.421022   0.229386 1.13058 0.0001   8e-05
QR_4 1787068357.988132000 -1.000000   2.22045e-16 0.0299999 2.57732e-17   5.12991e-10 9.48721e-19 0.0001   8e-05
HR_6 1787068357.998132000 0.723868   -0.703454 0.262785 -0.421247   0.229246 1.13028 0.0001   3.5e-05
QR_4 1787068357.998132000 -1.000000   2.22045e-16 0.0299999 2.57732e-17   5.12991e-10 9.48721e-19 0.0001   3.5e-05
HR_6 1787068358.008132000 0.723834   -0.703512 0.262823 -0.42164   0.229114 1.13002 0.0001   3.3e-05
QR_4 1787068358.008132000 -1.000000   2.22045e-16 0.0299999 2.57732e-17   5.12991e-10 9.48721e-19 0.0001   3.3e-05
HR_6 1787068358.018132000 0.723778   -0.703642 0.262891 -0.421938   0.22882 1.12929 0.0001   7.7e-05
QR_4 1787068358.018132000 -1.000000   2.22045e-16 0.0299999 2.57732e-17   5.12991e-10 9.48721e-19 0.0001   7.7e-05
HR_6 1787068358.028132000 0.723762   -0.703715 0.262926 -0.422372   0.228794 1.12841 0.0001   5.7e-05
QR_4 1787068358.028132000 -1.000000   2.22045e-16 0.0299999 2.57732e-17   5.12991e-10 9.48721e-19 0.0001   5.7e-05
HR_6 1787068358.038132000 0.723889   -0.704109 0.263017 -0.422881   0.22849 1.12585 0.0001   0.002017
QR_4 1787068358.038132000 -1.000000   2.22045e-16 0.0299999 2.57732e-17   5.12991e-10 9.48721e-19 0.0001   0.002017
HR_6 1787068358.048132000 0.724072   -0.704497 0.263074 -0.423208   0.22827 1.12322 0.0001   5e-05
QR_4 1787068358.048132000 -1.000000   2.22045e-16 0.0299999 2.57732e-17   5.12991e-10 9.48721e-19 0.0001   5e-05
HR_6 1787068358.058132000 0.724450   -0.705187 0.263181 -0.423384   0.22767 1.11875 0.0001   7.8e-05
QR_4 1787068358.058132000 -1.000000   2.22045e-16 0.0299999 2.57732e-17   5.12991e-10 9.48721e-19 0.0001   7.8e-05
HR_6 1787068358.068132000 0.724751   -0.705703 0.263244 -0.424442   0.227736 1.11361 0.0001   6.1e-05
QR_4 1787068358.068132000 -1.000000   2.22045e-16 0.0299999 2.57732e-17   5.12991e-10 9.48721e-19 0.0001   6.1e-05
HR_6 1787068358.078133000 0.724863   -0.706179 0.263334 -0.424937   0.227437 1.113 0.0001   0.001012
QR_4 1787068358.078133000 -1.000000   2.22045e-16 0.0299999 2.57732e-17   5.12991e-10 9.48721e-19 0.0001   0.001012
HR_6 1787068358.088133000 0.725022   -0.707148 0.263495 -0.424225   0.225754 1.11183 0.0001   8.7e-05
QR_4 1787068358.088133000 -1.000000   2.22045e-16 0.0299999 2.57732e-17   5.12991e-10 9.48721e-19 0.0001   8.7e-05
HR_6 1787068358.098133000 0.725127   -0.707619 0.263631 -0.424016   0.224802 1.11021 0.0001   0.000382
QR_4 1787068358.098133000 -1.000000   2.22045e-16 0.0299999 2.57732e-17   5.12991e-10 9.48721e-19 0.0001   0.000382
HR_6 1787068358.108133000 0.725301   -0.708086 0.263702 -0.424627   0.224635 1.10656 0.0001   5.8e-05
QR_4 1787068358.108133000 -1.000000   2.22045e-16 0.0299999 2.57732e-17   5.12991e-10 9.48721e-19 0.0001   5.8e-05
HR_6 1787068358.118133000 0.725351   -0.708209 0.263708 -0.42536   0.224929 1.10432 0.0001   8.5e-05
QR_4 1787068358.118133000 -1.000000   2.22045e-16 0.0299999 2.57732e-17   5.12991e-10 9.48721e-19 0.0001   8.5e-05
HR_6 1787068358.128133000 0.725431   -0.708235 0.263681 -0.427108   0.225891 1.10052 0.0001   5.6e-05
QR_4 1787068358.128133000 -1.000000   2.22045e-16 0.0299999 2.57732e-17   5.12991e-10 9.48721e-19 0.0001   5.6e-05
HR_6 1787068358.138133000 0.725466   -0.70847 0.263712 -0.427633   0.2261 1.09919 0.0001   0.00321
QR_4 1787068358.138133000 -1.000000   2.22045e-16 0.0299999 2.57732e-17   5.12991e-10 9.48721e-19 0.0001   0.00321
HR_6 1787068358.148133000 0.725517   -0.708916 0.263737 -0.427734   0.22599 1.09835 0.0001   3.9e-05
QR_4 1787068358.148133000 -1.000000   2.22045e-16 0.0299999 2.57732e-17   5.12991e-10 9.48721e-19 0.0001   3.9e-05
HR_6 1787068358.158133000 0.725640   -0.709488 0.263742 -0.427675   0.225955 1.09732 0.0001   7.1e-05
QR_4 1787068358.158133000 -1.000000   2.22045e-16 0.0299999 2.57732e-17   5.12991e-10 9.48721e-19 0.0001   7.1e-05
HR_6 1787068358.168133000 0.725839   -0.710286 0.263788 -0.427349   0.225523 1.09562 0.0001   4e-05
QR_4 1787068358.168133000 -1.000000   2.22045e-16 0.0299999 2.57732e-17   5.12991e-10 9.48721e-19 0.0001   4e-05
HR_6 1787068358.178134000 0.726049   -0.710819 0.263892 -0.427367   0.22487 1.09276 0.0001   7.3e-05
QR_4 1787068358.178134000 -1.000000   2.22045e-16 0.0299999 2.57732e-17   5.12991e-10 9.48721e-19 0.0001   7.3e-05
HR_6 1787068358.188134000 0.726162   -0.711109 0.263934 -0.42773   0.224758 1.0904 0.0001   0.000487
QR_4 1787068358.188134000 -1.000000   2.22045e-16 0.0299999 2.57732e-17   5.12991e-10 9.48721e-19 0.0001   0.000487
HR_6 1787068358.198134000 0.726196   -0.711319 0.263955 -0.428758   0.225079 1.08724 0.0001   3.5e-05
QR_4 1787068358.198134000 -1.000000   2.22045e-16 0.0299999 2.57732e-17   5.12991e-10 9.48721e-19 0.0001   3.5e-05
HR_6 1787068358.208134000 0.726200   -0.71154 0.264007 -0.429382   0.225032 1.0854 0.0001   5.7e-05
QR_4 1787068358.208134000 -1.000000   2.22045e-16 0.0299999 2.57732e-17   5.12991e-10 9.48721e-19 0.0001   5.7e-05
HR_6 1787068358.218134000 0.726144   -0.711797 0.264087 -0.429619   0.224624 1.08473 0.0001   3.8e-05
QR_4 1787068358.218134000 -1.000000   2.22045e-16 0.0299999 2.57732e-17   5.12991e-10 9.48721e-19 0.0001   3.8e-05
HR_6 1787068358.228134000 0.726054   -0.711868 0.264152 -0.430347   0.224526 1.08374 0.0001   0.001199
QR_4 1787068358.228134000 -1.000000   2.22045e-16 0.0299999 2.57732e-17   5.12991e-10 9.48721e-19 0.0001   0.001199
HR_6 1787068358.238134000 0.725918   -0.711992 0.264249 -0.430773   0.224121 1.08354 0.0001   3.1e-05
QR_4 1787068358.238134000 -1.000000   2.22045e-16 0.0299999 2.57732e-17   5.12991e-10 9.48721e-19 0.0001   3.1e-05
HR_6 1787068358.248134000 0.725745   -0.712038 0.264307 -0.431465   0.224051 1.0828 0.0001   4.7e-05
QR_4 1787068358.248134000 -1.000000   2.22045e-16 0.0299999 2.57732e-17   5.12991e-10 9.48721e-19 0.0001   4.7e-05
HR_6 1787068358.258134000 0.725713   -0.712205 0.264341 -0.431673   0.223922 1.08245 0.0001   0.001677
QR_4 1787068358.258134000 -1.000000   2.22045e-16 0.0299999 2.57732e-17   5.12991e-10 9.48721e-19 0.0001   0.001677
HR_6 1787068358.268134000 0.725753   -0.712682 0.264373 -0.431819   0.223785 1.08157 0.0001   3.9e-05
QR_4 1787068358.268134000 -1.000000   2.22045e-16 0.0299999 2.57732e-17   5.12991e-10 9.48721e-19 0.0001   3.9e-05
HR_6 1787068358.278135000 0.725856   -0.713189 0.264423 -0.431724   0.223425 1.08038 0.0001   7.6e-05
QR_4 1787068358.278135000 -1.000000   2.22045e-16 0.0299999 2.57732e-17   5.12991e-10 9.48721e-19 0.0001   7.6e-05
HR_6 1787068358.288135000 0.725971   -0.713577 0.264514 -0.431702   0.222827 1.07856 0.0001   8e-05
QR_4 1787068358.288135000 -1.000000   2.22045e-16 0.0299999 2.57732e-17   5.12991e-10 9.48721e-19 0.0001   8e-05
HR_6 1787068358.298135000 0.726006   -0.713804 0.264532 -0.432421   0.222861 1.07606 0.0001   8e-05
QR_4 1787068358.298135000 -1.000000   2.22045e-16 0.0299999 2.57732e-17   5.12991e-10 9.48721e-19 0.0001   8e-05
HR_6 1787068358.308135000 0.726022   -0.713943 0.264557 -0.43331   0.223122 1.07409 0.0001   6.6e-05
QR_4 1787068358.308135000 -1.000000   2.22045e-16 0.0299999 2.57732e-17   5.12991e-10 9.48721e-19 0.0001   6.6e-05
HR_6 1787068358.318135000 0.725984   -0.714176 0.2646 -0.433549   0.222954 1.07368 0.0001   4.1e-05
QR_4 1787068358.318135000 -1.000000   2.22045e-16 0.0299999 2.57732e-17   5.12991e-10 9.48721e-19 0.0001   4.1e-05
HR_6 1787068358.328135000 0.725971   -0.714609 0.264651 -0.433792   0.22274 1.07296 0.0001   4.4e-05
QR_4 1787068358.328135000 -1.000000   2.22045e-16 0.0299999 2.57732e-17   5.12991e-10 9.48721e-19 0.0001   4.4e-05
HR_6 1787068358.338135000 0.726027   -0.715043 0.264657 -0.433687   0.222656 1.07228 0.0001   0.001992
QR_4 1787068358.338135000 -1.000000   2.22045e-16 0.0299999 2.57732e-17   5.12991e-10 9.48721e-19 0.0001   0.001992
HR_6 1787068358.348135000 0.726122   -0.715324 0.264656 -0.433466   0.222575 1.07065 0.0001   5.5e-05
QR_4 1787068358.348135000 -1.000000   2.22045e-16 0.0299999 2.57732e-17   5.12991e-10 9.48721e-19 0.0001   5.5e-05
HR_6 1787068358.358135000 0.726222   -0.715589 0.264698 -0.434091   0.222614 1.06822 0.0001   3.6e-05
QR_4 1787068358.358135000 -1.000000   2.22045e-16 0.0299999 2.57732e-17   5.12991e-10 9.48721e-19 0.0001   3.6e-05
HR_6 1787068358.368135000 0.726249   -0.715799 0.264746 -0.433837   0.222201 1.06807 0.0001   3.1e-05
QR_4 1787068358.368135000 -1.000000   2.22045e-16 0.0299999 2.57732e-17   5.12991e-10 9.48721e-19 0.0001   3.1e-05
HR_6 1787068358.378136000 0.726225   -0.715847 0.264777 -0.434125   0.222127 1.06751 0.0001   0.001096
QR_4 1787068358.378136000 -1.000000   2.22045e-16 0.0299999 2.57732e-17   5.12991e-10 9.48721e-19 0.0001   0.001096
HR_6 1787068358.388136000 0.726171   -0.715821 0.264811 -0.434834   0.222203 1.06645 0.0001   3.2e-05
QR_4 1787068358.388136000 -1.000000   2.22045e-16 0.0299999 2.57732e-17   5.12991e-10 9.48721e-19 0.0001   3.2e-05
HR_6 1787068358.398136000 0.726160   -0.715993 0.26489 -0.434707   0.221399 1.06634 0.0001   1.9e-05
QR_4 1787068358.398136000 -1.000000   2.22045e-16 0.0299999 2.57732e-17   5.12991e-10 9.48721e-19 0.0001   1.9e-05
HR_6 1787068358.408136000 0.726132   -0.716116 0.264926 -0.435056   0.22133 1.06525 0.0001   4.3e-05
QR_4 1787068358.408136000 -1.000000   2.22045e-16 0.0299999 2.57732e-17   5.12991e-10 9.48721e-19 0.0001   4.3e-05
HR_6 1787068358.418136000 0.726095   -0.71614 0.264946 -0.435842   0.221552 1.06385 0.0001   7.1e-05
QR_4 1787068358.418136000 -1.000000   2.22045e-16 0.0299999 2.57732e-17   5.12991e-10 9.48721e-19 0.0001   7.1e-05
HR_6 1787068358.428136000 0.726020   -0.71624 0.265043 -0.43548   0.220741 1.06452 0.0001   0.000125
QR_4 1787068358.428136000 -1.000000   2.22045e-16 0.0299999 2.57732e-17   5.12991e-10 9.48721e-19 0.0001   0.000125
HR_6 1787068358.438136000 0.725909   -0.716225 0.265096 -0.435856   0.220574 1.06448 0.0001   6.9e-05
QR_4 1787068358.438136000 -1.000000   2.22045e-16 0.0299999 2.57732e-17   5.12991e-10 9.48721e-19 0.0001   6.9e-05
HR_6 1787068358.448136000 0.725755   -0.716048 0.265107 -0.436951   0.220989 1.06382 0.0001   5e-05
QR_4 1787068358.448136000 -1.000000   2.22045e-16 0.0299999 2.57732e-17   5.12991e-10 9.48721e-19 0.0001   5e-05
HR_6 1787068358.458136000 0.725683   -0.716074 0.265151 -0.43721   0.220851 1.06372 0.0001   0.002027
QR_4 1787068358.458136000 -1.000000   2.22045e-16 0.0299999 2.57732e-17   5.12991e-10 9.48721e-19 0.0001   0.002027
HR_6 1787068358.468136000 0.725651   -0.71636 0.265199 -0.437492   0.220676 1.06313 0.0001   0.000141
QR_4 1787068358.468136000 -1.000000   2.22045e-16 0.0299999 2.57732e-17   5.12991e-10 9.48721e-19 0.0001   0.000141
HR_6 1787068358.478137000 0.725688   -0.716764 0.265251 -0.437062   0.220167 1.06203 0.0001   8e-05
QR_4 1787068358.478137000 -1.000000   2.22045e-16 0.0299999 2.57732e-17   5.12991e-10 9.48721e-19 0.0001   8e-05
HR_6 1787068358.488137000 0.725749   -0.716927 0.265281 -0.437433   0.220144 1.06043 0.0001   5.7e-05
QR_4 1787068358.488137000 -1.000000   2.22045e-16 0.0299999 2.57732e-17   5.12991e-10 9.48721e-19 0.0001   5.7e-05
HR_6 1787068358.498137000 0.725777   -0.717093 0.265297 -0.438124   0.220343 1.0582 0.0001   6e-05
QR_4 1787068358.498137000 -1.000000   2.22045e-16 0.0299999 2.57732e-17   5.12991e-10 9.48721e-19 0.0001   6e-05
HR_6 1787068358.508137000 0.725792   -0.717202 0.265317 -0.438213   0.22026 1.05773 0.0001   0.000483
QR_4 1787068358.508137000 -1.000000   2.22045e-16 0.0299999 2.57732e-17   5.12991e-10 9.48721e-19 0.0001   0.000483
HR_6 1787068358.518137000 0.725746   -0.717328 0.26536 -0.438537   0.220134 1.05723 0.0001   4.1e-05
QR_4 1787068358.518137000 -1.000000   2.22045e-16 0.0299999 2.57732e-17   5.12991e-10 9.48721e-19 0.0001   4.1e-05
HR_6 1787068358.528137000 0.725721   -0.717393 0.265388 -0.438439   0.219918 1.05741 0.0001   4.3e-05
QR_4 1787068358.528137000 -1.000000   2.22045e-16 0.0299999 2.57732e-17   5.12991e-10 9.48721e-19 0.0001   4.3e-05
HR_6 1787068358.538137000 0.725679   -0.717425 0.265415 -0.438929   0.219972 1.05661 0.0001   8.2e-05
QR_4 1787068358.538137000 -1.000000   2.22045e-16 0.0299999 2.57732e-17   5.12991e-10 9.48721e-19 0.0001   8.2e-05
HR_6 1787068358.548137000 0.725676   -0.717531 0.265428 -0.438986   0.219922 1.05643 0.0001   4.5e-05
QR_4 1787068358.548137000 -1.000000   2.22045e-16 0.0299999 2.57732e-17   5.12991e-10 9.48721e-19 0.0001   4.5e-05
HR_6 1787068358.558137000 0.725747   -0.717741 0.265443 -0.438839   0.219768 1.0559 0.0001   4.9e-05
QR_4 1787068358.558137000 -1.000000   2.22045e-16 0.0299999 2.57732e-17   5.12991e-10 9.48721e-19 0.0001   4.9e-05
HR_6 1787068358.568137000 0.725790   -0.717889 0.26545 -0.438771   0.219704 1.05521 0.0001   4.1e-05
QR_4 1787068358.568137000 -1.000000   2.22045e-16 0.0299999 2.57732e-17   5.12991e-10 9.48721e-19 0.0001   4.1e-05
HR_6 1787068358.578138000 0.725780   -0.717907 0.265447 -0.438731   0.21971 1.05525 0.0001   0.000605
QR_4 1787068358.578138000 -1.000000   2.22045e-16 0.0299999 2.57732e-17   5.12991e-10 9.48721e-19 0.0001   0.000605
HR_6 1787068358.588138000 0.725756   -0.71781 0.265419 -0.438936   0.219981 1.05527 0.0001   2.9e-05
QR_4 1787068358.588138000 -1.000000   2.22045e-16 0.0299999 2.57732e-17   5.12991e-10 9.48721e-19 0.0001   2.9e-05
HR_6 1787068358.598138000 0.725770   -0.71783 0.265415 -0.438893   0.219994 1.05525 0.0001   4.9e-05
QR_4 1787068358.598138000 -1.000000   2.22045e-16 0.0299999 2.57732e-17   5.12991e-10 9.48721e-19 0.0001   4.9e-05
HR_6 1787068358.608138000 0.725860   -0.71794 0.265396 -0.438478   0.219951 1.05533 0.0001   5e-05
QR_4 1787068358.608138000 -1.000000   2.22045e-16 0.0299999 2.57732e-17   5.12991e-10 9.48721e-19 0.0001   5e-05
HR_6 1787068358.618138000 0.725962   -0.717926 0.265331 -0.438455   0.220363 1.05475 0.0001   0.000765
QR_4 1787068358.618138000 -1.000000   2.22045e-16 0.0299999 2.57732e-17   5.12991e-10 9.48721e-19 0.0001   0.000765
HR_6 1787068358.628138000 0.726066   -0.717945 0.265283 -0.438092   0.22052 1.05482 0.0001   4.9e-05
QR_4 1787068358.628138000 -1.000000   2.22045e-16 0.0299999 2.57732e-17   5.12991e-10 9.48721e-19 0.0001   4.9e-05
HR_6 1787068358.638138000 0.726258   -0.718153 0.265212 -0.437499   0.220743 1.05466 0.0001   8e-05
QR_4 1787068358.638138000 -1.000000   2.22045e-16 0.0299999 2.57732e-17   5.12991e-10 9.48721e-19 0.0001   8e-05
HR_6 1787068358.648138000 0.726497   -0.718317 0.265123 -0.436729   0.220997 1.05415 0.0001   0.001755
QR_4 1787068358.648138000 -1.000000   2.22045e-16 0.0299999 2.57732e-17   5.12991e-10 9.48721e-19 0.0001   0.001755
HR_6 1787068358.658138000 0.726690   -0.718317 0.265024 -0.436387   0.221488 1.05372 0.0001   0.000315
QR_4 1787068358.658138000 -1.000000   2.22045e-16 0.0299999 2.57732e-17   5.12991e-10 9.48721e-19 0.0001   0.000315
HR_6 1787068358.668138000 0.726718   -0.718328 0.265013 -0.436297   0.221531 1.05372 0.0001   2.6e-05
QR_4 1787068358.668138000 -1.000000   2.22045e-16 0.0299999 2.57732e-17   5.12991e-10 9.48721e-19 0.0001   2.6e-05
HR_6 1787068358.678139000 0.726837   -0.718507 0.264973 -0.435969   0.221654 1.0535 0.0001   3.3e-05
QR_4 1787068358.678139000 -1.000000   2.22045e-16 0.0299999 2.57732e-17   5.12991e-10 9.48721e-19 0.0001   3.3e-05
HR_6 1787068358.688139000 0.726943   -0.718738 0.264944 -0.435721   0.221736 1.05317 0.0001   0.000215
QR_4 1787068358.688139000 -1.000000   2.22045e-16 0.0299999 2.57732e-17   5.12991e-10 9.48721e-19 0.0001   0.000215
HR_6 1787068358.698139000 0.727169   -0.719141 0.264887 -0.435161   0.221864 1.05246 0.0001   4.4e-05
QR_4 1787068358.698139000 -1.000000   2.22045e-16 0.0299999 2.57732e-17   5.12991e-10 9.48721e-19 0.0001   4.4e-05
HR_6 1787068358.708139000 0.727489   -0.7195 0.264859 -0.434977   0.221966 1.04988 0.0001   7.3e-05
QR_4 1787068358.708139000 -1.000000   2.22045e-16 0.0299999 2.57732e-17   5.12991e-10 9.48721e-19 0.0001   7.3e-05
HR_6 1787068358.718139000 0.727623   -0.719681 0.264834 -0.434929   0.222127 1.04921 0.0001   2.5e-05
QR_4 1787068358.718139000 -1.000000   2.22045e-16 0.0299999 2.57732e-17   5.12991e-10 9.48721e-19 0.0001   2.5e-05
HR_6 1787068358.728139000 0.727779   -0.719907 0.264818 -0.434556   0.222069 1.0485 0.0001   3.9e-05
QR_4 1787068358.728139000 -1.000000   2.22045e-16 0.0299999 2.57732e-17   5.12991e-10 9.48721e-19 0.0001   3.9e-05
HR_6 1787068358.738139000 0.727923   -0.72005 0.264791 -0.43448   0.222217 1.04725 0.0001   0.00116
QR_4 1787068358.738139000 -1.000000   2.22045e-16 0.0299999 2.57732e-17   5.12991e-10 9.48721e-19 0.0001   0.00116
HR_6 1787068358.748139000 0.728040   -0.720141 0.264752 -0.434097   0.222301 1.04706 0.0001   0.000111
QR_4 1787068358.748139000 -1.000000   2.22045e-16 0.0299999 2.57732e-17   5.12991e-10 9.48721e-19 0.0001   0.000111
HR_6 1787068358.758139000 0.728107   -0.720089 0.264692 -0.43399   0.222643 1.04691 0.0001   5e-05
QR_4 1787068358.758139000 -1.000000   2.22045e-16 0.0299999 2.57732e-17   5.12991e-10 9.48721e-19 0.0001   5e-05
HR_6 1787068358.768139000 0.728150   -0.720134 0.264676 -0.433856   0.222696 1.04687 0.0001   5.5e-05
QR_4 1787068358.768139000 -1.000000   2.22045e-16 0.0299999 2.57732e-17   5.12991e-10 9.48721e-19 0.0001   5.5e-05
HR_6 1787068358.778140000 0.728235   -0.720287 0.264671 -0.43357   0.222606 1.04661 0.0001   4.3e-05
QR_4 1787068358.778140000 -1.000000   2.22045e-16 0.0299999 2.57732e-17   5.12991e-10 9.48721e-19 0.0001   4.3e-05
HR_6 1787068358.788140000 0.728252   -0.720301 0.264664 -0.433889   0.222791 1.04591 0.0001   3.3e-05
QR_4 1787068358.788140000 -1.000000   2.22045e-16 0.0299999 2.57732e-17   5.12991e-10 9.48721e-19 0.0001   3.3e-05
HR_6 1787068358.798140000 0.728248   -0.720575 0.264694 -0.434056   0.222668 1.04537 0.0001   0.001651
QR_4 1787068358.798140000 -1.000000   2.22045e-16 0.0299999 2.57732e-17   5.12991e-10 9.48721e-19 0.0001   0.001651
HR_6 1787068358.808140000 0.728255   -0.720864 0.26472 -0.434198   0.222563 1.04481 0.0001   0.00018
QR_4 1787068358.808140000 -1.000000   2.22045e-16 0.0299999 2.57732e-17   5.12991e-10 9.48721e-19 0.0001   0.00018
HR_6 1787068358.818140000 0.728352   -0.721614 0.264789 -0.43437   0.22209 1.04339 0.0001   3.9e-05
QR_4 1787068358.818140000 -1.000000   2.22045e-16 0.0299999 2.57732e-17   5.12991e-10 9.48721e-19 0.0001   3.9e-05
HR_6 1787068358.828140000 0.728429   -0.722178 0.264928 -0.43418   0.221122 1.04063 0.0001   0.002216
QR_4 1787068358.828140000 -1.000000   2.22045e-16 0.0299999 2.57732e-17   5.12991e-10 9.48721e-19 0.0001   0.002216
HR_6 1787068358.838140000 0.728498   -0.722448 0.264986 -0.434406   0.220849 1.03886 0.0001   6.1e-05
QR_4 1787068358.838140000 -1.000000   2.22045e-16 0.0299999 2.57732e-17   5.12991e-10 9.48721e-19 0.0001   6.1e-05
HR_6 1787068358.848140000 0.728591   -0.722787 0.265064 -0.435263   0.220724 1.0356 0.0001   6.2e-05
QR_4 1787068358.848140000 -1.000000   2.22045e-16 0.0299999 2.57732e-17   5.12991e-10 9.48721e-19 0.0001   6.2e-05
HR_6 1787068358.858140000 0.728581   -0.722909 0.265115 -0.436707   0.221017 1.03253 0.0001   0.000972
QR_4 1787068358.858140000 -1.000000   2.22045e-16 0.0299999 2.57732e-17   5.12991e-10 9.48721e-19 0.0001   0.000972
HR_6 1787068358.868140000 0.728515   -0.722984 0.265164 -0.4373   0.22098 1.03169 0.0001   5.3e-05
QR_4 1787068358.868140000 -1.000000   2.22045e-16 0.0299999 2.57732e-17   5.12991e-10 9.48721e-19 0.0001   5.3e-05
HR_6 1787068358.878141000 0.728416   -0.723103 0.265224 -0.43769   0.220767 1.03143 0.0001   4.4e-05
QR_4 1787068358.878141000 -1.000000   2.22045e-16 0.0299999 2.57732e-17   5.12991e-10 9.48721e-19 0.0001   4.4e-05
HR_6 1787068358.888141000 0.728308   -0.723259 0.265319 -0.438059   0.220317 1.03099 0.0001   5.1e-05
QR_4 1787068358.888141000 -1.000000   2.22045e-16 0.0299999 2.57732e-17   5.12991e-10 9.48721e-19 0.0001   5.1e-05
HR_6 1787068358.898141000 0.728235   -0.72328 0.265362 -0.438469   0.220216 1.03058 0.0001   0.003202
QR_4 1787068358.898141000 -1.000000   2.22045e-16 0.0299999 2.57732e-17   5.12991e-10 9.48721e-19 0.0001   0.003202
HR_6 1787068358.908141000 0.728202   -0.723303 0.265381 -0.438592   0.22015 1.03052 0.0001   0.000459
QR_4 1787068358.908141000 -1.000000   2.22045e-16 0.0299999 2.57732e-17   5.12991e-10 9.48721e-19 0.0001   0.000459
HR_6 1787068358.918141000 0.728173   -0.723381 0.265418 -0.438787   0.219997 1.0301 0.0001   7.5e-05
QR_4 1787068358.918141000 -1.000000   2.22045e-16 0.0299999 2.57732e-17   5.12991e-10 9.48721e-19 0.0001   7.5e-05
HR_6 1787068358.928141000 0.728156   -0.723466 0.265435 -0.439038   0.219995 1.02965 0.0001   3.8e-05
QR_4 1787068358.928141000 -1.000000   2.22045e-16 0.0299999 2.57732e-17   5.12991e-10 9.48721e-19 0.0001   3.8e-05
HR_6 1787068358.938141000 0.728272   -0.723936 0.265527 -0.439496   0.219596 1.02671 0.0001   0.001952
QR_4 1787068358.938141000 -1.000000   2.22045e-16 0.0299999 2.57732e-17   5.12991e-10 9.48721e-19 0.0001   0.001952
HR_6 1787068358.948141000 0.728345   -0.724189 0.265583 -0.439992   0.219451 1.02452 0.0001   3.3e-05
QR_4 1787068358.948141000 -1.000000   2.22045e-16 0.0299999 2.57732e-17   5.12991e-10 9.48721e-19 0.0001   3.3e-05
HR_6 1787068358.958141000 0.728390   -0.724995 0.265714 -0.440478   0.2187 1.02302 0.0001   5.9e-05
QR_4 1787068358.958141000 -1.000000   2.22045e-16 0.0299999 2.57732e-17   5.12991e-10 9.48721e-19 0.0001   5.9e-05
HR_6 1787068358.968141000 0.728432   -0.725542 0.265876 -0.440096   0.2175 1.02148 0.0001   4.7e-05
QR_4 1787068358.968141000 -1.000000   2.22045e-16 0.0299999 2.57732e-17   5.12991e-10 9.48721e-19 0.0001   4.7e-05
HR_6 1787068358.978142000 0.728481   -0.726084 0.266037 -0.440406   0.216595 1.01866 0.0001   0.00159
QR_4 1787068358.978142000 -1.000000   2.22045e-16 0.0299999 2.57732e-17   5.12991e-10 9.48721e-19 0.0001   0.00159
HR_6 1787068358.988142000 0.728490   -0.726342 0.266091 -0.440904   0.216464 1.0164 0.0001   4.9e-05
QR_4 1787068358.988142000 -1.000000   2.22045e-16 0.0299999 2.57732e-17   5.12991e-10 9.48721e-19 0.0001   4.9e-05
HR_6 1787068358.998142000 0.728503   -0.726489 0.266138 -0.442676   0.216912 1.01247 0.0001   3.5e-05
QR_4 1787068358.998142000 -1.000000   2.22045e-16 0.0299999 2.57732e-17   5.12991e-10 9.48721e-19 0.0001   3.5e-05
HR_6 1787068359.008142000 0.728459   -0.726499 0.266163 -0.444082   0.217468 1.00994 0.0001   0.000121
QR_4 1787068359.008142000 -1.000000   2.22045e-16 0.0299999 2.57732e-17   5.12991e-10 9.48721e-19 0.0001   0.000121
HR_6 1787068359.018142000 0.728397   -0.72694 0.266263 -0.444679   0.217048 1.00909 0.0001   6.3e-05
QR_4 1787068359.018142000 -1.000000   2.22045e-16 0.0299999 2.57732e-17   5.12991e-10 9.48721e-19 0.0001   6.3e-05
HR_6 1787068359.028142000 0.728369   -0.727682 0.266352 -0.445208   0.216706 1.00755 0.0001   3.5e-05
QR_4 1787068359.028142000 -1.000000   2.22045e-16 0.0299999 2.57732e-17   5.12991e-10 9.48721e-19 0.0001   3.5e-05
HR_6 1787068359.038142000 0.728393   -0.728483 0.266418 -0.445595   0.216434 1.00592 0.0001   0.00012
QR_4 1787068359.038142000 -1.000000   2.22045e-16 0.0299999 2.57732e-17   5.12991e-10 9.48721e-19 0.0001   0.00012
HR_6 1787068359.048142000 0.728528   -0.729565 0.266562 -0.445706   0.215559 1.0029 0.0001   5.7e-05
QR_4 1787068359.048142000 -1.000000   2.22045e-16 0.0299999 2.57732e-17   5.12991e-10 9.48721e-19 0.0001   5.7e-05
HR_6 1787068359.058142000 0.728665   -0.730366 0.266768 -0.445915   0.21431 0.998876 0.0001   4.9e-05
QR_4 1787068359.058142000 -1.000000   2.22045e-16 0.0299999 2.57732e-17   5.12991e-10 9.48721e-19 0.0001   4.9e-05
HR_6 1787068359.068142000 0.728770   -0.730913 0.266906 -0.446729   0.213754 0.994823 0.0001   5.6e-05
QR_4 1787068359.068142000 -1.000000   2.22045e-16 0.0299999 2.57732e-17   5.12991e-10 9.48721e-19 0.0001   5.6e-05
HR_6 1787068359.078143000 0.728814   -0.731279 0.267011 -0.448351   0.213742 0.990188 0.0001   5.5e-05
QR_4 1787068359.078143000 -1.000000   2.22045e-16 0.0299999 2.57732e-17   5.12991e-10 9.48721e-19 0.0001   5.5e-05
HR_6 1787068359.088143000 0.728756   -0.73146 0.267061 -0.450152   0.214154 0.985965 0.0001   4e-05
QR_4 1787068359.088143000 -1.000000   2.22045e-16 0.0299999 2.57732e-17   5.12991e-10 9.48721e-19 0.0001   4e-05
HR_6 1787068359.098143000 0.728657   -0.73195 0.267235 -0.451252   0.213285 0.985276 0.0001   0.000607
QR_4 1787068359.098143000 -1.000000   2.22045e-16 0.0299999 2.57732e-17   5.12991e-10 9.48721e-19 0.0001   0.000607
HR_6 1787068359.108143000 0.728592   -0.73246 0.267362 -0.451587   0.212606 0.98391 0.0001   6e-05
QR_4 1787068359.108143000 -1.000000   2.22045e-16 0.0299999 2.57732e-17   5.12991e-10 9.48721e-19 0.0001   6e-05
HR_6 1787068359.118143000 0.728509   -0.732894 0.267536 -0.451782   0.211561 0.982194 0.0001   5e-05
QR_4 1787068359.118143000 -1.000000   2.22045e-16 0.0299999 2.57732e-17   5.12991e-10 9.48721e-19 0.0001   5e-05
HR_6 1787068359.128143000 0.728443   -0.73309 0.267639 -0.452776   0.211303 0.979939 0.0001   4e-05
QR_4 1787068359.128143000 -1.000000   2.22045e-16 0.0299999 2.57732e-17   5.12991e-10 9.48721e-19 0.0001   4e-05
HR_6 1787068359.138143000 0.728415   -0.733174 0.267683 -0.453931   0.211489 0.977571 0.0001   0.000909
QR_4 1787068359.138143000 -1.000000   2.22045e-16 0.0299999 2.57732e-17   5.12991e-10 9.48721e-19 0.0001   0.000909
HR_6 1787068359.148143000 0.728310   -0.733329 0.267736 -0.454796   0.211619 0.976033 0.0001   3.6e-05
QR_4 1787068359.148143000 -1.000000   2.22045e-16 0.0299999 2.57732e-17   5.12991e-10 9.48721e-19 0.0001   3.6e-05
HR_6 1787068359.158143000 0.728211   -0.733722 0.267822 -0.455336   0.211282 0.975165 0.0001   0.000318
QR_4 1787068359.158143000 -1.000000   2.22045e-16 0.0299999 2.57732e-17   5.12991e-10 9.48721e-19 0.0001   0.000318
HR_6 1787068359.168143000 0.728168   -0.734049 0.267873 -0.455652   0.211074 0.974476 0.0001   6.2e-05
QR_4 1787068359.168143000 -1.000000   2.22045e-16 0.0299999 2.57732e-17   5.12991e-10 9.48721e-19 0.0001   6.2e-05
HR_6 1787068359.178144000 0.728132   -0.734817 0.267962 -0.456181   0.210706 0.972901 0.0001   3.4e-05
QR_4 1787068359.178144000 -1.000000   2.22045e-16 0.0299999 2.57732e-17   5.12991e-10 9.48721e-19 0.0001   3.4e-05
HR_6 1787068359.188144000 0.728144   -0.735827 0.26805 -0.456683   0.210335 0.970859 0.0001   0.000193
QR_4 1787068359.188144000 -1.000000   2.22045e-16 0.0299999 2.57732e-17   5.12991e-10 9.48721e-19 0.0001   0.000193
HR_6 1787068359.198144000 0.728237   -0.736556 0.268205 -0.456364   0.209193 0.968753 0.0001   7.1e-05
QR_4 1787068359.198144000 -1.000000   2.22045e-16 0.0299999 2.57732e-17   5.12991e-10 9.48721e-19 0.0001   7.1e-05
HR_6 1787068359.208144000 0.728311   -0.737289 0.268407 -0.456665   0.207995 0.964979 0.0001   5e-05
QR_4 1787068359.208144000 -1.000000   2.22045e-16 0.0299999 2.57732e-17   5.12991e-10 9.48721e-19 0.0001   5e-05
HR_6 1787068359.218144000 0.728335   -0.737845 0.268559 -0.457462   0.20732 0.96101 0.0001   1.8e-05
QR_4 1787068359.218144000 -1.000000   2.22045e-16 0.0299999 2.57732e-17   5.12991e-10 9.48721e-19 0.0001   1.8e-05
HR_6 1787068359.228144000 0.728338   -0.73803 0.268619 -0.458406   0.207305 0.958473 0.0001   2.7e-05
QR_4 1787068359.228144000 -1.000000   2.22045e-16 0.0299999 2.57732e-17   5.12991e-10 9.48721e-19 0.0001   2.7e-05
HR_6 1787068359.238144000 0.728297   -0.73817 0.268686 -0.460773   0.207802 0.953597 0.0001   0.002418
QR_4 1787068359.238144000 -1.000000   2.22045e-16 0.0299999 2.57732e-17   5.12991e-10 9.48721e-19 0.0001   0.002418
HR_6 1787068359.248144000 0.728237   -0.738233 0.268746 -0.461354   0.207736 0.952645 0.0001   4.1e-05
QR_4 1787068359.248144000 -1.000000   2.22045e-16 0.0299999 2.57732e-17   5.12991e-10 9.48721e-19 0.0001   4.1e-05
HR_6 1787068359.258144000 0.728000   -0.738328 0.268871 -0.462268   0.207117 0.951378 0.0001   3e-05
QR_4 1787068359.258144000 -1.000000   2.22045e-16 0.0299999 2.57732e-17   5.12991e-10 9.48721e-19 0.0001   3e-05
HR_6 1787068359.268144000 0.727814   -0.738354 0.268978 -0.462966   0.206493 0.950841 0.0001   4.8e-05
QR_4 1787068359.268144000 -1.000000   2.22045e-16 0.0299999 2.57732e-17   5.12991e-10 9.48721e-19 0.0001   4.8e-05
HR_6 1787068359.278145000 0.727563   -0.738394 0.269108 -0.463909   0.206024 0.949797 0.0001   4.4e-05
QR_4 1787068359.278145000 -1.000000   2.22045e-16 0.0299999 2.57732e-17   5.12991e-10 9.48721e-19 0.0001   4.4e-05
HR_6 1787068359.288145000 0.727389   -0.738399 0.269203 -0.464842   0.205789 0.948905 0.0001   5.8e-05
QR_4 1787068359.288145000 -1.000000   2.22045e-16 0.0299999 2.57732e-17   5.12991e-10 9.48721e-19 0.0001   5.8e-05
HR_6 1787068359.298145000 0.727239   -0.738633 0.269346 -0.465831   0.205246 0.94703 0.0001   6.7e-05
QR_4 1787068359.298145000 -1.000000   2.22045e-16 0.0299999 2.57732e-17   5.12991e-10 9.48721e-19 0.0001   6.7e-05
HR_6 1787068359.308145000 0.727057   -0.739034 0.269468 -0.466637   0.204763 0.946122 0.0001   4.5e-05
QR_4 1787068359.308145000 -1.000000   2.22045e-16 0.0299999 2.57732e-17   5.12991e-10 9.48721e-19 0.0001   4.5e-05
HR_6 1787068359.318145000 0.726958   -0.739564 0.269598 -0.46712   0.204103 0.944783 0.0001   4.8e-05
QR_4 1787068359.318145000 -1.000000   2.22045e-16 0.0299999 2.57732e-17   5.12991e-10 9.48721e-19 0.0001   4.8e-05
HR_6 1787068359.328145000 0.726901   -0.739874 0.269724 -0.467593   0.203462 0.942916 0.0001   2.9e-05
QR_4 1787068359.328145000 -1.000000   2.22045e-16 0.0299999 2.57732e-17   5.12991e-10 9.48721e-19 0.0001   2.9e-05
HR_6 1787068359.338145000 0.726761   -0.740113 0.269868 -0.468791   0.20299 0.940329 0.0001   4.4e-05
QR_4 1787068359.338145000 -1.000000   2.22045e-16 0.0299999 2.57732e-17   5.12991e-10 9.48721e-19 0.0001   4.4e-05
HR_6 1787068359.348145000 0.726645   -0.740133 0.269933 -0.46995   0.203013 0.938589 0.0001   3.2e-05
QR_4 1787068359.348145000 -1.000000   2.22045e-16 0.0299999 2.57732e-17   5.12991e-10 9.48721e-19 0.0001   3.2e-05
HR_6 1787068359.358145000 0.726486   -0.740322 0.270024 -0.470566   0.20265 0.938119 0.0001   2.3e-05
QR_4 1787068359.358145000 -1.000000   2.22045e-16 0.0299999 2.57732e-17   5.12991e-10 9.48721e-19 0.0001   2.3e-05
HR_6 1787068359.368145000 0.726394   -0.74062 0.270095 -0.470971   0.202347 0.937539 0.0001   3.5e-05
QR_4 1787068359.368145000 -1.000000   2.22045e-16 0.0299999 2.57732e-17   5.12991e-10 9.48721e-19 0.0001   3.5e-05
HR_6 1787068359.378146000 0.726334   -0.740878 0.270145 -0.471275   0.202139 0.937037 0.0001   4.8e-05
QR_4 1787068359.378146000 -1.000000   2.22045e-16 0.0299999 2.57732e-17   5.12991e-10 9.48721e-19 0.0001   4.8e-05
HR_6 1787068359.388146000 0.726255   -0.74125 0.270257 -0.471623   0.201538 0.935918 0.0001   0.000123
QR_4 1787068359.388146000 -1.000000   2.22045e-16 0.0299999 2.57732e-17   5.12991e-10 9.48721e-19 0.0001   0.000123
HR_6 1787068359.398146000 0.726150   -0.741431 0.270365 -0.472405   0.201128 0.933977 0.0001   2e-05
QR_4 1787068359.398146000 -1.000000   2.22045e-16 0.0299999 2.57732e-17   5.12991e-10 9.48721e-19 0.0001   2e-05
HR_6 1787068359.408146000 0.726020   -0.741472 0.270443 -0.473452   0.201012 0.932447 0.0001   0.001205
QR_4 1787068359.408146000 -1.000000   2.22045e-16 0.0299999 2.57732e-17   5.12991e-10 9.48721e-19 0.0001   0.001205
HR_6 1787068359.418146000 0.725885   -0.741682 0.270602 -0.4739   0.200054 0.93167 0.0001   1.4e-05
QR_4 1787068359.418146000 -1.000000   2.22045e-16 0.0299999 2.57732e-17   5.12991e-10 9.48721e-19 0.0001   1.4e-05
HR_6 1787068359.428146000 0.725629   -0.741865 0.270737 -0.474415   0.199366 0.930688 0.0001   8.7e-05
QR_4 1787068359.428146000 -1.000000   2.22045e-16 0.0299999 2.57732e-17   5.12991e-10 9.48721e-19 0.0001   8.7e-05
HR_6 1787068359.438146000 0.725444   -0.741936 0.270854 -0.475299   0.19893 0.92966 0.0001   5.6e-05
QR_4 1787068359.438146000 -1.000000   2.22045e-16 0.0299999 2.57732e-17   5.12991e-10 9.48721e-19 0.0001   5.6e-05
HR_6 1787068359.448146000 0.725255   -0.741925 0.270945 -0.476379   0.198737 0.928576 0.0001   5.5e-05
QR_4 1787068359.448146000 -1.000000   2.22045e-16 0.0299999 2.57732e-17   5.12991e-10 9.48721e-19 0.0001   5.5e-05
HR_6 1787068359.458146000 0.724997   -0.741829 0.271044 -0.477726   0.198591 0.927622 0.0001   5.5e-05
QR_4 1787068359.458146000 -1.000000   2.22045e-16 0.0299999 2.57732e-17   5.12991e-10 9.48721e-19 0.0001   5.5e-05
HR_6 1787068359.468146000 0.724855   -0.741845 0.271325 -0.477452   0.196651 0.92643 0.0001   6.4e-05
QR_4 1787068359.468146000 -1.000000   2.22045e-16 0.0299999 2.57732e-17   5.12991e-10 9.48721e-19 0.0001   6.4e-05
HR_6 1787068359.478147000 0.724580   -0.741974 0.271532 -0.478786   0.195774 0.924254 0.0001   6.2e-05
QR_4 1787068359.478147000 -1.000000   2.22045e-16 0.0299999 2.57732e-17   5.12991e-10 9.48721e-19 0.0001   6.2e-05
HR_6 1787068359.488147000 0.724300   -0.74201 0.271685 -0.480559   0.195416 0.922085 0.0001   2.4e-05
QR_4 1787068359.488147000 -1.000000   2.22045e-16 0.0299999 2.57732e-17   5.12991e-10 9.48721e-19 0.0001   2.4e-05
HR_6 1787068359.498147000 0.723995   -0.741929 0.271812 -0.482293   0.195214 0.920609 0.0001   0.000101
QR_4 1787068359.498147000 -1.000000   2.22045e-16 0.0299999 2.57732e-17   5.12991e-10 9.48721e-19 0.0001   0.000101
HR_6 1787068359.508147000 0.723835   -0.741825 0.27186 -0.483402   0.195302 0.91969 0.0001   4.3e-05
QR_4 1787068359.508147000 -1.000000   2.22045e-16 0.0299999 2.57732e-17   5.12991e-10 9.48721e-19 0.0001   4.3e-05
HR_6 1787068359.518147000 0.723630   -0.741937 0.27223 -0.482117   0.192406 0.919177 0.0001   0.001705
QR_4 1787068359.518147000 -1.000000   2.22045e-16 0.0299999 2.57732e-17   5.12991e-10 9.48721e-19 0.0001   0.001705
HR_6 1787068359.528147000 0.723484   -0.742129 0.27237 -0.481986   0.19142 0.919326 0.0001   2.7e-05
QR_4 1787068359.528147000 -1.000000   2.22045e-16 0.0299999 2.57732e-17   5.12991e-10 9.48721e-19 0.0001   2.7e-05
HR_6 1787068359.538147000 0.723221   -0.742379 0.272533 -0.481698   0.190222 0.919606 0.0001   2.4e-05
QR_4 1787068359.538147000 -1.000000   2.22045e-16 0.0299999 2.57732e-17   5.12991e-10 9.48721e-19 0.0001   2.4e-05
HR_6 1787068359.548147000 0.723024   -0.742463 0.272656 -0.482146   0.189558 0.919429 0.0001   1.4e-05
QR_4 1787068359.548147000 -1.000000   2.22045e-16 0.0299999 2.57732e-17   5.12991e-10 9.48721e-19 0.0001   1.4e-05
HR_6 1787068359.558147000 0.722694   -0.742448 0.272779 -0.482921   0.189024 0.918946 0.0001   2.4e-05
QR_4 1787068359.558147000 -1.000000   2.22045e-16 0.0299999 2.57732e-17   5.12991e-10 9.48721e-19 0.0001   2.4e-05
HR_6 1787068359.568147000 0.722461   -0.742378 0.272809 -0.483655   0.189091 0.91833 0.0001   3.8e-05
QR_4 1787068359.568147000 -1.000000   2.22045e-16 0.0299999 2.57732e-17   5.12991e-10 9.48721e-19 0.0001   3.8e-05
HR_6 1787068359.578148000 0.722224   -0.742199 0.272871 -0.484997   0.18917 0.917655 0.0001   0.000528
QR_4 1787068359.578148000 -1.000000   2.22045e-16 0.0299999 2.57732e-17   5.12991e-10 9.48721e-19 0.0001   0.000528
HR_6 1787068359.588148000 0.721933   -0.741906 0.272923 -0.487099   0.189584 0.91622 0.0001   0.001262
QR_4 1787068359.588148000 -1.000000   2.22045e-16 0.0299999 2.57732e-17   5.12991e-10 9.48721e-19 0.0001   0.001262
HR_6 1787068359.598148000 0.721770   -0.741704 0.27294 -0.488307   0.189904 0.915508 0.0001   0.000644
QR_4 1787068359.598148000 -1.000000   2.22045e-16 0.0299999 2.57732e-17   5.12991e-10 9.48721e-19 0.0001   0.000644
HR_6 1787068359.608148000 0.721525   -0.741305 0.272933 -0.490267   0.190655 0.914509 0.0001   7.7e-05
QR_4 1787068359.608148000 -1.000000   2.22045e-16 0.0299999 2.57732e-17   5.12991e-10 9.48721e-19 0.0001   7.7e-05
HR_6 1787068359.618148000 0.721318   -0.741068 0.273141 -0.490264   0.189096 0.913862 0.0001   5.2e-05
QR_4 1787068359.618148000 -1.000000   2.22045e-16 0.0299999 2.57732e-17   5.12991e-10 9.48721e-19 0.0001   5.2e-05
HR_6 1787068359.628148000 0.721180   -0.741164 0.273366 -0.489625   0.187357 0.913509 0.0001   4.9e-05
QR_4 1787068359.628148000 -1.000000   2.22045e-16 0.0299999 2.57732e-17   5.12991e-10 9.48721e-19 0.0001   4.9e-05
HR_6 1787068359.638148000 0.720989   -0.741262 0.273486 -0.489899   0.186649 0.913453 0.0001   5.1e-05
QR_4 1787068359.638148000 -1.000000   2.22045e-16 0.0299999 2.57732e-17   5.12991e-10 9.48721e-19 0.0001   5.1e-05
HR_6 1787068359.648148000 0.720768   -0.741299 0.273604 -0.490704   0.186148 0.912848 0.0001   5e-05
QR_4 1787068359.648148000 -1.000000   2.22045e-16 0.0299999 2.57732e-17   5.12991e-10 9.48721e-19 0.0001   5e-05
HR_6 1787068359.658148000 0.720534   -0.741211 0.273651 -0.491411   0.186093 0.912439 0.0001   0.000464
QR_4 1787068359.658148000 -1.000000   2.22045e-16 0.0299999 2.57732e-17   5.12991e-10 9.48721e-19 0.0001   0.000464
HR_6 1787068359.668148000 0.720315   -0.741004 0.273694 -0.492777   0.186291 0.911724 0.0001   2.1e-05
QR_4 1787068359.668148000 -1.000000   2.22045e-16 0.0299999 2.57732e-17   5.12991e-10 9.48721e-19 0.0001   2.1e-05
HR_6 1787068359.678149000 0.720111   -0.740692 0.273693 -0.494298   0.186841 0.911 0.0001   4.8e-05
QR_4 1787068359.678149000 -1.000000   2.22045e-16 0.0299999 2.57732e-17   5.12991e-10 9.48721e-19 0.0001   4.8e-05
HR_6 1787068359.688149000 0.719889   -0.7403 0.273677 -0.495989   0.187547 0.910389 0.0001   0.001782
QR_4 1787068359.688149000 -1.000000   2.22045e-16 0.0299999 2.57732e-17   5.12991e-10 9.48721e-19 0.0001   0.001782
HR_6 1787068359.698149000 0.719778   -0.740183 0.273728 -0.496755   0.187538 0.910249 0.0001   3.6e-05
QR_4 1787068359.698149000 -1.000000   2.22045e-16 0.0299999 2.57732e-17   5.12991e-10 9.48721e-19 0.0001   3.6e-05
HR_6 1787068359.708149000 0.719725   -0.740333 0.273767 -0.496947   0.187342 0.909964 0.0001   3.6e-05
QR_4 1787068359.708149000 -1.000000   2.22045e-16 0.0299999 2.57732e-17   5.12991e-10 9.48721e-19 0.0001   3.6e-05
HR_6 1787068359.718149000 0.719721   -0.740462 0.27378 -0.497006   0.187277 0.90973 0.0001   0.000102
QR_4 1787068359.718149000 -1.000000   2.22045e-16 0.0299999 2.57732e-17   5.12991e-10 9.48721e-19 0.0001   0.000102
HR_6 1787068359.728149000 0.719778   -0.740729 0.273777 -0.496903   0.187266 0.909305 0.0001   2e-05
QR_4 1787068359.728149000 -1.000000   2.22045e-16 0.0299999 2.57732e-17   5.12991e-10 9.48721e-19 0.0001   2e-05
HR_6 1787068359.738149000 0.719837   -0.740951 0.27377 -0.496785   0.187276 0.908958 0.0001   2.9e-05
QR_4 1787068359.738149000 -1.000000   2.22045e-16 0.0299999 2.57732e-17   5.12991e-10 9.48721e-19 0.0001   2.9e-05
HR_6 1787068359.748149000 0.719942   -0.741168 0.273783 -0.496353   0.187042 0.908318 0.0001   3.6e-05
QR_4 1787068359.748149000 -1.000000   2.22045e-16 0.0299999 2.57732e-17   5.12991e-10 9.48721e-19 0.0001   3.6e-05
HR_6 1787068359.758149000 0.720041   -0.741277 0.273769 -0.496369   0.187144 0.907308 0.0001   0.001045
QR_4 1787068359.758149000 -1.000000   2.22045e-16 0.0299999 2.57732e-17   5.12991e-10 9.48721e-19 0.0001   0.001045
HR_6 1787068359.768149000 0.720081   -0.741263 0.273729 -0.496559   0.187481 0.906587 0.0001   5e-06
QR_4 1787068359.768149000 -1.000000   2.22045e-16 0.0299999 2.57732e-17   5.12991e-10 9.48721e-19 0.0001   5e-06
HR_6 1787068359.778150000 0.720204   -0.741457 0.273747 -0.496542   0.187353 0.904929 0.0001   1.4e-05
QR_4 1787068359.778150000 -1.000000   2.22045e-16 0.0299999 2.57732e-17   5.12991e-10 9.48721e-19 0.0001   1.4e-05
HR_6 1787068359.788150000 0.720250   -0.741637 0.273762 -0.496753   0.187358 0.903816 0.0001   2.6e-05
QR_4 1787068359.788150000 -1.000000   2.22045e-16 0.0299999 2.57732e-17   5.12991e-10 9.48721e-19 0.0001   2.6e-05
HR_6 1787068359.798150000 0.720396   -0.742214 0.273791 -0.496356   0.187022 0.902237 0.0001   5.1e-05
QR_4 1787068359.798150000 -1.000000   2.22045e-16 0.0299999 2.57732e-17   5.12991e-10 9.48721e-19 0.0001   5.1e-05
HR_6 1787068359.808150000 0.720568   -0.742616 0.273824 -0.495676   0.186565 0.90093 0.0001   3.2e-05
QR_4 1787068359.808150000 -1.000000   2.22045e-16 0.0299999 2.57732e-17   5.12991e-10 9.48721e-19 0.0001   3.2e-05
HR_6 1787068359.818150000 0.720636   -0.742798 0.273847 -0.49574   0.186436 0.899677 0.0001   2.7e-05
QR_4 1787068359.818150000 -1.000000   2.22045e-16 0.0299999 2.57732e-17   5.12991e-10 9.48721e-19 0.0001   2.7e-05
HR_6 1787068359.828150000 0.720751   -0.742963 0.27384 -0.496119   0.186618 0.897592 0.0001   1.5e-05
QR_4 1787068359.828150000 -1.000000   2.22045e-16 0.0299999 2.57732e-17   5.12991e-10 9.48721e-19 0.0001   1.5e-05
HR_6 1787068359.838150000 0.720779   -0.742987 0.273832 -0.497313   0.187085 0.894932 0.0001   1.9e-05
QR_4 1787068359.838150000 -1.000000   2.22045e-16 0.0299999 2.57732e-17   5.12991e-10 9.48721e-19 0.0001   1.9e-05
HR_6 1787068359.848147000 0.720721   -0.743151 0.273942 -0.497067   0.186263 0.894752 0.0001   3e-06
QR_4 1787068359.848147000 -1.000000   2.22045e-16 0.0299999 2.57732e-17   5.12991e-10 9.48721e-19 0.0001   3e-06
HR_6 1787068359.858148000 0.720589   -0.743315 0.274056 -0.497404   0.185608 0.894075 0.0001   1.5e-05
QR_4 1787068359.858148000 -1.000000   2.22045e-16 0.0299999 2.57732e-17   5.12991e-10 9.48721e-19 0.0001   1.5e-05
HR_6 1787068359.868148000 0.720340   -0.743252 0.274151 -0.498624   0.185388 0.893128 0.0001   0.002908
QR_4 1787068359.868148000 -1.000000   2.22045e-16 0.0299999 2.57732e-17   5.12991e-10 9.48721e-19 0.0001   0.002908
HR_6 1787068359.878148000 0.720235   -0.743128 0.274164 -0.49947   0.185587 0.892509 0.0001   4.4e-05
QR_4 1787068359.878148000 -1.000000   2.22045e-16 0.0299999 2.57732e-17   5.12991e-10 9.48721e-19 0.0001   4.4e-05
HR_6 1787068359.888148000 0.720039   -0.743429 0.274282 -0.500568   0.185138 0.891349 0.0001   0.002634
QR_4 1787068359.888148000 -1.000000   2.22045e-16 0.0299999 2.57732e-17   5.12991e-10 9.48721e-19 0.0001   0.002634
HR_6 1787068359.898148000 0.720018   -0.743647 0.274311 -0.500757   0.185005 0.890811 0.0001   3.2e-05
QR_4 1787068359.898148000 -1.000000   2.22045e-16 0.0299999 2.57732e-17   5.12991e-10 9.48721e-19 0.0001   3.2e-05
HR_6 1787068359.908148000 0.720004   -0.74469 0.274412 -0.501391   0.184539 0.888276 0.0001   7.9e-05
QR_4 1787068359.908148000 -1.000000   2.22045e-16 0.0299999 2.57732e-17   5.12991e-10 9.48721e-19 0.0001   7.9e-05
HR_6 1787068359.918148000 0.720076   -0.745618 0.274564 -0.501481   0.183534 0.885032 0.0001   0.00086
QR_4 1787068359.918148000 -1.000000   2.22045e-16 0.0299999 2.57732e-17   5.12991e-10 9.48721e-19 0.0001   0.00086
HR_6 1787068359.928148000 0.720129   -0.746033 0.274657 -0.50133   0.182853 0.88321 0.0001   4.9e-05
QR_4 1787068359.928148000 -1.000000   2.22045e-16 0.0299999 2.57732e-17   5.12991e-10 9.48721e-19 0.0001   4.9e-05
HR_6 1787068359.938148000 0.720150   -0.746543 0.274797 -0.501713   0.182028 0.880118 0.0001   3.7e-05
QR_4 1787068359.938148000 -1.000000   2.22045e-16 0.0299999 2.57732e-17   5.12991e-10 9.48721e-19 0.0001   3.7e-05
HR_6 1787068359.948149000 0.720135   -0.74695 0.274903 -0.50247   0.181564 0.876651 0.0001   3.9e-05
QR_4 1787068359.948149000 -1.000000   2.22045e-16 0.0299999 2.57732e-17   5.12991e-10 9.48721e-19 0.0001   3.9e-05
HR_6 1787068359.958149000 0.720092   -0.747048 0.27495 -0.503203   0.181495 0.874935 0.0001   5.6e-05
QR_4 1787068359.958149000 -1.000000   2.22045e-16 0.0299999 2.57732e-17   5.12991e-10 9.48721e-19 0.0001   5.6e-05
HR_6 1787068359.968149000 0.719971   -0.747074 0.275016 -0.504766   0.181572 0.872284 0.0001   3.1e-05
QR_4 1787068359.968149000 -1.000000   2.22045e-16 0.0299999 2.57732e-17   5.12991e-10 9.48721e-19 0.0001   3.1e-05
HR_6 1787068359.978149000 0.719809   -0.746978 0.275065 -0.506381   0.181779 0.870267 0.0001   0.000105
QR_4 1787068359.978149000 -1.000000   2.22045e-16 0.0299999 2.57732e-17   5.12991e-10 9.48721e-19 0.0001   0.000105
HR_6 1787068359.988149000 0.719651   -0.746963 0.275136 -0.506863   0.181449 0.870179 0.0001   1.7e-05
QR_4 1787068359.988149000 -1.000000   2.22045e-16 0.0299999 2.57732e-17   5.12991e-10 9.48721e-19 0.0001   1.7e-05
HR_6 1787068359.998149000 0.719522   -0.747057 0.275426 -0.505287   0.178964 0.87073 0.0001   1.9e-05
QR_4 1787068359.998149000 -1.000000   2.22045e-16 0.0299999 2.57732e-17   5.12991e-10 9.48721e-19 0.0001   1.9e-05
HR_6 1787068360.008149000 0.719362   -0.747277 0.275614 -0.504576   0.177435 0.871146 0.0001   7.8e-05
QR_4 1787068360.008149000 -1.000000   2.22045e-16 0.0299999 2.57732e-17   5.12991e-10 9.48721e-19 0.0001   7.8e-05
HR_6 1787068360.018149000 0.719116   -0.747458 0.27578 -0.504586   0.176302 0.871563 0.0001   8e-06
QR_4 1787068360.018149000 -1.000000   2.22045e-16 0.0299999 2.57732e-17   5.12991e-10 9.48721e-19 0.0001   8e-06
HR_6 1787068360.028149000 0.718881   -0.747442 0.275885 -0.505386   0.175845 0.871214 0.0001   1.6e-05
QR_4 1787068360.028149000 -1.000000   2.22045e-16 0.0299999 2.57732e-17   5.12991e-10 9.48721e-19 0.0001   1.6e-05
HR_6 1787068360.038149000 0.718646   -0.74729 0.27595 -0.506703   0.17584 0.870293 0.0001   1e-05
QR_4 1787068360.038149000 -1.000000   2.22045e-16 0.0299999 2.57732e-17   5.12991e-10 9.48721e-19 0.0001   1e-05
HR_6 1787068360.048150000 0.718445   -0.747102 0.275992 -0.507822   0.175928 0.869896 0.0001   3e-05
QR_4 1787068360.048150000 -1.000000   2.22045e-16 0.0299999 2.57732e-17   5.12991e-10 9.48721e-19 0.0001   3e-05
HR_6 1787068360.058150000 0.718170   -0.74683 0.27602 -0.50948   0.176133 0.868964 0.0001   0.000628
QR_4 1787068360.058150000 -1.000000   2.22045e-16 0.0299999 2.57732e-17   5.12991e-10 9.48721e-19 0.0001   0.000628
HR_6 1787068360.068150000 0.718060   -0.746691 0.276017 -0.510119   0.176371 0.86867 0.0001   0.000189
QR_4 1787068360.068150000 -1.000000   2.22045e-16 0.0299999 2.57732e-17   5.12991e-10 9.48721e-19 0.0001   0.000189
HR_6 1787068360.078150000 0.717796   -0.746268 0.276021 -0.51197   0.176954 0.86815 0.0001   2.2e-05
QR_4 1787068360.078150000 -1.000000   2.22045e-16 0.0299999 2.57732e-17   5.12991e-10 9.48721e-19 0.0001   2.2e-05
HR_6 1787068360.088150000 0.717602   -0.74594 0.276032 -0.513214   0.177321 0.867943 0.0001   3e-05
QR_4 1787068360.088150000 -1.000000   2.22045e-16 0.0299999 2.57732e-17   5.12991e-10 9.48721e-19 0.0001   3e-05
HR_6 1787068360.098150000 0.717461   -0.746119 0.276159 -0.514107   0.176792 0.866064 0.0001   2.7e-05
QR_4 1787068360.098150000 -1.000000   2.22045e-16 0.0299999 2.57732e-17   5.12991e-10 9.48721e-19 0.0001   2.7e-05
HR_6 1787068360.108150000 0.717325   -0.746389 0.276272 -0.514365   0.176097 0.865463 0.0001   0.002332
QR_4 1787068360.108150000 -1.000000   2.22045e-16 0.0299999 2.57732e-17   5.12991e-10 9.48721e-19 0.0001   0.002332
HR_6 1787068360.118150000 0.717226   -0.74655 0.276368 -0.514381   0.175442 0.865185 0.0001   3e-05
QR_4 1787068360.118150000 -1.000000   2.22045e-16 0.0299999 2.57732e-17   5.12991e-10 9.48721e-19 0.0001   3e-05
HR_6 1787068360.128150000 0.717086   -0.746645 0.276436 -0.514294   0.174947 0.864924 0.0001   2.4e-05
QR_4 1787068360.128150000 -1.000000   2.22045e-16 0.0299999 2.57732e-17   5.12991e-10 9.48721e-19 0.0001   2.4e-05
HR_6 1787068360.138150000 0.717003   -0.746677 0.276479 -0.514322   0.174661 0.865102 0.0001   0.000633
QR_4 1787068360.138150000 -1.000000   2.22045e-16 0.0299999 2.57732e-17   5.12991e-10 9.48721e-19 0.0001   0.000633
HR_6 1787068360.148151000 0.716879   -0.74664 0.276523 -0.514461   0.174408 0.865576 0.0001   3.5e-05
QR_4 1787068360.148151000 -1.000000   2.22045e-16 0.0299999 2.57732e-17   5.12991e-10 9.48721e-19 0.0001   3.5e-05
HR_6 1787068360.158151000 0.716792   -0.746553 0.276541 -0.514556   0.174314 0.866195 0.0001   1.7e-05
QR_4 1787068360.158151000 -1.000000   2.22045e-16 0.0299999 2.57732e-17   5.12991e-10 9.48721e-19 0.0001   1.7e-05
HR_6 1787068360.168151000 0.716653   -0.74633 0.276544 -0.515001   0.174438 0.866967 0.0001   4.1e-05
QR_4 1787068360.168151000 -1.000000   2.22045e-16 0.0299999 2.57732e-17   5.12991e-10 9.48721e-19 0.0001   4.1e-05
HR_6 1787068360.178151000 0.716583   -0.746177 0.276532 -0.515388   0.174643 0.867219 0.0001   3.9e-05
QR_4 1787068360.178151000 -1.000000   2.22045e-16 0.0299999 2.57732e-17   5.12991e-10 9.48721e-19 0.0001   3.9e-05
HR_6 1787068360.188151000 0.716506   -0.745812 0.276457 -0.516238   0.175432 0.86745 0.0001   6.7e-05
QR_4 1787068360.188151000 -1.000000   2.22045e-16 0.0299999 2.57732e-17   5.12991e-10 9.48721e-19 0.0001   6.7e-05
HR_6 1787068360.198151000 0.716460   -0.74572 0.276458 -0.516279   0.175413 0.867573 0.0001   0.000182
QR_4 1787068360.198151000 -1.000000   2.22045e-16 0.0299999 2.57732e-17   5.12991e-10 9.48721e-19 0.0001   0.000182
HR_6 1787068360.208151000 0.716446   -0.745743 0.276471 -0.516282   0.175321 0.867542 0.0001   5.6e-05
QR_4 1787068360.208151000 -1.000000   2.22045e-16 0.0299999 2.57732e-17   5.12991e-10 9.48721e-19 0.0001   5.6e-05
HR_6 1787068360.218151000 0.716434   -0.745854 0.276507 -0.516354   0.175098 0.866652 0.0001   0.001269
QR_4 1787068360.218151000 -1.000000   2.22045e-16 0.0299999 2.57732e-17   5.12991e-10 9.48721e-19 0.0001   0.001269
HR_6 1787068360.228151000 0.716442   -0.746082 0.276555 -0.516376   0.174781 0.865369 0.0001   2.9e-05
QR_4 1787068360.228151000 -1.000000   2.22045e-16 0.0299999 2.57732e-17   5.12991e-10 9.48721e-19 0.0001   2.9e-05
HR_6 1787068360.238151000 0.716381   -0.746184 0.276613 -0.516843   0.174529 0.864276 0.0001   0.000523
QR_4 1787068360.238151000 -1.000000   2.22045e-16 0.0299999 2.57732e-17   5.12991e-10 9.48721e-19 0.0001   0.000523
HR_6 1787068360.248152000 0.716241   -0.746218 0.276689 -0.517355   0.174169 0.863811 0.0001   3.1e-05
QR_4 1787068360.248152000 -1.000000   2.22045e-16 0.0299999 2.57732e-17   5.12991e-10 9.48721e-19 0.0001   3.1e-05
HR_6 1787068360.258152000 0.716169   -0.746215 0.276722 -0.517647   0.174034 0.863602 0.0001   3.9e-05
QR_4 1787068360.258152000 -1.000000   2.22045e-16 0.0299999 2.57732e-17   5.12991e-10 9.48721e-19 0.0001   3.9e-05
HR_6 1787068360.268152000 0.715979   -0.746144 0.276788 -0.518471   0.173841 0.863197 0.0001   5e-06
QR_4 1787068360.268152000 -1.000000   2.22045e-16 0.0299999 2.57732e-17   5.12991e-10 9.48721e-19 0.0001   5e-06
HR_6 1787068360.278152000 0.715864   -0.746036 0.276811 -0.518897   0.17382 0.863408 0.0001   5.3e-05
QR_4 1787068360.278152000 -1.000000   2.22045e-16 0.0299999 2.57732e-17   5.12991e-10 9.48721e-19 0.0001   5.3e-05
HR_6 1787068360.288152000 0.715794   -0.746279 0.276862 -0.519233   0.173573 0.862794 0.0001   0.001541
QR_4 1787068360.288152000 -1.000000   2.22045e-16 0.0299999 2.57732e-17   5.12991e-10 9.48721e-19 0.0001   0.001541
HR_6 1787068360.298152000 0.715831   -0.746655 0.276923 -0.519159   0.173134 0.86155 0.0001   2.7e-05
QR_4 1787068360.298152000 -1.000000   2.22045e-16 0.0299999 2.57732e-17   5.12991e-10 9.48721e-19 0.0001   2.7e-05
HR_6 1787068360.308152000 0.715846   -0.746817 0.276939 -0.518962   0.172958 0.860725 0.0001   0.000486
QR_4 1787068360.308152000 -1.000000   2.22045e-16 0.0299999 2.57732e-17   5.12991e-10 9.48721e-19 0.0001   0.000486
HR_6 1787068360.318152000 0.715875   -0.747059 0.276987 -0.518658   0.172535 0.860013 0.0001   7.9e-05
QR_4 1787068360.318152000 -1.000000   2.22045e-16 0.0299999 2.57732e-17   5.12991e-10 9.48721e-19 0.0001   7.9e-05
HR_6 1787068360.328152000 0.715874   -0.74715 0.277004 -0.518425   0.172348 0.859966 0.0001   5.3e-05
QR_4 1787068360.328152000 -1.000000   2.22045e-16 0.0299999 2.57732e-17   5.12991e-10 9.48721e-19 0.0001   5.3e-05
HR_6 1787068360.338152000 0.715886   -0.747194 0.277011 -0.518398   0.172289 0.859765 0.0001   0.000112
QR_4 1787068360.338152000 -1.000000   2.22045e-16 0.0299999 2.57732e-17   5.12991e-10 9.48721e-19 0.0001   0.000112
HR_6 1787068360.348153000 0.715876   -0.747085 0.276984 -0.518657   0.172557 0.859772 0.0001   4e-05
QR_4 1787068360.348153000 -1.000000   2.22045e-16 0.0299999 2.57732e-17   5.12991e-10 9.48721e-19 0.0001   4e-05
HR_6 1787068360.358153000 0.715827   -0.746943 0.276967 -0.519164   0.17284 0.859629 0.0001   0.001853
QR_4 1787068360.358153000 -1.000000   2.22045e-16 0.0299999 2.57732e-17   5.12991e-10 9.48721e-19 0.0001   0.001853
HR_6 1787068360.368148000 0.715733   -0.746728 0.276949 -0.519876   0.173184 0.859626 0.0001   3e-06
QR_4 1787068360.368148000 -1.000000   2.22045e-16 0.0299999 2.57732e-17   5.12991e-10 9.48721e-19 0.0001   3e-06
HR_6 1787068360.378149000 0.715614   -0.746568 0.277071 -0.520083   0.172399 0.858376 0.0001   0.001827
QR_4 1787068360.378149000 -1.000000   2.22045e-16 0.0299999 2.57732e-17   5.12991e-10 9.48721e-19 0.0001   0.001827
HR_6 1787068360.388149000 0.715455   -0.746458 0.27711 -0.520971   0.172411 0.857827 0.0001   0.000103
QR_4 1787068360.388149000 -1.000000   2.22045e-16 0.0299999 2.57732e-17   5.12991e-10 9.48721e-19 0.0001   0.000103
HR_6 1787068360.398149000 0.715264   -0.746421 0.277198 -0.521712   0.171986 0.857401 0.0001   5.6e-05
QR_4 1787068360.398149000 -1.000000   2.22045e-16 0.0299999 2.57732e-17   5.12991e-10 9.48721e-19 0.0001   5.6e-05
HR_6 1787068360.408149000 0.715124   -0.746414 0.277261 -0.522157   0.17169 0.857249 0.0001   3.2e-05
QR_4 1787068360.408149000 -1.000000   2.22045e-16 0.0299999 2.57732e-17   5.12991e-10 9.48721e-19 0.0001   3.2e-05
HR_6 1787068360.418149000 0.715006   -0.746465 0.277329 -0.522704   0.17139 0.85654 0.0001   3e-05
QR_4 1787068360.418149000 -1.000000   2.22045e-16 0.0299999 2.57732e-17   5.12991e-10 9.48721e-19 0.0001   3e-05
HR_6 1787068360.428149000 0.714973   -0.746745 0.277425 -0.523354   0.170927 0.854096 0.0001   4.3e-05
QR_4 1787068360.428149000 -1.000000   2.22045e-16 0.0299999 2.57732e-17   5.12991e-10 9.48721e-19 0.0001   4.3e-05
HR_6 1787068360.438149000 0.714944   -0.74708 0.277492 -0.523887   0.170629 0.852299 0.0001   3.6e-05
QR_4 1787068360.438149000 -1.000000   2.22045e-16 0.0299999 2.57732e-17   5.12991e-10 9.48721e-19 0.0001   3.6e-05
HR_6 1787068360.448149000 0.714879   -0.747582 0.277627 -0.523651   0.169619 0.851273 0.0001   5.8e-05
QR_4 1787068360.448149000 -1.000000   2.22045e-16 0.0299999 2.57732e-17   5.12991e-10 9.48721e-19 0.0001   5.8e-05
HR_6 1787068360.458149000 0.714806   -0.747951 0.277766 -0.523456   0.168596 0.850364 0.0001   2.1e-05
QR_4 1787068360.458149000 -1.000000   2.22045e-16 0.0299999 2.57732e-17   5.12991e-10 9.48721e-19 0.0001   2.1e-05
HR_6 1787068360.468150000 0.714743   -0.748173 0.277858 -0.523469   0.167965 0.849642 0.0001   0.002267
QR_4 1787068360.468150000 -1.000000   2.22045e-16 0.0299999 2.57732e-17   5.12991e-10 9.48721e-19 0.0001   0.002267
HR_6 1787068360.478150000 0.714686   -0.748335 0.27793 -0.52336   0.167429 0.849423 0.0001   0.000729
QR_4 1787068360.478150000 -1.000000   2.22045e-16 0.0299999 2.57732e-17   5.12991e-10 9.48721e-19 0.0001   0.000729
HR_6 1787068360.488150000 0.714589   -0.748441 0.277998 -0.523359   0.166959 0.84932 0.0001   4.7e-05
QR_4 1787068360.488150000 -1.000000   2.22045e-16 0.0299999 2.57732e-17   5.12991e-10 9.48721e-19 0.0001   4.7e-05
HR_6 1787068360.498150000 0.714446   -0.748424 0.278058 -0.523962   0.166728 0.848877 0.0001   3.6e-05
QR_4 1787068360.498150000 -1.000000   2.22045e-16 0.0299999 2.57732e-17   5.12991e-10 9.48721e-19 0.0001   3.6e-05
HR_6 1787068360.508150000 0.714258   -0.748267 0.278081 -0.525119   0.166922 0.847789 0.0001   0.001787
QR_4 1787068360.508150000 -1.000000   2.22045e-16 0.0299999 2.57732e-17   5.12991e-10 9.48721e-19 0.0001   0.001787
HR_6 1787068360.518150000 0.714114   -0.748085 0.278095 -0.525928   0.167075 0.847579 0.0001   5e-06
QR_4 1787068360.518150000 -1.000000   2.22045e-16 0.0299999 2.57732e-17   5.12991e-10 9.48721e-19 0.0001   5e-06
HR_6 1787068360.528150000 0.713877   -0.747797 0.278112 -0.527041   0.167294 0.847708 0.0001   2.2e-05
QR_4 1787068360.528150000 -1.000000   2.22045e-16 0.0299999 2.57732e-17   5.12991e-10 9.48721e-19 0.0001   2.2e-05
HR_6 1787068360.538150000 0.713695   -0.7475 0.278111 -0.528028   0.167603 0.847964 0.0001   3.4e-05
QR_4 1787068360.538150000 -1.000000   2.22045e-16 0.0299999 2.57732e-17   5.12991e-10 9.48721e-19 0.0001   3.4e-05
HR_6 1787068360.548150000 0.713469   -0.747135 0.27817 -0.528563   0.167281 0.84771 0.0001   4.7e-05
QR_4 1787068360.548150000 -1.000000   2.22045e-16 0.0299999 2.57732e-17   5.12991e-10 9.48721e-19 0.0001   4.7e-05
HR_6 1787068360.558150000 0.713262   -0.746861 0.278242 -0.529097   0.166909 0.84766 0.0001   4.7e-05
QR_4 1787068360.558150000 -1.000000   2.22045e-16 0.0299999 2.57732e-17   5.12991e-10 9.48721e-19 0.0001   4.7e-05
HR_6 1787068360.568151000 0.713118   -0.746745 0.278316 -0.529363   0.166475 0.847732 0.0001   2e-05
QR_4 1787068360.568151000 -1.000000   2.22045e-16 0.0299999 2.57732e-17   5.12991e-10 9.48721e-19 0.0001   2e-05
HR_6 1787068360.578151000 0.712930   -0.746546 0.278344 -0.529766   0.166404 0.848713 0.0001   1.9e-05
QR_4 1787068360.578151000 -1.000000   2.22045e-16 0.0299999 2.57732e-17   5.12991e-10 9.48721e-19 0.0001   1.9e-05
HR_6 1787068360.588151000 0.712833   -0.746416 0.27835 -0.530078   0.166461 0.849145 0.0001   0.000185
QR_4 1787068360.588151000 -1.000000   2.22045e-16 0.0299999 2.57732e-17   5.12991e-10 9.48721e-19 0.0001   0.000185
HR_6 1787068360.598151000 0.712639   -0.746366 0.2785 -0.529882   0.16538 0.849816 0.0001   0.001509
QR_4 1787068360.598151000 -1.000000   2.22045e-16 0.0299999 2.57732e-17   5.12991e-10 9.48721e-19 0.0001   0.001509
HR_6 1787068360.608151000 0.712566   -0.746391 0.278536 -0.529722   0.165087 0.850362 0.0001   3.1e-05
QR_4 1787068360.608151000 -1.000000   2.22045e-16 0.0299999 2.57732e-17   5.12991e-10 9.48721e-19 0.0001   3.1e-05
HR_6 1787068360.618151000 0.712423   -0.746393 0.278548 -0.529226   0.164859 0.850802 0.0001   4.1e-05
QR_4 1787068360.618151000 -1.000000   2.22045e-16 0.0299999 2.57732e-17   5.12991e-10 9.48721e-19 0.0001   4.1e-05
HR_6 1787068360.628151000 0.712330   -0.746262 0.278548 -0.529281   0.164875 0.851639 0.0001   2e-05
QR_4 1787068360.628151000 -1.000000   2.22045e-16 0.0299999 2.57732e-17   5.12991e-10 9.48721e-19 0.0001   2e-05
HR_6 1787068360.638151000 0.712238   -0.74608 0.278538 -0.529675   0.165069 0.852126 0.0001   1.7e-05
QR_4 1787068360.638151000 -1.000000   2.22045e-16 0.0299999 2.57732e-17   5.12991e-10 9.48721e-19 0.0001   1.7e-05
HR_6 1787068360.648151000 0.712120   -0.745842 0.278524 -0.530137   0.165307 0.852883 0.0001   6.6e-05
QR_4 1787068360.648151000 -1.000000   2.22045e-16 0.0299999 2.57732e-17   5.12991e-10 9.48721e-19 0.0001   6.6e-05
HR_6 1787068360.658151000 0.711928   -0.745364 0.278469 -0.531161   0.166002 0.853801 0.0001   2.7e-05
QR_4 1787068360.658151000 -1.000000   2.22045e-16 0.0299999 2.57732e-17   5.12991e-10 9.48721e-19 0.0001   2.7e-05
HR_6 1787068360.668152000 0.711873   -0.74533 0.278527 -0.531307   0.165686 0.853944 0.0001   0.000198
QR_4 1787068360.668152000 -1.000000   2.22045e-16 0.0299999 2.57732e-17   5.12991e-10 9.48721e-19 0.0001   0.000198
HR_6 1787068360.678152000 0.711789   -0.745389 0.278594 -0.531516   0.165283 0.853474 0.0001   2.8e-05
QR_4 1787068360.678152000 -1.000000   2.22045e-16 0.0299999 2.57732e-17   5.12991e-10 9.48721e-19 0.0001   2.8e-05
HR_6 1787068360.688152000 0.711694   -0.745319 0.278613 -0.531817   0.165235 0.853628 0.0001   2.5e-05
QR_4 1787068360.688152000 -1.000000   2.22045e-16 0.0299999 2.57732e-17   5.12991e-10 9.48721e-19 0.0001   2.5e-05
HR_6 1787068360.698152000 0.711638   -0.745219 0.27861 -0.532135   0.16535 0.85372 0.0001   2.7e-05
QR_4 1787068360.698152000 -1.000000   2.22045e-16 0.0299999 2.57732e-17   5.12991e-10 9.48721e-19 0.0001   2.7e-05
HR_6 1787068360.708152000 0.711626   -0.7453 0.278623 -0.532422   0.16518 0.853659 0.0001   2.3e-05
QR_4 1787068360.708152000 -1.000000   2.22045e-16 0.0299999 2.57732e-17   5.12991e-10 9.48721e-19 0.0001   2.3e-05
HR_6 1787068360.718152000 0.711656   -0.74559 0.278635 -0.53244   0.165104 0.853063 0.0001   0.000399
QR_4 1787068360.718152000 -1.000000   2.22045e-16 0.0299999 2.57732e-17   5.12991e-10 9.48721e-19 0.0001   0.000399
HR_6 1787068360.728152000 0.711777   -0.745982 0.278667 -0.531785   0.164699 0.852175 0.0001   4.4e-05
QR_4 1787068360.728152000 -1.000000   2.22045e-16 0.0299999 2.57732e-17   5.12991e-10 9.48721e-19 0.0001   4.4e-05
HR_6 1787068360.738152000 0.711862   -0.746212 0.278696 -0.531308   0.16436 0.851636 0.0001   0.001134
QR_4 1787068360.738152000 -1.000000   2.22045e-16 0.0299999 2.57732e-17   5.12991e-10 9.48721e-19 0.0001   0.001134
HR_6 1787068360.748152000 0.711920   -0.746386 0.278683 -0.530873   0.164329 0.850968 0.0001   1.5e-05
QR_4 1787068360.748152000 -1.000000   2.22045e-16 0.0299999 2.57732e-17   5.12991e-10 9.48721e-19 0.0001   1.5e-05
HR_6 1787068360.758152000 0.711966   -0.746443 0.27868 -0.531184   0.164452 0.849813 0.0001   2.8e-05
QR_4 1787068360.758152000 -1.000000   2.22045e-16 0.0299999 2.57732e-17   5.12991e-10 9.48721e-19 0.0001   2.8e-05
HR_6 1787068360.768153000 0.711978   -0.746359 0.278644 -0.531946   0.164938 0.848453 0.0001   3.2e-05
QR_4 1787068360.768153000 -1.000000   2.22045e-16 0.0299999 2.57732e-17   5.12991e-10 9.48721e-19 0.0001   3.2e-05
HR_6 1787068360.778153000 0.711952   -0.746255 0.278629 -0.532531   0.165235 0.847851 0.0001   2e-06
QR_4 1787068360.778153000 -1.000000   2.22045e-16 0.0299999 2.57732e-17   5.12991e-10 9.48721e-19 0.0001   2e-06
HR_6 1787068360.788153000 0.711942   -0.746312 0.278646 -0.532489   0.165113 0.847814 0.0001   0.002253
QR_4 1787068360.788153000 -1.000000   2.22045e-16 0.0299999 2.57732e-17   5.12991e-10 9.48721e-19 0.0001   0.002253
HR_6 1787068360.798149000 0.711949   -0.746316 0.278644 -0.532457   0.165119 0.847819 0.0001   2e-06
QR_4 1787068360.798149000 -1.000000   2.22045e-16 0.0299999 2.57732e-17   5.12991e-10 9.48721e-19 0.0001   2e-06
HR_6 1787068360.808150000 0.711970   -0.746388 0.27868 -0.532504   0.164936 0.847312 0.0001   3.7e-05
QR_4 1787068360.808150000 -1.000000   2.22045e-16 0.0299999 2.57732e-17   5.12991e-10 9.48721e-19 0.0001   3.7e-05
HR_6 1787068360.818150000 0.711938   -0.746399 0.278679 -0.532782   0.165024 0.846639 0.0001   4e-05
QR_4 1787068360.818150000 -1.000000   2.22045e-16 0.0299999 2.57732e-17   5.12991e-10 9.48721e-19 0.0001   4e-05
HR_6 1787068360.828150000 0.711945   -0.746558 0.27869 -0.532836   0.164962 0.846255 0.0001   2.2e-05
QR_4 1787068360.828150000 -1.000000   2.22045e-16 0.0299999 2.57732e-17   5.12991e-10 9.48721e-19 0.0001   2.2e-05
HR_6 1787068360.838150000 0.712056   -0.746955 0.278679 -0.532673   0.164997 0.84538 0.0001   1.3e-05
QR_4 1787068360.838150000 -1.000000   2.22045e-16 0.0299999 2.57732e-17   5.12991e-10 9.48721e-19 0.0001   1.3e-05
HR_6 1787068360.848150000 0.712432   -0.747256 0.27859 -0.531357   0.165239 0.844733 0.0001   4e-05
QR_4 1787068360.848150000 -1.000000   2.22045e-16 0.0299999 2.57732e-17   5.12991e-10 9.48721e-19 0.0001   4e-05
